原始文本	情绪化推理	以偏概全	乱贴标签	读心术	先知错误	非此即彼	应该句式	放大	罪责归己	心理过滤
Where most people our age would worry about their jobs, bills, retirement and so on, she is only concerned with makeup, hair, music and her friends. She is also extremely gullible.	0	0	0	0	0	0	1	0	0	0
I’ve lived with my aunt for over 6 years and the past 4 have been hell she yells at me constantly and sometimes hits me.	0	1	0	0	0	0	0	0	0	0
I never feel fully rested no matter how much I sleep and I generally feel overwhelmed in life.	0	1	0	0	0	0	0	0	0	0
At first I tried to help and it wasn’t easy as I was feeling depressed but i always put him first. But, I thought about what would happen if he killed himself and now I want him to do it, I want him to die.	0	0	0	0	0	1	0	0	0	0
Most of the times I can’t hold a normal conversation (I talk to others but not as much as I’d like to) and feel that I’m lacking concentration or don’t give enough attention to others and what they are telling me.	0	0	0	0	0	0	0	0	1	0
I find them extremely sexually arousing and I can’t help myself but thinking about them.I’m worried about how later in life, if this will go away or not. I know this is horrible, and I even feel guilty constantly, but I can’t seem to help it.	1	0	0	0	0	0	0	0	0	0
I feel like there is no hope. He constantly does things to self-sabotage and is not helping himself.	0	0	0	0	1	0	0	0	0	1
But I somehow still are very sensitive towards my emotions and anything around me that sound like death depression, sadness, suicide or stuff like that. That stuff scares me. For example, when somebody is making a joke about me I instantly check myself to make sure I am not sad or mad or anything.	0	0	0	0	0	0	0	0	0	1
To me most probable reasons for him proposing me 1. he felt guilty towards me 2. He eventually thought me best suitable out of the proposals he received for marriage and as he knew that I loved him might have thought me to be submissive to him and follow him blindly for whatever he says.	0	0	0	1	0	0	0	0	0	0
On one hand, I’m sad and guilty because of my impolite talking and nagging; on the other hand, I believe that person is the one that made me mad and he/she deserved my rude words.	0	0	0	0	0	0	0	0	1	0
Though they both see psychiatrists for meds, neither are in therapy anymore since “it doesn’t work.”	0	1	0	0	0	0	0	0	0	0
I’m 17 now and should be off to university next year, but I’m so scared I don’t know if I should. I have a history of depression, really bad self-esteem, and I know I show many symptoms of OCD and anxiety, specifically GAD. The thought of going to university at this point terrifies me as I am worrying that all of my problems will get worse and worse to the point that I can’t cope anymore.	0	0	0	0	1	0	1	0	0	0
I’m the clown in my circle of friends and the “crazy energetic optimistic person” that cheers people up.	0	0	1	0	0	0	0	0	0	0
And I feel I will never be the type of man she truly adores, not a talented and poetic, famous musician	0	0	0	1	0	0	0	0	0	0
I enjoy getting in relationships only to completely destroy the person later on. Or well, not really. I enjoy it in the moment. I get all gittery and giggly and I feel really good inside. It’s not a sexual thing either, it’s just fun. I feel like life without hurting others would be boring and mundane.	1	0	0	0	0	0	0	0	0	0
What I remember really distinctly is assuming everyone else was going through the same thing.	0	0	0	1	0	0	0	0	0	0
Especially at night time where I think what if I am not really here, everything seems strange and weird around me. Not as much as that night that I took the syroup but sort of. IT’s just these thoughts are scaring me and make me think that I might be getting schizophrenia , or the onset of it…	0	1	0	0	0	0	0	0	0	0
First, I’ve always had a ton of stress, depression, and anxiety from being raised by dysfunctional parents (which persists), along with other things.	0	0	1	0	0	0	0	0	0	0
I have been divorced for 11 years and I really don’t know who I am since I no longer am a hands on mother.I am lonely, confused and miserable. I am desparately trying to hang on.	0	0	1	0	0	1	0	0	0	0
I feel numb or sad, and I also feel really worried that my boyfriend doesn’t like me anymore or is cheating (though he has given no reason for me to feel this way).	0	0	0	1	0	0	0	0	0	0
i used to go out with my friends a lot, but i now spend a lot of time in my room on my laptop, but even when i do go out, i find it very very hard to keep a conversation going, and if i either drink or smoke weed, i just go into a completely depressed state and will not talke at all.	0	0	0	0	0	0	0	0	0	1
She is now in her late thirties and abuses herself, she has always had problems with personal relationships and lashes out at her family.	0	1	0	0	0	0	0	0	0	0
Recently, I have been worried about one day going insane and not being able to control it.	0	0	0	0	1	0	0	0	0	0
I have also became extremely introverted and since my exams finished, more than a month ago, have only really talked to one of my friends and seem to have dug a hole I cant get out of.	0	0	0	0	1	0	0	1	0	0
I feel incredibly sorry about everything I have done to push him away in the relationship.	0	0	0	0	0	0	0	0	1	0
Now I’m fat I do everything but I can lose some weight everyday my weight is changing. I can’t focus on my study also I don’t have a desire to know new people. please help me because now I can’t even going to cinema I scared to know anyone because I can’t speak.	0	0	0	0	0	1	0	0	0	1
It seems from day one my husband has put his mother’s feelings ahead of mine.  I can’t forget it and it keeps coming up all the time.	0	1	0	0	0	0	0	1	0	0
I don’t know if I’m delusional or a genius.	0	0	0	0	0	1	0	0	0	0
I am concerned that if I can’t control my impulses to something as innocent as a kitten, what can happen in the future towards my daughter?	0	0	0	0	1	0	0	0	0	0
In fact, I believe that my father planned everything before escaping back to his home country instead of “searching for work” there.	1	0	0	0	0	0	0	0	0	0
However, we never met except for twice, though she hangs out almost freely with friends, but she never hangs out with me or even talk to me on the phone because she says that I rise her level of anxiety, she seems to be uncaring and selfish, I can never let out any negative feelings of mine with her because it rises her anxiety and she acts uncaring and selfish, and she turns the table around to make her the center of the situation, I had a surgery last week and guess what, she went to the movies the same day.   I don’t know if she’s toxic or not, but I can’t leave the relationship because i’m afraid she would suicide or harm herself in anyway. 	0	0	1	0	1	0	0	0	0	0
Also, he gets very angry for no reason at me or my husband or people that have not directly done anything to harm him. He can get angry from the slightest thing. He seems to have trouble sleeping, and he says it is from thinking of something really said or worrying, and he cannot stop thinking about it. Girls do not hang out with him, but with many of the richer more popular boys, they like. 	0	0	1	0	0	0	0	0	0	1
I believe I have less severe form of social anxiety as I find it really hard to start conversations and I don’t express myself because I think I’m weird and different and people will judge.	0	0	1	1	0	0	0	0	0	0
Sometimes I have my mother sleep with me just in case I die in my sleep (I don’t want to die alone) I cannot even describe how I feel.	0	0	0	0	1	0	0	0	0	0
I get upset and/or hurt way too easily by other people, and often over trivial things.	0	0	0	0	0	0	1	0	0	0
changed his Facebook status to single after we had been intimate & denied it even tho he knew I looked at his page, did it to anger me,	0	0	0	1	0	0	0	0	0	0
I refused to go because I didn’t know if it was going to go on my record which could possibly affect my dreams of becoming a psychiatrist.I have a major fear of choking and drowningIt seems like everytime I get so close of beating in, I get nocked right back down to the bottom.	1	0	0	0	1	0	0	0	0	0
 One of my therapist I literally feel he kidnapped me from my body with my mother and created an induced schizophrenia and rape us.	1	0	0	0	0	0	0	0	0	0
and there have been times where i figured why should i even live that nothing i ever do is good enough. i mostly feel like a failure sometimes.	0	0	1	0	0	1	0	0	0	0
And ive been obssesing her for already three months now and it really cause me an enormous distress and distractions.	0	0	0	0	0	0	0	1	0	0
I’m not sure what I can do, to help him and us. I feel like I’m going to literally lose my mind on a daily basis. I end up snapping at everyone or not dealing with normal issues, because I feel so overwhelmed.	1	0	0	0	0	0	0	1	0	0
I’m really scared to what I might do if my family keeps this non-supportive attitude…	0	0	0	0	1	0	0	0	0	0
I think he suffers from depression. He does his works very slowly. He has so few friends and has not any special fun except listening to classic music and watching movie. He says that he wakes up easily by a weak sound at night.	0	0	0	0	0	0	0	1	0	0
I’m too young to be worrying about my life the way I do.  But i also am angry all the time towards my mother. she grosses me out but i cant control it.	0	0	0	0	0	0	1	0	1	0
my family always tries to tell me WHY i shouldnt feel a certain way and it makes it worse.	0	0	0	0	0	0	0	1	0	0
They laugh that I spend my time searching up universities in other countries because I want to get far, far away from here. Even the school counselor laughs at me, and I feel like I’m not worth saying that I have problems.	0	0	0	1	0	0	0	0	0	0
My second husband does not seem to like my son.He doesn’t say much to my son. He does not say many negative things to him, but he constantly complains to me. He complains over simple issues like he drank all the soda.	0	0	0	1	0	0	0	0	0	0
During this time I was recruited to many great jobs but was scared to take them and instead started my own dot-com business.	0	0	0	0	1	0	0	0	0	0
I hate being touched, Don’t care about others feelings or what they are doing, Will always assume I am being lied to.	0	0	0	1	0	0	0	0	0	0
I am struggling enough to cope with me and my own feelings but I’m afraid he is the quiet horse that will not be able to pull himself out.	0	0	0	1	0	0	0	0	0	0
they don’t exist to her but the moment she can talk about me she will bring up how she doesn’t see them etc	0	0	0	0	0	0	0	1	0	0
I rarely ever go out and I’ve never had any friends in school.	0	1	0	0	0	0	0	0	0	0
For as long as I can remember I’ve always been depressed. 	0	0	0	0	0	0	0	0	0	1
People are trying to read my mind and steal my thoughts, and I hear voices of people telling me to do terrible things.	0	0	0	1	0	0	0	0	0	0
I have obsessive thoughts every single day, about my job, about my weight, my friends, my studies in university.	0	0	0	0	0	0	0	0	0	1
I highly doubt a week-long break will cure this; I don’t want to insult him, but I’m not sure how to say that I think this is something he probably needs to speak to a professional about, and not deal with on his own.	0	0	0	0	1	0	0	0	0	0
This made me jealous of that person because I thought I was going to lose my fiancé.	0	0	0	0	1	0	0	0	0	0
And I’m starting to feel like I should just quit trying.	0	0	0	0	0	0	1	0	0	0
All my life, I have felt mostly ignored & criticized by my mother.They also seemed to have learned much, but I always felt a little deprived for some reason.	1	0	0	0	0	0	0	0	0	0
Now I’m stuck, I feel like a part of me is gone and I don’t belong anywhere,I feel like I want to go somewhere but don’t know where.	0	0	0	0	0	0	0	0	0	1
My friend died earlier 2011 of suicide; only a few months into the year as a matter of fact.This period after we stopped seeing one another at all is the Fall and Winter of 2010. I still tried to keep in touch via text, though today, I’m not sure whether those amounted too much more than “Can you hangout?” “Not this week, sorry.” “Ok.” which I’m frightened may be true, though part of me also wants to say that while some of the texts were like that, many many others were me striking up conversations and asking how her day or week was.	0	0	0	0	0	0	0	0	1	0
I can live happily but sometimes I just got this strong urge to kill someone. It feels like something is dragging me into a void and just takes control of me.   I am afraid of the reactions of my family since I pretended to be something Im not my whole life. I am also afraid to go see a Therapist, because they are professionals and Im not sure if I can keep the mask up or not.	0	0	0	0	1	1	0	0	0	0
Hello doctor — I hope I get an answer for my questions because I desperately need one the problem is not in me but my mother, two months ago mom called my dad and when the discussion was over she over heard him saying stuff to another woman, and since then she was shocked and my dad completely denies it but she won’t believe it the problem is she became like a different person, she stalks every move he does she took away his phone she’s suspicious about every little thing he does, no matter how he treats her she keeps giving him a hard time and never satisfied, she began talking to herself, she faints and starts screaming like a maniac, when she sleeps she wakes up in the middle of the night screaming and cursing dad, when I talk with her she never listens she keeps repeating the same thing saying she keeps replaying the words he said to that woman and its killing her and that she still can’t believe it and hopes that it’s just a nightmare she’ll wake up from and she starts questioning everything that has happened before, in short the home is a wreck dad is sick of everything, my little sisters are confused and I’m really worried about them, and mostly mom’s mental health I feel like she’s going crazy soon and its killing me no matter what we say to her she won’t listen she treats all of us badly, I just don’t know what to do I’m really worried and living a nightmare I hope I get some advice.	0	0	0	0	1	0	0	0	0	1
My father is a narcissistic, closed minded, very angry and play the victim role.  My mom is playing the victim role too and she’s too sensitive,pessimistic and lonely.	0	0	1	0	0	0	0	0	0	0
I worry about every little thing and i feel so depressed because of things that haven’t even happened.	0	0	0	0	0	0	0	0	0	1
You feel strange and different from everybody else (because you ‘are’ different).	0	0	1	0	0	0	0	0	0	0
I’m not trying to be offensive, stupid, ignorant, and I’m not self-diagnosing myself, either.  I feel like this obsession has lasted alot longer than my other recent obsessions, which usually last only a couple days or months.	0	0	1	0	0	0	0	0	0	1
Every time my boyfriend and I talk his son will interrupt the conversation with ANYHING rediculous, with any random question, saying its important. He needs it answered now! or will do anything to interrupt!	0	1	0	1	0	0	0	0	0	0
I’m 16 and I am going through extreme guilt and regret over 3 incidents.   I worry if she would tell her mom and put entire blame on me(as I was the older one) and then they would call the police and I would be called an abuser.	0	0	0	0	1	0	0	0	1	0
I am struggling at the moment and yet I am aware that I should be feeling good.	0	0	0	0	0	0	1	0	0	0
I have a lot of the symptoms, if not all of them.	0	1	0	0	0	0	0	0	0	0
I believe that I’ve got a mental illness, and that’s pretty obvious to me. The thing is that i also believe that i want to have one.	1	0	0	0	0	0	0	0	0	0
I had never seen a male therapist before but I didn’t mind, because I get along better with men anyway – and I also thought that I would benefit more from it, seeing that the reason I was there in the first place had to do with a man.	0	1	0	0	0	0	0	0	0	0
My relationship has always been in trouble because of my wife’s suspicious nature. She never trusts me on any thing and The problem is of so high magnitude that I am suffocated and very much frustrated all the time.	0	1	0	0	0	0	0	1	0	0
I’m aware that I’m a very shy person, and should work on my confident issues.  I’m scared to talk to my mom about it because I don’t want her to think that I’m being dramatic.	0	0	0	1	0	0	1	0	0	0
sometimes i feel like everyone thinks i’m ugly and dumb and other things, and other times i feel like i’m totally awesome.	0	0	0	1	0	0	0	0	0	0
But This happens too much and my son should not be treated this way.	0	0	0	0	0	0	1	0	0	0
I do like her and want to be with her because seems like it’s only natural that I would develop feelings for her, right? But even though she may not view me in that manner, isn’t it normal for friends to at least hug?	0	0	0	0	0	0	1	0	0	0
He told me as an older sister I should safe him from disasters with girls by letting him touch and kiss me so he wouldn’t look like a fool when he tried it.	0	0	0	0	0	0	1	0	0	0
I don’t know what it is, but I am certain that I need help: I really don’t know how to begin this or to just tell it all, so please bear with me.	0	1	0	0	0	0	0	0	0	0
If I tell him to stop talking to them, he’ll hate me.	0	0	0	1	1	0	0	0	0	0
He has terrible temper issues, any simple thing which is not as per his expectation causes him to get seriously mad and as per him he says that he turns into a totally different person, he says things that he doesn’t mean which kind of an emotional abuse to the other person, he does his best to hurt the person in front of him emotionally, and sometimes he hits anything in front of him -not people but things- he even hit his hand in the wall many times.	0	0	0	1	0	0	0	0	0	0
I feel as if the more I express myself, the more frightened I am to express myself, and I think it’s all because of what I did when I was in middle school.	1	0	0	0	0	0	0	0	0	0
When I was about 4-5 yrs old, a boy about 7 would take me into the closet and under the bed and take my pants down and touch me and put objects in my undies and say I had to leave it there for awhile. My memory of the rest is pretty hazy. But we were both just kids so it must be my fault just as much as his?	0	0	0	0	0	0	0	0	1	0
I broke up with my boyfriend about 3 months ago (about a month after school started), and ever since then, I feel very awkward when talking to anyone besides the people I have known for two years.  I am theorizing that breaking up with him has done something to my conscience, but I’m not entirely sure why.	0	0	0	0	0	0	0	0	1	0
I feel so lost and incapable of doing anything at all.	0	1	0	0	0	0	0	0	0	0
And im afraid because i know how bad i feel, and i dont want to be locked away forever.	0	0	0	0	0	0	0	1	0	0
Our relationship has never been the best, and as I grew older it only worsened, to the point I’m questioning whether they are abusive or I’m overreacting.	0	0	0	0	0	0	0	0	1	0
We used to be really good friends, but even then, I was constantly left out since two of them were best friends, the other two were best friends, and I was the extra. Lately, they’ve been starting to think I’m annoying.	0	0	0	1	0	0	0	0	0	0
I’ve Always been the kid that thinks there listening but is tapping there pencil staring out the window or moving my feet around which makes people around you mad. It takes me forever to read something i even have to read the questions close before i tAke it in.Im a good reader it’s just like my mind doesn’t know what it just read.	0	0	0	0	0	0	0	1	0	0
I don’t think this will ever stop.  I deeply regret it but I don’t want anyone to think that they could get away with tormenting me. 	0	0	0	0	1	0	0	0	0	0
I have been diagnosed with depression and have been taking anti-depressants for years but this has always remained with me for as long as I can remember.	0	0	0	0	0	0	0	0	0	1
I feel like I’m out of options and I’m worried about my younger sister of what she’ll think of the situation in the future.  I don’t know why I committed those actions of mine, but I believe bullying and watching inappropriate videos played a role. I recall being constantly bullied at school and tried to fit in the crowd. I don’t want to blame on anyone or my surroundings for the incident.	0	0	0	1	0	0	0	0	1	0
This year i’m not takking any anti-depressants because they never really helped. I have only a few exams left and then my master’s thesis, but i can’t do anything. i escape into fantasy and SF films and novels- the only thing that shuts me and the world out for some time.	0	1	0	0	0	0	0	0	0	1
i dont enjoy my life–i have more doctors than friends, my family is disgusted with how antisocial and isolated ive become. the only people i talk to are those i see online playing video games, my friends all go to school hours (if not states) away.	0	0	0	0	0	1	0	0	0	1
My emotions tend to cycle in order from being generaly content, to a lethargic, unmotivated, depressive “my future is hopeless no matter how hard a try” way of thinking.  It’s very stressful for my boyfriend, and it’s upsetting for me as well because he really shouldn’t have to deal with this kind of stress, and I feel my random crying and melancholy emotions are really unnecessary.	0	0	0	0	0	1	1	0	0	0
i feel like i cant go on much longer and i have no way of finding out if i need medical attention let alone getting any.	0	0	0	0	1	0	0	0	0	1
i had anxiety and fears of getting schizophrenia the whole time for 12 hours. this happened about 7 months ago. ever since then iv had to quit weed because it gave me panic attacks.	0	1	0	0	0	0	0	0	0	0
I feel like those things are getting worse fast.It feels like there are two “ME”s : one kind person and one mean, angry version of myself (I “bathe” in this anger and let it overwhelm me, it makes me feel powerful).	0	0	0	0	0	0	0	0	0	1
I don’t know why he is so put off by sex and my female parts. I know it’s not me. I know that I am fun, kinky, clean and full of passion. There has got to be something that is making him like this, either from a genetic reason or an experience in his life, or both.	0	0	1	0	0	0	0	0	1	0
Growing up my sister has always resented me, she’s bullied me throughout my life, even publicly shaming me on Facebook and Twitter regularly. She talks down to me in every conversation and makes nasty digs any chance she gets and doesn’t hold back in front of my parents.	0	1	0	0	0	0	0	0	0	0
It seems to have come to pass that I have lost all ability to feel emotions, other than a certain amount of anxiety and self loathing.	0	1	0	0	0	0	0	0	0	0
i am either always depressed, irritable or completely “done” with the world and feel as if no one could do anything to change my view or the world itself.	0	0	0	0	1	0	0	0	0	1
I’m dealing with life issues (largely, career), as people do, and the response I get from my parents is (what I consider) unsupportive, negligent and wholly unresponsive.	0	1	0	0	0	0	0	0	0	0
I was so disapointed on this celebrity childhood idol of mine for changing her image.	0	0	0	0	0	0	0	1	0	0
These seizures have ONLY occurred when extended family were present and she appeared to be ‘pouting’ for lack of perceived attention.	0	0	0	1	0	0	0	0	0	0
My research caused me to develop an anxiety about life and death. I feared that there’s nothing after this life.	0	0	0	0	0	0	0	1	0	0
I have always viewed sex as being a shameful act and the thought of talking to him has caused me such embarrassment that I’ve spent whole sessions with him without talking at all.	0	0	0	0	0	0	0	1	0	0
Also, I often find myself faced with a deep and powerful hatred toward myself and my mind is often consumed with the notion that I deserve to die. 	0	0	0	0	0	0	0	0	0	1
My entire way of thinking has changed.   I think my head will explode like a bomb.	0	1	0	0	0	0	0	0	0	0
The voice are always fimilar (someone she knows) Im very concerned about this and hope it has nothing to do with my pregnancy while on active duty.	0	0	0	0	0	0	0	0	1	0
So things seem to be looking up in his life, yet his mental state gets worse and worse. I told him that maybe they were misdiagnosed, and that seemed to ease his mind a bit.	0	0	0	1	0	0	0	0	0	0
I also have substance abuse problems, Im irrational and impulsive, and making common decisions is difficult.  The thought of seeking actual help, I know what I feel isn’t normal, but I fear what will become of me or my family if I go and completely honest.	0	0	1	0	0	0	1	0	0	0
I’m so devastated how could I be so stupid for over two years?	0	0	0	0	0	0	0	0	1	0
I think they’re lying, but have no idea why.	0	0	0	1	0	0	0	0	0	0
I get mad over every little thing he does like coming home late from work or when he says things that i shouldn’t be getting mad over.  I want to change and let all of the anger go, I know it’s not healthy which is why I want to change, I just don’t know how to…	0	0	0	0	0	0	1	0	0	1
Other things to note that might help with a diagnosis is that I have a tendency to catastrophize. For example, I feel like my husband’s family does not like me. I will stew about it until I become worried that they are going to kill me and leave my body somewhere.	0	0	0	0	1	0	0	1	0	0
 I have contemplated suicide, but not because I was depressed but because my life is routine and routine is boring and being bored is probably one of the worst feelings. 	0	0	0	0	0	0	0	0	0	1
is the his way of controlling me or hurting me ? Does he want her more?	0	1	0	0	0	0	0	0	0	0
I hate being considered a potential leader due to my traits. I hate them with a burning passion.	1	0	1	0	0	0	0	0	0	0
I’ve never asked or had the courage to seek for help before, mainly because I don’t want to be a burden to people and feel my ‘problem’ (if I have one) isn’t important.	0	0	0	0	0	0	0	1	0	0
 feel like I’m a waste of life and that I should just leave so I’d be out of their way. I bet nobody would miss me either. 	0	0	0	1	0	0	0	0	0	0
During the years, it became more and more obvious that I’m underweight.	0	0	1	0	0	0	0	0	0	0
I believe I’m a disappointment for these interests.	0	0	1	1	0	0	0	0	0	0
He doesn’t listen to anybody. If anyone tries to advice or criticize him, he stops having contact with that person like forever.	0	1	0	0	0	0	0	0	0	0
But she was very manipulative, controlling, and cruel.	0	0	1	0	0	0	0	0	0	0
I also noticed a change in my thinking patterns as my brain is never calm, I’m always imagining conversations with friends and family in my head or singing a song and obsessing over schizophrenia to the point I was making myself have paranoid schizophrenic thoughts, which could have possibly been my real thoughts.	0	1	0	0	0	0	0	0	0	0
But as soon as i step out of my house it feels as if im being watched by all these people around me.. they think im wrong.. im not a nice person.. It sort of haunts mei feel very scared of being misjudged.. And that’s what happens sometimes.. or may be all the time.. I don’t know how to stop worrying and get back my confidence..	0	0	0	1	1	0	0	0	0	0
I attributed his behavior to stress – he owned a business that has since failed	0	0	0	1	0	0	0	0	0	0
I had to call off work Friday because I can’t leave him alone at my apartment in fear he will do something and get me evicted, or worse. I’m at the end of my ropes and don’t know what to do.	0	0	0	0	1	0	0	0	0	0
I can’t stop imagining the life I don’t have.	0	1	0	0	0	0	0	0	0	0
For the next few days, everything would remind me of violence and horror images.  Even before that, I was afraid of reverting back to a child-like state, becoming a failure, etc.	0	0	0	0	1	0	0	0	0	1
I feel as if I have been becoming more and more dissociated. It’s very hard to explain. My brain feels foggy, fuzzy, and sometimes absent. My frontal lobe, to be exact, feels disconnected to the rest of my brain/fuzzy/hazy/heavy.	1	0	0	0	0	0	0	0	0	0
I also suffer from anxiety and in the last year and 2 years ago I’ve became really paranoid, about being pregnant without penetration, about my boyfriend cheating and about my mom cheating, and all were false.	0	0	0	0	0	0	0	0	0	1
She can’t understand why I’m mad at that and says I’m unforgiving.	0	0	0	1	0	0	0	0	0	0
When I feel annoyed or frustrated, I know in my head that it’s wrong and I shouldn’t be rude or distant but my body won’t listen.	0	0	0	0	0	0	1	0	0	0
It’s been so scary to go to sleep at night, because I’ve been afraid of not waking up in the morning.   I’m afraid (not meaning to be graphic) but I’m afraid that I’m going to be possessed and hurt myself in my sleep.  I’m absolutely terrified, I’m afraid that I’m going to die or develop some kind of psychosis. 	1	0	0	0	0	0	0	1	0	0
He seems to do it to make the others seem bad, and himself, the best.	0	0	0	1	0	0	0	0	0	0
If this goes on it might be too late before I even realize it and I do not want this to happen.	0	0	0	0	1	0	0	0	0	0
I felt betrayed, lonely, boring and flat to him.   I questioned our relationship everyday and it gave me anxiety.	0	0	1	0	0	0	0	0	0	1
I then think everybody hates me.	0	0	0	1	0	0	0	0	0	0
Everything just seems to be slipping out of my grasp lately. It’s all my fault most likely all i do is constantly worry about everything.	0	1	0	0	0	0	0	0	1	0
But I believe she is using it to cover up herself because she so insecure about herself.	0	0	0	1	0	0	0	0	0	0
I don’t know why these thoughts come up and they bother me a lot. I’m very scared of someone not caring enough about me.	1	0	0	0	0	0	0	1	0	0
Literally the only thing I desperately need is a prescription. Mainly I just don’t want to go through the horrific withdrawal effects. 	0	0	0	0	0	0	0	1	0	0
I have serious delusions, like every minute of every day I’m convinced I have a life threatening illness (STD’s even though I’ve never been sexually active, heart problems even though i’ve had a heart appointment and given the all clear and cancer because i’m paranoid) I HAVE HAD SERIOUS HALLUCINATIONS FOR THE PAST 4-5 YEARS THAT I AM CONVINCED ARE TRYING TO KILL ME.	0	1	0	0	0	0	0	0	0	0
If my parents knew how much I am struggling they will put me in Inpatient and that means no more college and I will lose my scholarship.	0	0	0	0	1	0	0	0	0	0
Sometimes i have weeks where i will cry everyday, become angry and sometimes to the extent of hurting myself. Then i’ll have days where i am happy and it seems like everything is fine. I am very sensitive to critism, and even the smallest of things can upset me. I am a very shy person because i get very anxious, nervous and my heart will start beating really fast when talking to people i hardly know or dont know at all, which has recently become a problem and has affected school assignments where we have to do oral presentations. I have trouble staying focused sometimes.	0	0	1	0	0	0	0	0	0	0
For most of my life, but recently in the past 8 years I’ve noticed I can’t handle stress as well as my peers. I crack easily under pressure when I’m presented with a very difficult academic task.I worry that I will fail a class or if I don’t finish my homework I will get penalized. I also constantly worry about due dates of assignments and I find it difficult to stop worrying about it.	0	0	0	0	1	0	1	0	0	0
They didn’t want me to tell him because they thought he would think that was weird, but I had to because I knew it would get in the way of us trying anal sex which I had told him I would like to try with him.	0	0	0	0	1	0	0	0	0	0
I feel like I’ve lost all my direction and drive and my hopes for my future are once again slim.	0	0	0	0	1	0	0	1	0	0
I live with the new one but I am dying inside being away from the first.	0	0	0	0	0	0	0	1	0	0
But in that country, I could go outside and easily find my “type” of girl I’m attracted to.	1	0	0	0	0	0	0	0	0	0
i have problem with my temper and i grew up with a bad tempered father, i easily snapped when something really irritated me 	0	0	0	0	0	0	1	0	0	0
For example, I picked up what I thought was a seed off the floor and it was a bug. I jumped and it fell down the drain. I started obsessing with thoughts like “you know you’re a horrible person” and “if you can’t save a bug how can you expect to be seen as kind”.	0	0	0	0	0	0	0	1	1	0
So strange.	0	0	1	0	0	0	0	0	0	0
I just want my number one person to understand that family shouldn’t be this involved in your friend group etc	0	0	0	0	0	0	1	0	0	0
There is a blur in my life that I absolutely cannot remember. I can remember right before I started school, when I was 4 or 5. Then there is about 2 or 3 years that is completely lost. I have never though much about until here of late. It all centers around a place that me and my family stayed.I am just wondering if maybe my mind has blocked out the span of those years for a reason.	0	0	0	0	0	0	0	1	0	0
I would always cry and feel worthless because I always felt left out and thought they were getting closer to each other and they were going to leave me behind.	0	0	0	0	1	0	0	0	0	0
She’s trying to justify her lack of action with the potential effect that leaving his dad may have on him.	0	0	0	1	0	0	0	0	0	0
I know according to society and psychology that should bother me, but it doesn’t.	0	0	0	0	0	0	1	0	0	0
I really hate gaining weight and I’m can’t stop thinking about it. The thing is that every time I start fasting I can’t complete the goal that I set and it makes me hate myself even more.   I’m very sensitive to failing at things due to school and I feel like a disappointment to my family especially my mom.	0	0	0	0	0	0	0	1	0	1
I’m only 13, and when I think about the stuff I’m about to write, I feel like I’m just like all the other kids who want attention so they exaggerate their problems.	1	0	0	0	0	0	0	0	0	0
My girlfriend is undiagnosed. However, displays every symptom of the paranoid personality disorder.	0	1	0	0	0	0	0	0	0	0
I always worry about my relationships with my friends and other people and always conclude things about other people’s actions or thoughts causing me to act upon somethings or situation then regretting acting that way afterwards or act in the wrong way.	0	0	0	1	0	0	0	0	0	0
I’m good at hiding as everyone perceives me to be a charming, responsible and normal guy. 	0	0	0	1	0	0	0	0	0	0
It feels like the earth is moving, I tend to twitch my body parts (etc: head,palms) and have an extreme anger for no reason at all.	1	0	0	0	0	0	0	0	0	0
We have been estranged for years and now he wants to make me feel like I am a bad sibling and it is my duty to take care of him.  I feel like everyone is taking advantage of me because sometimes I forget things. 	0	0	0	1	0	0	0	0	0	0
I dont know how to tell my parents that its serious.	0	0	0	0	1	0	0	0	0	0
But now that I’ve ruined another relationship recently, I decided I should seek help. As a young child, I was always put down by my brother and felt I was never good enough because my dad would never congratulate me on anything, just that I can do better. Now that I’ve been trying to have a relationship with girls, I always make them hate me by putting myself down. Everything I do just makes me feel worse about myself, and I need help with my confidence before I end up hurting myself.	0	0	0	0	0	0	0	0	1	0
He’s a danger to us and a terrible father.	0	0	1	0	0	0	0	0	0	0
I feel so alone and I’ve not been able to wrangle it no matter how bad it is. I feel very alone I reach out to people but they don’t seem to realize that support is one of the main cornerstones in life.	0	0	0	1	0	0	0	0	1	0
anyways i cant get over it and its making a huge deal and its been 2years like that and i dont know what to do so please help me	0	0	0	0	1	0	0	0	0	0
It really felt as if an animal had surfaced within me.	1	0	0	0	0	0	0	0	0	0
They will do the thing I wish for them to do the most for me Sex, favors, or carving my name into their body etc., Things that make them prove their love for me, I lose all interest in them directly after they do these things, most of the time I will develop strong feelings of disgust, boredom, or contempt towards them despite the partner doing nothing wrong or that I dislike but the opposite.	0	0	0	0	0	1	0	0	0	0
My parents refuse too believe anything is wrong with me and every day scream at me and break things as well as insult me about how useless I am and how I am always ruining their lives! My friends all say that I’m amazing and such a good friend but I have a hard time believing them when my OWN parents seem to hate me	0	0	0	0	0	0	0	0	0	1
I always considered this normal and human, especially for someone my age, but it’s gotten to the point where I honestly can’t tell the difference between what I really believe in and what I think I do.	0	0	0	0	0	0	1	0	0	0
Lately I have been extremely unhappy for no apparent reason. I feel empty almost all the time. It is like nothing can give me genuine joy anymore. 	0	0	0	0	0	0	0	0	0	1
convinced everyone hates me and that they are plotting against me etc	0	0	0	1	0	0	0	0	0	0
I will always start the school quarter off well and be on track with Homework and grades but then if I don’t get online for just one single day (which is completely fine to do. We aren’t required to go online everyday) it becomes extremely hard for me to get back online to do homework and to check my grades.	0	1	0	0	0	1	0	0	0	0
Now, for some reason, my mind thinks everything is somehow a threat to me. 	0	0	0	0	0	0	0	0	0	1
I really feel like I’m on the edge from just going insane because I feel helpless/hopeless.	1	0	0	0	0	0	0	0	0	0
I don’t know if I can tell my therapist, but it’s eating me alive. I don’t know if these instances count legally as indecency to a minor.	0	0	0	0	0	0	0	1	0	0
I am mostly concerned with my inabiity to stop blaming myself. Logically,I know and tell myself that it is not my fault. However, there were signs that I should have paid attention to.Why didn’t I see that if I couldn’t bare to be around him, mostly because of his torture to me and my family. I should of known and I definitely should have listen to the experts. Now people are dead, because I failed them	0	0	0	0	0	0	0	0	1	0
I thought for a long time that I am the only person in the world having thoughts like that and there is no help for me but recently I thought I might try to search for answers. 	0	0	0	0	0	0	1	0	0	0
i have every thing that makes me hate myself, i go to the gym but still hate myself , i aslo tried to treat my acne but its not helping. this really affecting my self-esteem and my social life i dont feel confident at all and i hate myself	0	0	0	0	0	0	0	0	1	0
So I have no close friends at the moment probably I know some people enough just to say hi but no close one and whenever I make any they go away I don’t know if its my personality the reason or the way I behave and the only friends I can gain are school friends since there is no other place I go to I can’t really stand myself alone.	0	0	0	0	0	0	0	0	1	0
I feel like I am losing all feeling of self worth. I can’t even look at myself in the mirror now.	1	0	0	0	0	0	0	0	0	0
I recently checked his email, which was wrong, but I now don’t know if he’ll ever forgive me for it.I don’t want to cause problems in the relationship but I don’t know how I can get over my stupidity of being so insecure.	0	0	0	0	1	0	0	0	0	0
Everyone talks so much about trying to be strong but they seem to do nothing to actually feel good about themselves.	0	1	0	0	0	0	0	0	0	0
Over the last year or so, I have noticed that I seem to lack (or have way less) sympathy and empathy than my peers. There are more minute things, such as never having cried at any movie or book… ever.	0	0	0	0	0	0	1	0	0	0
don’t know if they’ll even believe me.	0	0	0	1	0	0	0	0	0	0
It was the worse in middle school when her friend moved and nobody at all liked her.	0	1	0	0	0	0	0	0	0	0
But she seems to easily disconnect from what she’s done and does & doesn’t seems to care how much she is hurting and worrying everyone.	0	0	0	1	0	0	0	0	0	0
The relationship with my mom has worsened due to a lie I told back in February, which I took full responsibility for and I am aware that hiding my depression from her and the fact that I was seeing a physiologist without her knowing was not okay, but I felt as if she wouldn’t understand, because she’s always told me I make a big deal out of everything and that I want to make it seem like I’m a victim when I cry, so I was ashamed to tell her and face her criticism.	0	0	0	1	0	0	0	0	1	0
My therapist doesn’t know about my condition because she just keeps asking me only about my anxiety and everytime I try to tell her something of the above she seems to not be even listening to me.	0	0	0	1	0	0	0	0	0	0
I did not like this action and the moment he did this and looked at me he knew I was pissed.	0	0	0	1	0	0	0	0	0	0
Talking to even one person leaves me emotionally drained and I feel like I need to go to bed.	0	0	0	0	0	0	0	1	0	0
I have this weird feeling almost everyday now and it starts to interfere with my daily life: I start to see things weirdly, being overly paranoid about things. Especially after I’m waking up, the feeling is totally intense it totally scares me badly.	0	0	0	0	0	0	0	1	0	0
I cannot seem to get out of bed, the very thought of facing the world every day makes me cry and debate my life.  I hate myself. I cannot function in any social situation and now I can’t even seem to do any simple task anymore.	0	0	0	0	0	0	0	1	1	0
He has never asked how I am, doesn’t seem to care that I’m financially struggling and fighting cancer.	0	0	0	1	0	0	0	0	0	0
Read a lot about psychopaths and psychotic people on the internet and with the tiredness, not having much news I began to think I was a psychopath myself, that I am a very bad person and began to have flashes of me doing bad things to people and i got very scared so i didn’t sleep well again for weeks.	0	0	1	0	0	0	0	0	0	0
I was also incredibly paranoid about people breaking into my house (and thinking I would hear people breaking in) which would lead me to be up and down all night checking out sounds and checking doors to make sure they were locked.	0	1	0	0	0	0	0	0	0	0
I felt like the response was totally irrational, mean and disrespectful. I felt extremely hurt.	0	0	0	0	0	0	0	1	0	0
By the time they are 18, most people have already had their first kiss and quite a lot of them have already had sex. I haven’t even come close to kissing anybody and I am terribly embarrassed by that.	0	0	0	0	0	0	1	0	0	0
I’m lost in life, I often feel rage, anger and hatred towards others for no reason and I want it to stop. When I was younger I always was that light hearted hopeful little boy that helped anyone he could, now I look in the mirror and all I see is a Monster filled with so much rage that I could spit fire.	0	0	1	0	0	0	0	1	0	0
Before we started dating and for the first year of our relationship her sex drive was amazing. Over time it slowly decreased. It is to the point now where we have sex 1-2 times a month.	0	1	0	0	0	0	1	0	0	0
My dad held her to try and stop her, and as she was struggling to get out she looked back at me and told me that if she died it was all my fault. This lead to me believing that everything is always my fault.	0	1	0	0	0	0	0	0	1	0
And since I’m the one he speaks to the most, he comes to me and starts talking about his “wrath” and “uncontrollable anger” and, honestly, I didn’t think he’d do much but I kept B away from him just in case.	0	0	1	0	0	0	0	1	0	0
I feel very lucky. I have lots of things I know many don’t. I have a roof over my head, food, friends, & family. Yet I always feel as if “Who am I to have all this and walk/drive right pass so many people who are just hungry and do nothing?” I used to have lots n lots of hopes and dreams. Now, I feel as if I don’t need any of those things nor do I want them.	0	0	0	0	0	1	0	0	0	0
She lives in Egypt and me here in LA, and still I feel her energy all the time.	0	0	0	0	0	0	0	1	0	0
I wasn’t a good enough reason for her to try to get better I wasn’t good enough to keep her happy I wasn’t good enough for her because I got a 92 in biology and “ruined my chances of going to a good college.	0	0	0	0	0	0	0	0	1	0
I feel like I may not have the personality for this to be successful or I’ve made her uncomfortable, but she doesn’t want to push someone seen as vulnerable over the edge, so instead she just turns up late.	0	0	0	1	0	0	0	0	1	0
I sometimes feel that my dad will go bankrupt because of me. I have so many dreams but they seem impossible now. 	0	0	0	0	1	0	0	0	1	0
This has come to a crisis point where I have had to suspend my 3rd year at university because I felt very anxious about everyone thinking I was crazy and meetings were terrifying me.	0	0	0	1	0	0	0	1	0	0
I am not capable of running my life the way I need to lead a normal life in this society, or of running my life the way I want to.	0	0	0	0	0	0	0	0	1	0
That’s when a weird feeling in my head started. It’s difficult to describe-maybe as if I didn’t get enough sleep (and I sleep more than I used to) or like tension. I’m also nervous and more clumsy than usual. My concentration for studying is poor, though I do manage to do it in the end.	0	0	0	0	0	0	0	1	0	1
TO realize I am incapable of emotion for anything or anyone.	0	1	0	0	0	0	0	0	0	0
I was 13 at the time and I kept my sadness inside because I didn’t want to worry my parents even more.	0	0	0	1	0	0	0	0	0	0
My mind never seems to drift away from over-analyzing any small part of my day that may be related to some sort of symptom of a disorder (such as overreacting to any thoughts that don’t seem to be mine kind of thing).	0	1	0	0	0	0	0	0	0	0
There is nothing about me that stands out as an artist, and I feel like I just don’t offer anyone anything.	0	1	0	0	0	0	0	0	0	0
Since then i have gone through massive lows and massive highs. Sometimes i am hyperactive and super happy, then a few days later i will collapse in a heap.	0	0	0	0	0	1	0	0	0	0
The problem is, I know I have to work hard and establish myself quickly and support my family but I overlook the situation and play game or surf internet all day (I don’t enjoy doing this but still I do and feel empty)and when its evening I say to myself ‘I will start it tomorrow’, and the he cycle goes on.	0	0	0	0	0	0	1	0	0	0
I feel anxious, inadequate, not good enough for him. I get how me complaining makes him feel inadequate, so it’s a vicious cycle id like to break.	0	0	1	0	0	0	0	0	1	0
It might be bipolar disorder or something of that means, but I almost always have the opposite reaction to things. Like for example if I’m watching someone get shot people would usually feel bad or cringe at the sight of it, but I just laugh out loud for some reason. Same with the other emotions, if I’m sad I’m usually acting cheerfully and so on.	0	1	0	0	0	0	0	0	0	0
For the past few years (5-6 years) i have been finding it increasingly hard to make friends and keep them. 2 of my grandparents have died recenently and things seem to have gotten worse. To start, i cant focus in class (before grandparents died)and this has been also getting harder to deal with.	0	0	0	0	0	0	0	0	1	0
I was devastated as I felt cheated on and I have lost trust.	1	0	0	0	0	0	0	0	0	0
I am also deathly afraid of being judged by others about my decisions. I have worked a little but struggled in that environment because i cannot concentrate because i feel others are saying or thinking bad things about me.	0	0	0	1	0	0	0	1	0	0
I’m stuck between my family and my boyfriend and at this point I choose him over them because I see my whole future with him.	0	0	0	0	1	1	0	0	0	0
He seems confused as to why I don’t want to have them in my life.	0	0	0	1	0	0	0	0	0	0
I’m afraid I will actually harm someone.	0	0	0	0	1	0	0	0	0	0
After looking for work for almost 3 years I am become reluctant to put any more effort into this fruitless action. I feel the same way about pursuing any kind of relationship. I have no goals, dreams, or plans for the future.Honestly i just want to walk out of the house with the clothes on my back and embrace the fact that i shouldn’t run away from my fate of dying on the street.	0	1	0	0	0	1	0	0	0	0
I have been having therapy for nearly 4 years, for childhood trauma and general, in the beginning things were fine, she asked all the right questions, but know I feel like things are very intense, she knows i find friendships complicated so she’ asked if we were friends, and 2 weeks ago I started sitting on the floor for comfort, then she joined me but sitting opposite but shoes off, but I found the way she sat across from me a bit uncomfortable, she had her legs open, we spoke about my feelings and how I felt that day and she said she would give her heart feelings to me.	0	0	1	0	0	0	0	0	0	0
I feel like I will never get over this.	1	0	0	0	0	0	0	0	0	0
I just feel like he’s not putting his full effort into our relationship.	0	0	0	1	0	0	0	0	0	0
For a while now, I have shown symptoms of depression as well as social anxiety. I talked to a therapist about whatever I could. I told him about some other things like the repetitive tasks I must perform out of fear, my derealization experiences, etc. All he told me was that I was experiencing a lot of anxiety. I’m not sure if I explained myself too well or if he doesn’t necessarily want to tell me about what may be going on.	0	0	0	1	0	0	0	0	1	0
I dont know why but I actually started to want to be dead. But i was scared that what if i die and nothing gonna happen like all empytness and black screen but sometimes i thought myself maybe i will go heaven and there is god.  No, i am not going to suicide and never tried that but i kinda feel like it is going to be a traffic accident or someone will kill me.	0	0	0	0	1	0	0	0	0	0
I’ve always noticed that if she can’t see something, she doesn’t believe in it.	0	0	0	1	0	0	0	0	0	0
i feel unwanted by people and like i always give more than other people and feel under-appreciated.	0	0	0	1	0	0	0	0	0	0
I do not enjoy going shopping with him as it always ends up with us arguing.	0	1	0	0	0	0	0	0	0	0
I’m quite dark, i like dark humor, im nice, im also a jerk.	0	0	1	0	0	0	0	0	0	0
How do I stop myself from losing control, all of sudden I will be freaking out screaming at the top of my lungs at my bo?	0	0	0	0	0	0	0	0	1	0
This spread beyond the horror genre, to the point I completely stopped watching movies or shows and playing games, or really indulging in anything, that featured violence or death in any way.	0	0	0	0	0	1	0	1	0	0
It just feels like they might not take me seriously or think I’m seeking attention. And I don’t want them to look at me differently like I’m some psycho because I have anxiety. I want to tell them, but I just can’t. I don’t feel like I’m worth their time.	0	0	0	1	0	0	0	0	0	0
As long as I can remember, negative thoughts have seemed to take control of my mind completely.	0	0	0	0	0	0	0	0	0	1
But in this past year I’ve gone further than that, rather what I would call paranoid tendencies. Even so much that I’m afraid to tell people my name, how old I am, and similar information, so I often end up lying.	0	0	0	0	0	0	0	1	0	0
I fear it will be a lot more if I can’t stop.  My husband doesn’t know how much I am spending and I am terrified he’ll find out.	1	0	0	0	1	0	0	0	0	0
I do not trust others and I do not trust myself so a lot of the time I feel as if I am not mentally ill and only making it up.	1	0	0	0	0	0	0	0	0	0
It dosent go away.. and when I am having fun an trying not to think about it.. its always in the back of my mind that I am a schizo and that everything is crazy.	0	0	1	0	1	0	0	0	0	0
I have this extreme fear. This includes heart palpation, trembling, numbing in hands and feet, fast breathing, fearful thoughts such as someone breaking in, ghosts creepy dolls you name it! 	1	0	0	0	0	0	0	0	0	0
I have no idea if this is normal or not, but I didn’t want to talk to anyone about it in real life if it wasn’t normal, because then they’d probably just think that I was crazy or something (maybe I am, I don’t know).	0	0	0	1	0	0	0	0	0	0
I spent 6 months away from everyone and I got into a real depression because I had just graduated and I felt I needed to get a job and start a new life.	0	0	0	0	0	0	1	0	0	0
I have weight and depression issues related to several traumatic events in my life (accidental death of father many years ago, recent violent death of mother, emotional abuse in former marriage). I also have a stressful job that I don’t love. I’ve been further traumatized by the current political situation in our country, I am very political.	0	0	0	0	0	0	0	0	0	1
I know your advice is to be the bigger person.	0	0	0	1	0	0	0	0	0	0
I can not speak to a professional because a diagnosis would almost certanly end my prospect of being these things.	0	0	0	0	1	0	0	0	0	0
I’m pretty sure not interacting at the critical point of social development has had lasting affects.	0	1	0	0	0	0	0	0	0	0
negativity just lingers around more in my head even simple things I know don’t matter.	0	0	0	0	0	0	0	0	0	1
I have an extensive conversation with myself about everything negative about my life and it always leads to me trying to figure out whether or not I might actually have a problem.	0	0	0	0	0	0	0	0	0	1
Whenever my partner and I get into an argument and my partner starts to ignore me, I tend to turn to my friends and tell them what just happened.. and I know this isn’t right! This often had made it even worse and we even lost friends due to this behavior… why am I doing this?	0	0	0	0	0	0	1	0	1	0
Is this “normal” or do I have a dysfunction? Sometimes, over nothing, after working myself up into almost unnoticeable stress — even to me — I lose it.	0	0	0	0	0	1	0	0	0	0
My mom is pretty ypung she is 34 and she got a surgery to become skinnier and now men are texting her because she looks more “sexy”and she is always replying to them and she even had a boyfriend online who had a girlfriend and she didn’t even care about that she is very selfish and thinks that she is the best looking person she has become lazy since she has lost weight because of the sugery she doesn’t cook or clean and her and my dad always get into problems because of her not spending time with her family but instead on her phone to be honest I don’t know what to do I don’t want to confront her because i feel she will get mad but i also am soo angry and upset that she can’t just divorce my father who I don’t really have a good relationship because he is always judging me and yelling at everyone he will even get mad at us his children because we didn’t got out with our mom to check on her he has extreme trust issues and and i just feel like is better for them to get divorced they argued every day and don’t care about how there children feel I just want this family problems to stop i want my mom to stop cheating on my dad and to treat us better and i want my father to stop arguing soo much with his family.	0	0	1	1	0	0	0	0	0	0
I was lonely when I was younger, I was isolated and different from my peers.I wonder if this have anything to do with my relatives (cousins, parents,siblings)’s OCD and Asperger.	0	1	0	0	0	0	0	0	0	0
Along with this, I can no longer have a conversation with my grandparents or dad because of social anxiety even though I could before. When in school now I will feel positive but I know somehow that I’m not and I then will go home afterward and completely change even though I don’t know why I just suddenly end up being really sad	0	0	0	0	1	0	0	0	0	0
I have had anxiety almost all of my life but lately it has gotten out of hand.	0	0	0	0	0	0	0	0	0	1
Even though I didn’t want to end it, the arguments we had over the living together issue seemed to push him to the point of wanting to leave.	0	0	0	1	0	0	0	0	0	0
I feel like I’m slow when doing a task. However it does not makes sentence because I have good grades and do all my homework and yet I can’t do what is asked to be done.  All I know that I can’t understand messages or phone calls (Even in high volume) , can’t follow instructions, I try to concentrate what people are saying but the words cant process in my freaking brain which makes me mad and helpless at myself that I can’t do anything right, it is very had to multitask, I sturred/can’t talk right.	1	0	0	0	0	0	0	0	1	0
I’m in a constant state of extreme rage I can’t leave my living space because I can’t control the rage when I’m around people.	0	0	0	0	0	1	0	0	0	0
For the past two months, I’ve been plagued by insomnia (or what I believe to be insomnia; not diagnosed) every waking second I’m breathing on this earth.	0	1	0	0	0	0	0	0	0	0
Now we’re arguing because I’m afraid my boyfriend doesn’t respect me since he did absolutely nothing except what I asked him to do.	1	0	0	1	0	0	0	0	0	0
I stay even when I know I shouldn’t. I feel like I am not capable of doing anything, I feel like the biggest waste.	0	0	1	0	0	0	1	0	0	0
Right now it feels like hell and like i couldn’t ever forget how i’m feeling right now,It’s only when i think about thinking that i feel strange and anxious.	0	0	0	0	1	0	0	1	0	0
She knows she has memory problems and is not in denial–she just wants to avoid doing anything about it.	0	0	0	1	0	0	0	0	0	0
I don’t have anyone to talk to about this, since I don’t want friends and family to know what I’m thinking, and I don’t want them to know I’m a failure…	0	0	1	0	0	0	0	0	1	0
I think I’m going insane.	0	0	0	0	1	0	0	0	0	0
At an early age, I’ve always disliked people my own age.	0	1	0	0	0	0	0	0	0	0
I did dated guys, we kissed, but when it comes to more I feel shy and scared to say I’m a virgin at my age.	1	0	0	0	0	0	0	0	0	0
I mostly think and worry about people I know doing this.	0	0	0	1	0	0	0	0	0	0
I’ve been through 14 jobs all told (9 welding, 1 maintenance and 4 odd jobs for cash). I liked the Air Force(welding/machinist) job and a mining machinery job the best… I’ve been released from probation during the maintenance job and fired from a welding job two years ago over a dispute with the boss about timeliness/quality of my work(which he was becoming more critical about). Most jobs I’ve been laid off from	0	1	0	0	0	0	0	0	1	0
My issue is this, every single and I mean every single thing that I do that is not done to perfection I beat myself up about.  Furthermore it has lead to a hatred for myself and a deep sadness.	0	0	0	0	0	0	0	1	1	0
Lately I’ve been having mood swings where I’ll get really hyped and confident and encouraging and then I’ll get angry and whenever my boyfriend says to calm down it’s like a switch and it’s as if I never felt anything to begin with	0	0	0	0	0	1	0	0	0	0
She is constantly saying I’m irresponsible and she makes me feel like I’m always doing something wrong.  And I just recently found out that I may possibly have bulimia and I haven’t told her because she’s only going to “it’s all in your head, you don’t know what you’re talking about” so I always feels as though I can’t talk to her or tell her anything.	0	0	0	1	0	0	0	0	1	0
Why are my parents saying they want me to die and leave me? everyday i come from school all we do at my house is argue about every little thing my mom is mean to me i feel like bursting into tears but i dont i keep it in.sometimes when im arguing with my parents its so hard for me to take the things they tell me. i get so depressed but dont show my emotions they say i have no heart and they dont want me they want me to leave forever.	0	0	0	0	0	1	0	1	0	0
My husband does not handle stress well.	0	0	0	1	0	0	0	0	0	0
I’m really just done with life and feel like if my life is just failure after failure that I can’t even think of whatever it maybe then what’s the purpose.	0	0	0	0	0	0	0	0	0	1
I always was there for my friend S when he was complaining about his friend C, and I was always trying to make S happy. No matter what C did to S, S always forgave C instantly, but never me if I did anything similar.	0	1	0	0	0	0	0	0	0	0
I am dead certain I was born this way and was plagued by emotional/cognitive/social/personality problems all throughout my childhood.	0	1	0	0	0	0	0	0	0	0
i live a normal life otherwise but i just lie so much i don’t know what’s wrong with me or why i do it and im too far in to stop now.	0	0	0	0	0	0	0	0	1	0
’m so scared my parents will disown me if I do that but I just can’t imagine my life without him.	0	0	0	0	1	0	0	0	0	0
I am sad. Clinically depressed.I rode a bike, but a car hit me in July and my knee got infected. I am still limping and lost the one thing that makes me happy – riding my bike.	0	0	0	0	0	0	0	0	0	1
I cannot concentrate even for two minutes and i’m afraid that it’ll affect my career.   I got my 12th results yesterday and found it disappointing as i expected better grades.	0	1	0	0	1	0	0	0	0	0
It’s like when I hit 20, something inside me went off and it led to a series of events of which the results still really resonate with me, and I haven’t really had a chance to really get someone else’s perspective. I think something that didn’t help is that I developed a really unhealthy obsession with J.D. Salinger’s The Catcher in The Rye during this time. I think it honestly had a negative effect on me, despite my deep love for the book	0	0	0	0	0	0	0	1	0	1
Considering my past, it would be stereotyped for me to be non resilient which is why i dont feel me just being generally resilient is correct, making me think something worse is wrong with me.	0	0	0	0	0	0	0	1	0	0
I feel like my fiance is attracted to my 18 year old daughter and does things that makes me wonder I’ve been with my fiance for over a year now and we have a 9 month old baby together.	0	0	0	1	0	0	0	0	0	0
Ok, someting very strange I have noticed is that I’m unable to visualize my therpaists face (no problem recognizing her) it is truly bizare as I have no problem with anyone else I know, I have an excellent memory and very good 3D visio-spacial, I’m very good at visualizing situations I’ve been in and can visualize people in meetings from months ago even having only seen them once. I’ve sat looking at this lady for over 15 hours now but draw a complete blank when attempting to visualise what she looks like (unless I’m in the session of course!) — There is definitely some strange stuff going on subconsciously I think.	0	0	0	0	0	0	0	1	0	0
I often get irritated by my my family members who I otherwise adore and are great people and I love them and behave well most of the times.	0	0	0	0	0	1	0	0	0	0
Even though mentally it was probably all not good for me, it was the most amazing thing ever, and I liked him so much.	0	0	0	0	0	0	1	0	0	0
She has completely shattered my confidence, that I don’t speak much anymore.	0	0	0	0	0	0	0	1	0	0
I’m unhappy and I hate that because I don’t have anything to be unhappy about.  This looming sense that nothing’s going to work out.	0	0	0	0	1	0	0	0	1	0
Now I am at university my peers around me all have social lives and boyfriends and so it hurts more now. I tried making friends but seem to have a perpetual block for the last 10 years.	0	1	0	0	0	0	0	0	0	0
Over the past 30 years, my parents (and particularly my mother) have never been satisfied with the level of effort I expend toward family relationships.	0	1	0	0	0	0	0	0	0	0
But, since we have been married, I have noticed that he gets his mind on a certain hobby and, well, almost obsesses about it.	0	0	0	1	0	0	0	0	0	0
What drove me to continue isolating myself like this was the fact that I was doing well academically. However, I started realizing that all this time in isolation forced me to constantly focus on negative thoughts and I saw a significant decrease in my cognitive ability; things I could previously do quickly in high school took a lot longer now.	0	0	0	0	0	1	0	0	0	0
The past 6 months of my school life and sleep schedule have been deteriorating to me physically, but recently it seems like my emotions have been going haywire too.	0	1	0	0	0	0	0	0	0	0
I feel powerless.	0	0	0	0	0	0	0	1	0	0
I’ve begun reading a lot of books about narcissist but I know its not good to diagnose her using these books.	0	0	0	0	0	0	1	0	0	0
I never feel like I can say what I want because I’m scared he’s going to react.	1	0	0	0	1	0	0	0	0	0
But this one has been tormenting me and I cannot seem to figure things out	0	0	0	0	0	0	0	0	0	1
I am not sure what type of disorder I am suffering from but this problem is almost killing me I am very very very very depressed and want to commit suicide because I feel it is worthless to live this type of life.  I have changed school and in my class no one seemed to like me.	0	0	0	1	0	0	0	1	0	0
I wonder if I am ever going to get better, or if this depressive episode has damaged my brain in a way that can’t be repaired. I feel like therapy isn’t helping with this at all – thinking through things can’t really elevate my mood, it actually often makes everything worse.	0	0	0	0	0	0	0	1	0	0
I don’t feel like I have a happy future ahead of me.   I don’t enjoy my job, I have close to zero friends ever since I quit drinking and drugs, I’m always worrying about things that don’t even matter, I still think about the girl who broke my heart over ten years ago, My brother (who I love very much) lives on the other side of the country, I don’t know where to meet a decent girl that I could start a family with, I don’t have the spark or motivation to hold conversations with people, I have very little interest in many of the things I used to enjoy doing, and frankly, I’m afraid that I’m going to die alone without a family. 	0	0	0	0	1	0	0	0	0	1
Nearly always there is some minor ailment: a pain here, ache there, headache, bellyache, blurry vision, etc., seemingly in contrast/competition to others who are experiencing serious medical conditions ie: hip replacement, cancer, etc.	0	0	0	1	0	0	0	0	0	0
I decided to see a private therapist for the first time today, and after the session I felt like it was pointless (I have met with a school psychologist before, and she was absolutely amazing, & professional, so this made me question today’s experience.)	0	1	0	0	0	0	0	0	0	0
It has become very excruciating for me to enter into my patient’s room and administer Respiratory Therapy, especially when there are family members in the room	0	0	0	0	0	0	0	1	0	0
I have an adult son who treats me poorly, has been physically and psychologically abusive since he was a teenager, have 3 grandchildren but only see one of them now.	0	0	0	0	0	0	0	0	0	1
It feels like I have writer’s block on all the time, and part of my brain constantly feels unused, “inactive” and “asleep”, as if on constant autopilot for the whole day.	0	1	0	0	0	0	0	0	0	0
I’ve kept a journal for years, and in my earliest entries I blamed this on other people. I thought that they didn’t understand me.	0	0	0	1	0	0	0	0	1	0
But, I can’t help but feel like I have no right to call myself a victim.	0	0	0	0	0	0	0	0	1	0
I feel like if i do not do my obsession then something bad will happen. Such as my house burning down, family member getting ill or something bad happening to another human/animals.	0	0	0	0	1	0	0	0	0	0
Another issue is Both, my parents and girlfriend seem to think that they’re more important than what I want to accomplish in my life and expect me to do everything they want.	0	0	0	1	0	0	0	0	0	0
We have noticed that our 4 year old daughter cries for every little thing, and seems to have trouble expressing here self verbally at home and kindergarten.	0	1	0	0	0	0	0	0	0	0
My mind feels like it’s racing, like my thoughts are going 100 miles and hour and no one can catch up to me.	0	0	0	0	0	0	0	1	0	0
I’m also convinced that other people can read my thoughts, maybe not everyone, but definitely most people.	0	0	0	1	0	0	0	0	0	0
Once I start thinking, I think about every single problem in my life and I cry.	0	0	0	0	0	0	0	0	0	1
I thought that he displayed traits of honor, loyalty, integrity, honesty, and kind-heartedness, as well as characteristics of a hard worker, and an overall well-rounded individual.	0	0	1	0	0	0	0	0	0	0
While I am devastated about his loss, I also feel an odd sense of guilt and envy because he actually did what I’ve always wanted to/thought about doing.	1	0	0	0	0	0	0	0	0	0
My main concern is that these voices aren’t a cause of my bipolar but a whole new illness (maybe schizophrenia) starting to present itself.	0	1	0	0	0	0	0	0	0	0
Every time she does something that irritates me i get really angry and start to breath heavy and have the need to break things, after that i start to cry and whisper to myself “I hate her, i hate her.”	0	0	0	0	0	0	0	1	0	0
I feel selfish and stupid.	0	0	1	0	0	0	0	0	0	0
However, I can conclude that her random annulment of our get-together was canceled to be with that person. I still was trying to be as nice as possible to X, but eventually, it felt like I didn’t know her anymore.	0	0	0	0	0	0	0	1	0	0
I don’t know if the thoughts have anything to do with schizophrenia, since i had those thoughts for a long time. All i want to know is how to control those thoughts, since i start feeling like someday i could do that without thinking, as an impulse.	0	0	0	0	1	0	0	0	0	0
I know this can run in families so I’m concerned that I might be showing symptoms.	0	1	0	0	0	0	0	0	0	0
I look at the world around me, and feel as though i will never be happy, because of the hate i am filled with.	0	0	0	0	1	0	0	1	0	0
I grew up in a chaotic household with a bizarre, usually absent father and a raging, abusive and hate-filled mother.	0	0	1	0	0	0	0	0	0	0
I can’t stop thinking about something will happen to her so bad bc she doesn’t eat.  Sometimes I think she will get a big health problem or mental issue and I am trying to think about how can I deal with it.	0	0	0	0	1	0	0	0	0	1
I can’t get anything done, I can’t focus on important things, because that makes me think about myself, which leads to me feeling worthless and hateful of myself. I want to scream it at them, but I fear how they would judge me. 	0	0	0	1	0	1	0	0	0	0
I have sever bi polar disorder and it is not ideal for me to work and be around people in fear i may be so upset i will hurt them.	0	0	0	0	1	0	0	0	0	0
I realized that I don’t really care at all about things I should care about.	0	0	0	0	0	0	1	0	0	0
I feel trapped inside my disgusting self and like I’m willing to do anything to escape it.I’m just afraid sometimes that since I’m not really thinking during these times that I might do something to myself–especially since I think during these times that I don’t deserve to get help or that I’m not worth disturbing people by calling them.	1	0	1	0	0	0	0	0	0	0
I usually do it when i feel that i am worthless, ugly and not worthy to live.  I haven’t told no one because i know they will say i am stupid for doing it.	0	0	1	0	1	0	0	0	0	0
At 71 I don’t think her body can take the level the mania is putting her through.	0	0	0	0	1	0	0	0	0	0
He pushed me against the kitchen counter and put his hands around my neck and his kids were there (I helped take care of them since they were babies, no kidding) since the kids saw it and were crying I felt like it was all my fault, so I went on my knees and asked for forgiveness. I just literately hate my family except my Mom (she’s my Mom) my younger sister and my younger nieces.	0	0	0	0	0	0	0	0	1	1
I was forced to wear dresses even before that, and I have since been afraid of men.	0	1	0	0	0	0	0	0	0	0
She is trying to replace me, and I don’t know how to deal with this.	0	0	0	1	0	0	0	0	0	0
About a year ago I developed severe anxiety and had several panic attacks a day. Over time I developed more and more symptoms such as intrusive thoughts etc. However after quite some time I developed very worrying symptoms that make me think I am developing schiz/psychosis.	0	0	0	0	0	0	0	1	0	0
I feel robbed of the opportunity to talk to her.   Now her dad wants me to talk to her, her mom wants me in counseling, and I want to ignore it because I am honestly thinking this is some kind of trap being set by her mother in hopes of getting full custody. 	0	0	0	1	0	0	0	0	1	0
I want to know if our family unit is savable would therapy help what should I do. I don’t want to be a bad mother and I don’t want to lose my family.	0	0	0	0	1	0	0	0	0	0
I feel like I’m 100% going to explode on her one day, but I love my mom to death.	0	0	0	0	1	0	0	0	0	0
He had a delusion the cops all knew him as “Nate Dawg.” 	0	0	0	1	0	0	0	0	0	0
It tends to feel very loud and insistent and i have absolutely no control over it.	1	0	0	0	0	0	0	0	0	0
I have always had issues with emotional attachment and lack any form of emotional connection with any thing.	0	1	0	0	0	0	0	0	0	0
I feel like I am cursed for life.	0	1	0	0	1	0	0	0	0	0
And whenever she does try and start conversation with me saying” [My name] guess what happened” I get genuinely mad and annoyed and barely respond.	1	0	0	0	0	0	0	0	0	0
I know that my priority is to eliminate the debt as fast as possible, but I can only do so much and I am scared that 10 years is too long of a time to wait for a family.	1	0	0	0	1	0	0	0	0	0
I fully understand that i wish to heal and i also respect her abilities however I feel again she is in decision making to terminate me.  As last week it was apparent she needed affirmation from me that the anger work was useful. 	0	0	0	1	0	0	0	0	0	0
I have had a lot of bad relationships so I thought god finally answered my prayers. I WAS WRONG. We had an the worst argument I ever had with anyone!	0	0	0	0	0	1	0	0	0	0
It was only one dream and I just had it, but I was wondering if this is an indication that I was actually molested as a child?	0	0	0	0	0	0	0	1	0	0
People find me smart, but I find myself stupid.	0	0	1	0	0	0	0	0	0	0
I am obsessed with success. If I do not achieve what I hope I will (fame, money, status, etc.) I will feel ashamed and feel like a complete failure.	0	0	0	0	0	1	0	0	0	0
I want to live my life without all of the negative thoughts and worries. I want to enjoy life again rather than thinking of it as “just having to get through it”.	0	0	0	0	0	1	0	0	0	0
I just can not look at her the same way, I want to scream, tells someone, but I’m afraid she will lie. People will probably believe her over me, because, lately I’ve been going through some trust issues with my dad.	0	0	0	0	1	0	0	0	0	0
Whenever it comes to arguments I am always the one who is put down by the others.	0	0	0	1	0	0	0	0	0	0
I was hearing voices, thousands times a day I would hear different statements, and I finally could not take it.	0	1	0	0	0	0	0	0	0	0
I can’t tell if she just really can’t understand me or if she really doesn’t care what I have to say.	0	0	0	1	0	0	0	0	0	0
I have also had a few suicide attempts in the past… And lately I keep thinking about them and remembering them.	0	0	0	0	0	0	0	0	0	1
She feels every emotion, she is very caring, but she needs help but won’t get it because she thinks what she’s hearing is true.	0	0	0	1	0	0	0	0	0	0
I used to be a ‘happy’ person with the occasional ‘sad’ moments, now i am a sad person with some rare ‘happy’ moments. I have lost interest in almost everything i used to enjoy, in everything that used to keep me going and because of this i feel that i’ll stop living .	0	1	1	0	0	0	0	0	0	0
I can’t even talk to them about how I feel about their treatment towards me cause they’ll just brush my feelings aside or snap at me and it’s because of that fact that I don’t talk much or if I DO talk, it’s awkward and stilted.	0	0	0	1	0	0	0	0	0	0
I have had feelings of doubt and dread the whole time. I feel as though I’m planning my own death instead of my wedding. Any thought or conversation about the wedding makes me sick to my stomache.	0	0	0	0	0	0	0	1	0	0
I confronted both of them but they deny it … now I don’t trust them alone	0	1	0	0	0	0	0	0	0	0
Whenever I see or think about something that makes me stressed, my heart starts racing and I often start hyperventilating. Just this morning, I went to a restaurant and as usual got super stressed that there were no vegan options. Then, the breaking point, I looked up and saw a deer head on the wall and that moment, felt so stressed and sad. I immediately began hyperventilating and my eyes filled with tears.	0	0	0	0	0	0	0	1	0	0
I have a mental illness for sure.	0	1	0	0	0	0	0	0	0	0
Those fantasies are so lucrative and pleasant its painful to wake up from them and realize that I am just a boring male.	0	0	1	0	0	0	0	0	0	0
I can process a million things in my head at once but can’t seem to put them on paper, (Which is why i got a zero on the last test, even though i had every question right) Is there anything that can help this?	0	0	0	0	0	0	0	0	1	0
i am confused on why he is still communicating with the girl knowing what i might feel.	0	0	0	1	0	0	0	0	0	0
Everyday and sometimes before I sleep, I am always making up scenarios and characters in my head and live in them.	0	1	0	0	0	0	0	0	0	0
I am having ongoing difficulties in getting heard and am feeling really discouraged to the point that I don’t want to bother trying to communicate or assert as I feel it doesn’t work anyhow.	0	1	0	0	1	0	0	0	0	0
How did I let things get to such a bad outcome? I don’t know. I suffer from a serious case of laziness and inconsistency. I know I have the potential to do great things, I still get involved in too much endeavors but I can’t produce results. I still don’t know why. The why that made me lie to my friends and family because it would be a shock to them that i didn’t succeed. I don’t know to extract myself from all this. I really don’t. Help me, doctor.	0	0	1	0	1	0	0	0	0	0
Our relationship has always been one filled with nothing but love, openess and trust in one another. However, in the past year we’ve fallen on hard times.	0	0	1	0	0	1	0	0	0	0
I don’t know if I am to blame, if there’s things I can do to improve on the relationship other than sit and just avoid any contact with him, which hasn’t worked or just bend to every rule he makes.  However I am the one being blamed for it and not him as well, which makes me depressed and think that maybe there is something wrong with me that I just don’t realise so I really don’t know what to do in this scenario.	0	0	0	0	0	0	0	0	1	0
he company is paying to put him through schoool, and the owner of the company is also my fiances best friend, so if i kick him out, im sure my son would lose his job along with the opportunity to have his schooling paid for.	0	0	0	0	1	0	0	0	0	0
He constantly lies about the status of his course work and then gets caught out in stupid ways when he ends up confessing.	0	1	0	0	0	0	0	0	0	0
I am highly disorganized, I’m concerned with being diagnosed with schizophrenia or something like that	0	0	1	0	0	0	0	0	0	1
Logically, things i enjoy should make me happy, like watching tv shows, reading or listening to music for instance.	0	0	0	0	0	0	1	0	0	0
I instantly regretted this at the time and i couldn’t believe what i done. I still regret it to this day!	0	0	0	0	0	0	0	0	0	1
But the thought often dominates my thoughts. Planning out how such an attack would go, thinking about how the media would react, ect. 	0	0	0	1	0	0	0	0	0	0
This only happens with tweets and when Im stressing about going schizophrenic (almost 24/7now) Ive started having nightmares about my worst fears Anytime I get scared I think ima paranoid schizophrenic now.	0	0	0	0	0	0	0	0	0	1
It’s helped me be independent and goal-oriented, but sometimes I wonder if it’s also made me a bit selfish and unsuitable for relationships.	0	0	1	0	0	0	0	0	0	0
However, I worry that I’m not being as loving towards her as I feel I should be.	0	0	0	0	0	0	1	0	0	0
I want him to be happy, and if that means breaking up with me that’s fine, but I don’t think that breaking up will make him any happier, because he cries at the thought of it and hasn’t made any motion to dump me yet..	0	0	0	0	1	0	0	0	0	0
My speculations have mainly arrived through the fact that i have noticed that i am distinctly socially different from everyone else, and often feel nothing when others around me are crying, laughing or chatting.	0	1	0	0	0	0	0	0	0	0
He claims he’s severely depressed and has outbursts a couple days per week, sometimes more. During these outbursts he rants about his mental condition, attacks my and my families insecurities and lifestyles, and even sometimes becomes violent over them. He even threatens suicide on more serious outbursts.	0	0	0	1	0	0	0	0	0	1
I am afraid of therapists for some reason so I am afraid of asking for help.	1	0	0	0	0	0	0	0	0	0
I had a really bad childhood full of neglect , abuse, abandonment and family mental illnesses. I always had anxiety as a child but was able to mask it as I thought people would think there was something wrong with me.	0	0	0	1	0	0	0	0	0	1
There are only two people in my life that I trust to help me out in a sticky situation, but sometimes I cannot trust them to keep personal conversations that we have to their selves.	0	0	0	1	0	0	0	0	0	0
In fact I hate appearing needy. I’m too different I feel like I have nothing in common with them.	1	0	0	0	0	0	0	0	0	0
I have Bipolar Disorder and some anxiety issues that cause panic attacks when I get overwhelmed by people, noises, stress, worrying, etc.	0	0	0	0	0	0	0	1	0	0
I have questioned the fit the entire time, but I’ve really improved and and feel she is helping me so I always chalked it up to my issues as to why I am questioning the fit.	0	0	0	0	0	0	0	0	1	0
I can”t stand when she comes around and I can tell he knows how I feel.	0	0	0	1	0	0	0	0	0	0
Last year, because of a stupid mistake i made, i had a huge falling out with some of my best friends and the rest of them had betrayed me.	0	1	0	0	0	0	0	0	0	0
But she doesn’t want to do that and I’m not sure if it’s because she’s lazy or is afraid of putting in the work and still losing.	0	0	1	0	0	0	0	0	1	0
I decided I wasn‚t going to join him again due to the uneasy feeling it gave me which kept me from enjoying myself. Ever since, I have known in the back of my mind that he still does this. believing that it helps keep him „faithful‰ to me since I am no longer interested.	0	0	0	0	0	0	0	0	1	0
I hate myself for it but I can’t control my anger. I have a really low self esteem and don’t value myself at all.	0	0	0	0	0	1	0	0	0	0
I feel as if I have to lie because I’m scared of the outcome.  Please, please help before I either kill myself, or my mom disowns me.	1	0	0	0	1	0	0	0	0	0
This has also affected my ability to trust people in my life now.	0	1	0	0	0	0	0	0	0	0
A good example: if anything makes me angry–trivial or truly important, I might put on a wild, embarrassing, very inappropriate, and very unhealthy display of rage.	0	0	0	0	0	0	0	1	0	0
I’m constantly looking into symptoms, I believe I have some of the ones listed. 	1	0	0	0	0	0	0	0	0	0
I’m an 8th grade boy, I hope I won’t be judged differently or ignored because I am under 18.	0	0	0	1	0	0	0	0	0	0
I have been drawn to children — ages about 5 to 15 since the age of about 30. The only time it becomes a sexual attraction is with girls who appear to be at least 19 or 20 — still highly inappropriate, given my age, I know. Also, rarely, am I attracted to a woman older than say, 35 or 40. When it comes to children under about 15, I am simply taken by their beautiful skin, silk-like hair, perfect features, etc., but, thankfully, never have sexual urges towards them. Sometimes they look so absolutely perfect that I just want to stare at them (if in a picture or movie — not in a public setting because I realize it wouldn’t be normal or would be misread as sexual attraction).	0	0	0	0	0	0	0	1	0	0
I’m not sure if it’s just my anxiety, but I’ve been feeling like I’m acting differently even though I don’t have proof I am.	1	0	0	0	0	0	0	0	0	0
one moment he would say he was committed to trying and the next I wasn’t right for him.	0	0	0	0	0	1	0	0	0	0
I’m feeling completely blank and I’ve lost trust in myself. I don’t know what is wrong with me and things are suddenly becoming hard for me.	0	0	0	0	0	0	0	1	1	0
I am quite anti-social so I kind of like to be alone.My friends call me vampire because I rarely go out (only to smoke) and have my curtains on 24/7.AM i a PSYCHOPATH	0	0	1	0	0	0	0	0	0	0
I do the same to things that I LOVE doing. Eg: 1) I procrastinate doing Homework until the last hour but I love it when I’m doing it. 2) I procrastinate studying for a class but when I finally do I REALLY enjoy it.	0	0	0	0	0	1	0	0	0	0
But now I am really scared that I might get schizophrenia in future.	0	1	0	0	1	0	0	0	0	0
I’m struggling to do anything at all, all I really want to do is sit somewhere on my own and rot away forever.	0	0	0	0	0	0	0	1	0	0
I am unmotivated and I feel lazy all the time. I procrastinate all my school work and I have no sense of time management of all.  I’m really starting to hate myself because my personality just has so many flaws. I don’t think I’m a good person.	0	1	0	0	0	0	0	0	1	0
Many people love to be around me and I have never had a problem socially and can get along with just about anyone.	0	1	0	0	0	0	0	0	0	0
I don’t know what I am feeling and it scares the hell out of me. I feel like I have lost my identity. I was wondering if there was any techniques that I could use to make me feel calm and think rationally. 	0	0	0	0	0	1	0	0	0	0
When he’s in me I’ll ask him if it feels good and he always says a little which I think is just to spare my feelings.	0	0	0	1	0	0	0	0	0	0
I went from so happy with this guy to absolutely dreading the mention of his name, I don’t want to see him anymore and every time he talks to me or texts me I feel nauseous.  The last three relationships I was pretty much obsessed with these guys and then like a flip of a switch I become depressed and I developed a hatred towards them. However, once I break up with them it’s like nothing ever happened and I instantly feel refreshed and back to normal.	0	0	0	0	0	1	0	0	0	0
I feel therapists and psychiatrists always want to treat the depression and don’t know how to help with my sleep other than medication.	0	0	0	1	0	0	0	0	0	0
Basically im very paranoid and at first it seemed to all be related to social anxiety like i would convince myself they all hated me and would delete all my social media and hate them for supposedly hating me (for something as silly as not answering a text) but i got in trouble so im fairly isolated now and only have myself to talk to.	0	0	0	1	0	0	0	0	0	0
also i cant really conect to anyone,i mean i love my boyfred and friends,but he breaks up with me ill be okey(but i really love him,and he means a lot to me)..	0	1	0	0	0	0	0	0	0	0
My girlfriend’s father was very abusive and loveless, and her mother had to escape with the kids one night when she was 13.	0	0	1	0	0	0	0	0	0	0
I have friends who emotionally depend on me but I can’t, I simply cannot, feel sympathy or empathy. I cannot commit to anything, I’m not passionate about anything except painting, but it doesn’t feel like passion.	0	1	0	0	0	0	0	0	0	0
I feel that my husband refuses to live in reality.	0	0	0	1	0	0	0	0	1	0
It usually happens when I wake up and I can’t stop thinking it’s not that i have anything to think about or worry For but i just think about anything not necessarily negative just anything and then the mind shifts to another thing and another and it’s not the way we all think in the morning	0	0	0	0	0	0	1	0	0	0
When we first got together our relationship was perfect. We had been friends for awhile and decided to take it to the next level. He was attentive and loving and made me feel special.	0	0	1	0	0	0	0	0	0	0
My mother died about 2 years ago but even before that I was always depressed as far as I can remember.	0	1	0	0	0	0	0	0	0	0
I do not believe that hate, resentment, or just a lack of caring are the appropriate feelings to have when someone is having a problem, and yet, I feel these types of feelings.	0	0	0	0	0	0	1	0	0	0
Anyway these sexual play encounters have really plagued my with tremendous guilt recently.	0	0	0	0	0	0	0	0	1	0
I’m so confused with my own mentality, one side of me loves to be alone and would avoid meeting and maintaining relationships with friends or putting any effort into these friendships at all. I guess this is because I don’t like to compromise on my daily routine or in life …so selfishly, if I meet with someone it will be because I want to. Which is rare.	0	0	1	0	0	0	0	0	1	0
I find nothing sexual about it at all but I feel like a freak.	0	0	1	0	0	0	0	0	0	0
I’m a 17 year old guy and a high school student and my problem is everyone is hostile toward me. I have no actual friends and even school idiots ridicule me.	0	0	1	0	0	0	0	0	0	0
But it recently got out of hand as they are getting noisier and messier. When I ask for silence it just gets louder.	0	0	0	0	0	0	0	1	0	0
So we just are desperate, because we feel that hugging her is not enough to help her be happy again.	0	0	0	0	1	0	0	0	0	0
The problem is that if don’t do well in the first one, my family and relatives will be really mad at me and i’m scared thinking about it. Also the one in which I’m interested has a tough competition so chances that i’ll get into it are extremely low.I’m feel guilty for betraying my parent’s faith in me.	0	0	0	1	1	0	0	0	0	0
I get so angry at her whenever she tries to tell me she’ll change, and that she’ll get better. I get angry because I know its a complete lie, and I despise getting lied to. Its happened too many times to me.	0	0	0	0	1	0	0	0	0	0
Thing is, my mood goes up and down — sort of like Bipolar, but the majority of the time, I’m depressed. when i’m in an “up” mood, (which is more like unbelievable anger rather than elation, with the occasional happy high,) I hate myself for even thinking it, and punish myself for being so selfish — not thinking about what it’d do to my family, but when I’m in a depressed mood, It seems to be the only way out, and the thought is a sort of stimulant.	0	0	1	0	0	0	0	0	1	0
A year later we moved in together and my boys could nothing right in his eyes.	0	0	0	1	0	0	0	0	0	0
He is a brilliant and completely selfless person who simply does what he has to do to get by.	0	0	1	0	0	0	0	0	0	0
Anyways, my parents haven’t been getting along and I’m worried that things will end badly.	0	0	0	0	1	0	0	0	0	0
Whenever I see him doing something inappropriate (he masturbates with his room door open) or when he yells at me or when he makes a mess of the house, I get so angry that my body vibrates, I clench my fist so tightly that I cut my palms with my fingernails, and I grit my teeth.	0	0	0	0	0	0	0	1	0	0
In a group they were intent on assuring another patient how pretty she was, but at the same time putting me down. We both had short hair and no makeup	0	1	0	0	0	0	0	0	0	0
My father and i have always shared a loving and fulfilling relationship but my mother is not mentally healthy, so sometimes i feel like there’s a gap that needs to be filled within my heart.	0	0	1	0	0	0	0	0	0	0
I’m not sure if I’m doing right but I feel the need to get away for my mental health.	1	0	0	0	0	0	0	0	0	0
Though recently I’ve been hating social interaction and have felt completely numb in general. So I’m either aggressive, numb, or randomly anxious that I’m being too distant or too abrasive.	0	1	0	0	0	0	0	0	0	1
Due to the situation, I really didn’t come to terms with the situation and didn’t deal with it well, most of my time spent in boarding school was spent crying and I did go through a period of cutting(self-harm).	0	0	0	0	0	0	0	0	0	1
I have a great boyfriend of 2 years yet I fear something is wrong with me…I developed a crush on someone at work and think about this person a lot.I feel like I have commitment issues…most of my friends would love to marry my man but I am hesitant and don’t know why. I guess I can’t figure out why I can’t just be satisfied like a normal person. What is it that I am seeking? Will I ever be able to settle down? I don’t want to lose what I have with him but I would love the freedom and good time to explore someone new.	0	0	0	0	0	0	0	0	1	0
I finally decided to close a portion of myself because I felt I could not beat it and if I didn’t close off my emotions, I would have killed myself.	0	0	0	0	1	0	0	0	0	0
He was very supportive, which I needed, and he knows me very well. I felt i had gone as far as I could with him on problems I was haveing with ADHD problems and problems with schooling. I felt bad for him that I just kept failing to improve.	0	0	0	0	0	0	0	0	1	0
I”ve lived in Houston for 16 years and am miserable. I hate it here. but i have two kids (6 and 9) and have been married 12 years. My marriage sucks. I can’t stand my husband. Everything he does agitates me. We fight all the time. We have no money and it seems to get worse everyday. I wouldn’t be surprised if i lost my house one day very soon.	0	1	0	0	0	1	0	0	0	0
Everything I try at, I lose or fail.	0	1	0	0	0	0	0	0	0	0
Hi, I’ve had this problem for 4 months it’s been 24/7, but things have all of a sudden felt like everything is getting like fast forwarded or rushed like I sat in a dressing room for an 1 hour and it felt like 30 minutes I don’t know what’s wrong with my perception of time is there any way to fix this??? And I feel very emotionally numb like I’ll laugh but I won’t feel anything. and words on boards seem blurry to me even though I’ve never had reading issues like maybe not blurry just that my mind can’t quite comprehend.	0	0	0	0	0	0	0	0	0	1
I also am very unorganized and messy and I stress myself out and beat myself up for it on a daily basis to the point that I exert more energy fighting with myself to fold the laundry than it would take to fold the laundry. Do you think I may have ADHD?	0	1	0	0	0	0	0	0	0	0
When I was three years old I told my mother I was responsible for her father’s death (died of a heart attack when I was 2 months old). 	0	0	0	0	0	0	0	0	1	0
We were friends before they married so I guess you could say I was robbed of a wife and robbed of a life.	0	0	0	0	0	0	0	0	1	0
I am now 6 months pregnant, lately (past 3 or more weeks) every time I lay down to sleep or am calm, the memory and flashbacks hit me hard, and all I think about is how my son saw it Even after my 10 hour graveyard shift sometime I lay awake in bed for hours. Sometimes crying, sometimes wanting to scream, nothing I do gets my mind off of it. No matter what i try to think about or do. Also my dreams lately have been very traumatizing, murders, blood, suicide, everything bad… started around the same time these flashbacks started happening. I have always dealt with my stress, or trauma. It’s never affected me like this… I wake up legitimately fearful from my dreams, or I just can not sleep, when the flashbacks happen NOTHING gets my mind off them… I can’t concentrate… what should I do?	0	1	0	0	0	0	0	0	0	0
Even though I text her the whole time I’m gone she just seems to shut down emotionally and all I can get is one word responses.	0	0	0	1	0	0	0	0	0	0
But since I trusted my mom these comments did stick with me and made me feel unsure and unsafe.	1	0	0	0	0	0	0	0	0	0
I just know that I had a really happy early childhood until age seven when I moved to a new school I didn’t like and my grandmother got diagnosed with dementia so my mom was never around much for a few years.	0	0	0	0	0	1	0	0	0	0
I know that I should have spoken to her about that instead of trying to replace my negative feelings of her with positive feelings of providing her pleasure.	0	0	0	0	0	0	1	0	0	0
However, I distinctly remember feeling as if I wouldn’t mind if a car were to hit me while crossing the street.	0	0	0	0	0	1	0	0	0	0
I think he is anxious about working as he has been retired for 7 1/2 years.	0	0	0	1	0	0	0	0	0	0
I get a dream, which I wake up crying and the dream tells me I should start treating this person right, and outta nowhere. EXACTLY a week later the person dies.	0	0	0	0	0	0	0	0	1	0
In fact, I cut my hair multiple times, not bc I’m Daring as I let people believe, but because the individual hairs touching my skin drive me up a wall. Almost to the point of anger.   I have certain ways every little thing needs to be done and I feel like the world is ending when those systems are disrupted.	0	0	0	0	0	0	0	1	0	0
Ever since that realization, I cannot stop thinking about it and it’s ruining my life.	0	0	0	0	0	0	0	1	0	0
He’s an amazing guy, perfect in fact, until he gets mad!	0	0	0	0	0	0	0	0	0	1
I don’t even know how to meet new people anymore. I don’t even know where to start on finding a new girlfriend. Mainly cause I don’t want to but I feel like it needs to be done bc I feel I’m holding her back and she even says I am.All I think about everyday is what do I have to live for. I want to get my pro licence but I don’t even have the drive to do it. All I want is my life to end and most days I feel like if I don’t do it myself my life will just get worse. If that’s possible. I won’t kill myself. 	0	0	0	0	0	1	0	0	0	1
As a friend, he was perfect. As a boyfriend, I find myself constantly annoyed and angry with him because I feel like he doesn’t understand me, and he says he feels the same.	0	0	1	1	0	0	0	0	0	0
This onerous task gives me terrible anxiety.	0	0	0	0	0	0	0	0	0	1
find it hard to do anything because my mind is consumed with the fear of losing a limb.	0	0	0	0	1	0	0	1	0	0
I think I’m severely depressed because I’ve been so disconnected lately. I’ve been growing more and more anti-social, I’m suddenly losing sleep and becoming more irriatable even if I try hard to be nice.  Can you tell me how the heck I’m supposed to tell my parents when I can’t stop thinking that they’ll only make fun of me and not believe me?	0	0	0	1	0	0	0	1	0	0
I would like to take an antidepressant but i’m afraid to because i have epilepsy and i don’t want it to cause any seizures.I feel to ashamed to tell my parents or anybody i know i’m even to ashamed to tell my family doctor about this.	0	0	0	0	1	0	0	0	0	0
I can’t stop these thoughts. I feel that I’m losing my mind.  Now I can’t think about any other things, except harming thoughts.	0	0	0	0	0	0	0	1	0	1
Its not at all my intention to do so and it’s really frustrating cause I feel like what I actually wanna say and what it comes out gets lost in translation from my thoughts to my speech.	1	0	0	0	0	0	0	0	0	0
We are pretty much resigned to the fact that he is not going to get any better however there is always the worry; is there anything else we could do.	0	0	0	0	1	0	0	0	0	0
After over 10 years of marriage and 3 children, I’m now wondering if my husband is also a narcissist and emotionally abusing me because many things he does are just like what my parent did.	0	1	0	0	0	0	0	0	0	0
im sure she has a disorder of some sort….she lies constantly, tells the same story 3 times during a week, but its always changing….I am now afraid of this woman because last week, while trying to calm her, I took the blame for everything…admitted I was wrong etc, and have cut her off…..im sure she has another man in the picture, coaching her along on how to set me up	0	0	1	1	0	0	0	0	0	0
Hey, I’m suffering here from my skinny body and I cant move on with this issue, last week I had to meet a guy who was talking online with me and had to meet up finally in real life, once I met him and went back home he changed with me I think because of my very skinny body, I don’t know what to do because im really hurting deep inside and I feel like I will never gain weight and have feminine body, also if I were in his situation I would never accept a person with ugly body like me , im writing now and my tears fell down because I really hope I would find confidence and find my beautiful soul , now we are talking to each other but I feel like he doesn’t want to show me that he didn’t accept me or find me different from the image he was thinking about when we didn’t meet up in the last,	0	0	0	0	0	1	0	0	0	0
I embarrass family on a regular basis. I berate myself for days afterward. Definitely old enough to have learned to control my tongue, but hasnt congealed yet. Thought about hypnosis to control myself but then admonish myself saying that Im smart and can do better.	0	0	0	0	0	0	0	1	1	0
I fear they won’t understand.	0	0	0	1	0	0	0	0	0	0
i love my family and friends, but i cant seem to relate to them anymore.	0	1	0	0	0	0	0	0	0	0
Sometimes I even think I actually desire them or why else they would be always on my mind?	0	1	0	0	0	0	0	0	0	0
Also, it would only worsen the situation. Instead, if he spoke for him, they would be always forgive their son.	0	0	0	0	1	0	0	0	0	0
We both love each other a lot and can’t even breakup(although we’ve tried) and it’s impossible to give up.	0	0	0	0	0	0	0	1	0	0
my brother always gets everything he goes and sees my dad and gets £30 or more of him every time he gets money for stuff as well everyday and when I go and see my dad all i get is a £5. My brother also got a xbox connect of my dad. I asked my dad for a xbox 360 and he said he has no money but he always gets my brother stuff and when my brother comes home he brags about it and I’m getting fed up of it. My birthday comes and all he gets me is a little ornament I don’t want to seem ungrateful its just he treats my brother different to me he should treat us both the same but he don’t. I think its favouritism.	0	1	0	0	0	0	0	0	0	0
This fear led me to pay an obsessive amount of attention to my weird thoughts, which led to further analysis of how I truly believed that I was going crazy.	0	0	0	0	0	0	0	1	0	0
However, I feel that when we lived apart we had sex because we felt like we were “supposed to” more than because we felt inspired to. 	0	0	0	0	0	0	1	0	0	0
I knew in my head it was probably best to move on and not return to her.	0	0	0	0	0	0	1	0	0	0
Because I am so afraid I am never going to have the opportunity to experience this.	1	0	0	0	1	0	0	0	0	0
The inability to finish a task has got to be the one aspect of my personality I am simply failing to cope with. Through the years I have been able to learn and adapt myself so I can function in a small measure, but this bleeding away of my motivations has become unmanageable.	0	0	0	0	0	0	0	1	0	0
I think I might be gay but I don’t know, and it’s frustrating and scary.	0	0	0	0	0	0	1	0	0	0
As I did not find them friendly, I passed my time in the room a lot and I stayed close to my boyfriend and so the kids felt that I do not want them in the couple.	0	0	0	1	0	0	0	0	0	0
I could think things into being, see the future, and I’d caused the death of my grandfather by picking up a penny which’d been facing tails-up. When my mother sent me the pictures she’d taken, I had so much anxiety I cried. It was such a dreadful panic.	0	0	0	0	0	0	0	0	1	1
He is a gifted kid who doesn’t really like school. He speaks out of turn, has said mean things, and doesn’t really seem to care about authority or following the rules.   He gets really wound up and doesn’t listen and it feels like attention seeking behavior. 	0	0	0	1	0	0	0	0	0	0
Been a nightmare since I moved here. 	0	0	0	0	0	0	0	0	0	1
But as I got older, this feeling became less enjoyable, and much more distressing. I removed all posters, covered up DVD cases, drew over the eyes on books.	0	0	0	0	0	0	0	1	0	0
We would like to take him to his teacher tomorrow and make him return the items, but fear that he will be socially scarred for life and worse, he may stoop in to do worse things for us exposing him to his freinds	0	0	0	0	1	0	0	0	0	0
Sometimes when I post to an online forum but don’t get replies, I feel like I am a big annoyance and bother. After some of these occurrences I have had more frequent intrusive thought attacks, with my anxiety screaming things like: “You’re insane!” “You are an intrusive burden for asking people these questions!” “You’re handling this all wrong!” “You should have known better than to continue those conversations!” As with talking to friends of the opposite gender: “You are a dangerous disgusting disgrace, and you have no business with women!”	0	0	1	0	0	0	0	0	0	0
Unfortunately for many years now this is not the case. I tend to believe that this was due to a very hard break up that I had when I was around 21.	0	1	0	0	0	0	0	0	0	0
He has been fighting with my dad about every little thing.	0	1	0	0	0	0	0	0	0	0
So im sure this plays a part I why my mood has been so negative recently.   2 times I was the cause of him vbreakinbg woth someone he loved (guilt), and I wad responsible for insisting to let me see what sex feels like.	0	0	0	0	0	0	0	0	1	0
I keep telling myself maybe she might get it and I try to stay strong but cry every time because of how bad she makes me feel. I try to sound strong mentally but it is killing me.	0	0	0	0	0	0	0	1	0	0
I find myself with a unique sort of thinking for a long time ( a few years now)which finds ultimate worthlessness in achievements in life and therefore experiencing significant lack of interest in life affairs.	0	1	0	0	0	0	0	0	0	0
One other mental process I want to point out about myself is that I see behavior in black and white terms. What I mean by this is that you’re either “perfect” or a “failure”.	0	0	0	0	0	1	0	0	0	0
I’m afraid that one day I’ll be sent to a mental institution if I end up doing something horrible.	0	0	0	0	1	0	0	0	0	0
It has really started to affect my relationship and I can’t be surprised because I know I can be a nightmare at times.	0	0	1	0	0	0	0	0	0	0
am feeling very resentful of him and his past mistake.   I am angry at him for having a daughter and get physically ill often when she is around as it makes me think of him and her mother. 	0	0	0	0	0	0	0	1	1	0
But I want this weird arousal to go away, and I need to be attracted to girls. 	0	0	0	0	0	0	1	0	0	0
And ignoring the problem feels like it could only make things worse.	0	0	0	0	1	0	0	0	0	0
There are two sides of me. There’s the one thinking that I should have a relationship but the other side of me doesn’t want anything at all and by even thinking about being in a realitonship makes that side of me sick. Everybody telling me that I should have a relationship: “how can I say that I don’t want something if I haven’t even tried it?” 	0	0	0	0	0	0	1	0	0	0
She has always been a little nuts (yelling at guys she doesn’t like, getting belligerently drunk, etc).	0	0	1	0	0	0	0	0	0	0
And I keep jumping in the ring for more punches.	0	0	0	0	0	0	0	0	1	0
I haven’t been diagnosed because I’m afraid of telling my family.	1	0	0	0	0	0	0	0	0	0
I feel like I can’t handle a normal long term relationship. 	0	1	0	0	0	0	0	0	0	0
I do know she’s better not knowing every detail but I feel she can handle a PG version of the truth.	0	0	0	0	0	0	1	0	0	0
Ok let me start with the fact i dont like to be mad but I get mad at everything and people dont help what so ever.	0	1	0	0	0	0	0	0	0	0
She was my everything. After losing her, I feel like I have nobody.	0	0	0	0	0	0	0	1	0	0
They neither helped us but it seemed were only there to criticize us.	0	1	0	0	0	0	0	0	0	0
In the past few weeks I have seen both of my doctors and didn’t feel like wasting their time with this. 	0	0	0	0	0	0	0	0	1	0
It feels like the world is collapsing in on me. That is why I stay inside a lot, and play my video games.	1	0	0	0	0	0	0	0	0	0
Can’t enjoy anything I love.	0	1	0	0	0	0	0	0	0	0
i found that i feel trouble in decision making , i always allow other people to decide/choices for me ,like letting my mom to decide which school and college for me to go , which subject for me to study.starting from primary school i always lean on one friend(i cannot stand without friend), i will feel anxious and helpless when i was alone.	0	1	0	0	0	0	0	0	0	0
i feel dizzy everyday and want to vomit nearly everyday.	0	1	0	0	0	0	0	0	0	0
Medication resistant, i have tried them all. I have tried all the medications out there for depression and bipolarI don’t know how to find the best dr for this and am afraid of cognitive loss, memory loss. 	0	1	0	0	1	0	0	0	0	0
As it is, I have never been in a relationship, because I never trust the men that try to ask me out.	0	1	0	0	0	0	0	0	0	0
I thought when I told him this is my first time he would defiantly do it more gently.	0	0	0	1	0	0	0	0	0	0
I’m looking for advice on how to have a constructive conversation with my conservative Christian parents about the negative effects that my overbearing Christian upbringing has produced and discuss the fact that when/if I do reproduce I do not want this set of beliefs anywhere (at all) around my child until they are grown and can form their own opinions.	0	0	1	0	0	0	0	0	1	0
I’m afraid if anyone who’s close to me is late (Even 2 minutes late).	0	0	0	0	0	0	0	1	0	0
She is acting out in school almost every day. She even talks back to adults. I have lost control.	0	0	0	0	0	0	0	1	0	0
People often seem to find my behaviour odd. I’m very introverted.  Usually I recite the numbers “1 2 9 10 5 9” if I realise that I’m talking to myself in public because I start to panic and think people are going to think I’m strange even when no one has noticed.	0	0	1	1	0	0	0	0	0	0
I have been with my husband for 5 years and my step daughter is now 11 years old. A couple years ago, she started to act out and become disrespectful and lazy. We tried everything to discipline and teach her how to be kind and empathetic, but no improvement was made. At this time, we spoke to her mom and step dad and all agreed she should be tested for a disability. Turns out she has Oppositional Defiant Disorder (ODD), but her mom refuses to consider medication or alternative holistic approaches to helping in this matter.We put an end to that quickly and explained that we will not tolerate her jealousy or manipulative tactics to separate us. She has used manipulation techniques like this for a couple years and started by playing the mom and dad against each other. I have done nothing but accept her into my life and have her become like a real daughter. About a year ago, her behavior started to change and she started displaying annoying and selfish behaviors that upset me greatly. She still expects her father to carry her up the stairs to put her to bed, massage her feet, snuggle with him on the couch, pick out her outfits and be in our bedroom without permission. I feel like she is challenging and competing with me.	0	0	0	1	0	0	0	1	0	0
I know it’s out of hand and I’m trying to work on it.	0	0	0	0	0	0	1	0	0	0
I feel that my actions are not natural and are being constantly controlled by my conscious mind. My brain feels overwhelmed from all the information that it is receiving and I just can’t act normal (even if I look normal, I don’t feel normal).	1	0	0	0	0	0	0	0	0	0
The other day with my 9-month-old cousin and was questioning whether he was real or not. It scared me so much. I know that it’s isn’t true but that thought get repeating in my head.	0	0	0	0	0	0	0	0	0	1
My home life is horrible as i have an abusive older sister who i used to be very close with and now my parents always yell at me and call me the abusive one. I have often panic attacks, i vomited recently after a traumatic event and i can never walk away from my technology no matter how hard i try.	0	1	0	0	1	0	0	0	0	0
What’s wrong with me?	0	0	0	0	0	0	0	0	1	0
It’s not a body image thing it’s more I feel like a dick doing it and it seems very contrived & superficial but the only one suffering as a result of not doing it is me.	0	0	1	0	0	0	0	0	0	0
I was terrified of what people thought about me, and I still am. And because of that I avoid people, even my classmates.	0	0	0	1	0	0	0	0	0	0
I’ve been experiencing hallucinations and delusions, mainly delusions. I often see a figure following me around just behind my back, shadows near me, and my delusions include the thought that everything i see is not real, that everyone hates me, that something will eventually come and kill me, even if its not alive, amd much more.  The smallest task can seem like such s pain, and i have also many more things i have experienced.	0	0	0	0	0	0	0	1	0	1
Since then, whenever my mother is out alone, I become hysterical. I constantly ask her not to go out alone, in the fear of losing her. I get so worried whenever she is sick or just catches a minor cold.  All throughout those hours I fail to concentrate on anything productive. I even discarded the idea of studying outside my State. I’m sure my dad won’t be able to take good care of her. And without mum I don’t even know how I’ll go on. I can’t even imagine a second not knowing if she’s OK. I don’t know if this over-protectiveness is good or bad. But I get the feeling that I keep losing everyone I love.	0	1	0	0	0	1	0	0	0	0
I really don’t want to feel this way and i have tried over and over again to change it, but it’s like nothing is going through my mind like whatever i tell it, it just doesn’t want to listen i try to force myself many times to do stuff but it’s like it doesn’t want to do anything i already know everything others are telling me but my mind is just ignoring everything like shutting itself away, like i am a walking corpse.To be more blunt i feel like inside i am dying and i just can’t seem to revive it and people keep telling me i am lazy and what not but i just can’t seem to do anything.	1	0	0	0	0	0	0	0	0	0
I am noticing a trend in my own life, whereas my own negativity and bitterness has become a part of my personality. I have always been on the blunt end of any experience; social rejection, bullying, assault and alienation seem to follow me on a constant basis no matter how I change my attitude. I have learned to simply just accept this, as life for me will never get better, and all attempts to possibly change that belief are futile. I tend to talk to people that are no lesser from my own life, for they have also undergone the same issues that I have, but it has become clear to me that not even they want to associate themselves with me.	0	1	0	1	0	0	0	0	0	0
People don’t understand. I feel like im going mad. I sometimes can’t even show any emotions because i simply can’t feel. That hurts people. Im ridiculously empathetic but also ridiculously insensitive. Im always crying for no reason. I will burst out laughing for no reason. 	1	0	0	1	0	0	0	0	0	0
And now i never think that my fearest day will come when everyone find out what’s the true.	0	0	0	0	1	0	0	0	0	0
I feel like he want someone else and is just with me because he can’t get those girls	1	0	0	0	0	0	0	0	0	0
I just can’t get along with her. I think she just hates me.	0	0	0	1	0	0	0	0	0	0
I see the light flickering by my window, someone’s there. I hear something under my desk, someone’s there. Every little thing is making me terrified and unless I take benedryl, I physically can’t sleep because I’m so afraid.	0	0	0	0	0	0	0	1	0	0
To be honest I don’t know what his feelings for me are really, because he never expresses himself.	0	0	0	0	0	1	0	0	0	0
For the outside world, we are perfect couple, who loves adventure, travel, cooking and is madly in love. Behind the door is a different story.	0	0	0	0	0	1	0	0	0	0
I’ve always just thought of it as my own thoughts, except way louder and more aggressive, but after reading about the difference between your own voice in your head and hearing a voice, I’m now more concerned about the episodes.	0	1	0	0	0	0	0	0	0	0
I know that death comes and it has to come but I hate thinking about my family dying. I obviously know that it’s natural but it’s just hard to come to terms with it.	0	0	0	0	0	0	1	0	0	0
I am anti-social for I do not talk a lot, except when the ball gets rolling fast.I believe humans are dirty and their major folly was being created in the first place.	0	1	1	0	0	0	0	0	0	0
I have been suffering severe anxiety for almost 8 months now and I have tried everything from changing my diet to meditation to no avail. I was numb for 4 months straight and I have had difficulty breathing for nearly three months straight.	0	1	0	0	0	0	0	0	0	0
There’s only two people I would never be able to kill, and they’re not a part of my family, which means I have to control myself greatly each day around the people I’m supposed to ‘love’.	0	0	0	0	0	0	1	0	0	0
She always stares very intensely at other people and never says anything. She stands very uncomfortably close to other coworkers, behind them, next to them, etc., and never says anything, just stares and listens.	0	1	0	0	0	0	0	1	0	0
Since young I had constant mood swings and extreme emotions. I said things that weren’t logical or had any sense at all.	0	1	0	0	0	0	0	0	0	0
I’ve been worried about bringing this up with a psychologist because I am a mother I’m worried they will call CPS on me.  But the problem is I have no maternal NEED to do these things, from talking to friends with kids, when their children as an example get hurt, they have this NEED deep down to make them feel better, to comfort them etc.	0	0	0	0	1	0	1	0	0	0
Now that we are broken up and he treats the relationship as if it were my fault for it ending and makes me do all the work to get him to talk to me, we have parted ways completely, and too often I have urges to harm him, mainly to show him the pain he caused me and my cause other, and also because he is entering the military with confidential computer data access which scares me.	0	0	0	0	0	0	0	0	1	0
I’m afraid people can hear what i’m thinking and they’re all just trying to hide it from me.	0	0	0	1	0	0	0	0	0	0
My mother always comments on my appearance or tries to quickly fix small things about how I look– like hair or clothing– even though I constantly ask her not to, and now I hate receiving compliments from her.	0	1	0	0	0	0	0	0	0	0
I’ve tried explaining to him that it’s not his fault at all, but I worry that he still feels like he’s inadequate.	0	0	0	1	0	0	0	0	0	0
There are times where I feel completely fine emotionally, but I’ll find myself thinking “I hate my life” or “I’m a worthless pice of crap” or something else along those lines.	0	0	0	0	0	0	0	0	1	0
She is 14, and will be attending a dance school in NYC alone at the age of 16, and I want to get her help before it is too late.	0	0	0	0	1	0	0	0	0	0
The glitch, to the perfect story comes a few months after we started dating. He misses dinner and a weekend we were supposed to have together and doesn’t return my phone calls.	0	0	0	0	0	1	0	0	0	0
Now, my anxiety is getting worse. I am starting to display what I would call “social anxiety” symptoms. I don’t leave the house unless I have to for work, I avoid going to parties, I avoid meeting friends for lunch or dinner, I even show up late for family Christmas parties.	0	0	0	0	0	0	0	1	0	0
im unable to freely talk to people as I feel shy communicating, I feel I’ll be judged (either for my eng grammar or petty /less aware knowledge)	1	0	0	1	0	0	0	0	0	0
Most of the time I’m getting really angry at the smallest things and my behavior while in this state really worries me.	0	0	0	0	0	0	0	1	0	0
I also tried to cut myself three times in my wrist because I feel so worthless.I’m also paranoid in getting microbes like I alcohol every time.	0	0	1	0	0	0	0	0	0	0
However, I get these waves of intense sadness for no particular reason. It might have something to do with me despising myself (how I look, how I act, etc.). I would talk to someone about it, but I don’t want anyone close to me to know what I’m going through. I’m scared that one day I’ll crack and show everyone how I truly am.	1	0	0	0	0	0	0	0	1	0
I am fast reaching my breaking point as nothing seems to be going well in my life.	0	1	0	0	0	0	0	0	0	0
The associated problem from a very untrained point of view is that they have for the first time in their life at 50 realized they can’t have everything they want and life isn’t always fair – and this lesson coming so late has really thrown a curve ball at them.	0	0	0	1	0	0	0	0	0	0
I have never dated a man who didn’t lie or cheat or do something else bad to me.But I guess I’ve been hurt so badly,I’m taking everything out on him,which I know is not fair. He’s broken up with me on numerous ocassions because he can’t handle my always acussing him of things I have.	0	1	0	0	0	0	0	0	0	0
it’s hard for me because she still talks to me every day I see her at college we have the same classes. it’s very hard because she gave me signals than she rejected me I don’t know if I should tell our common friend that she loves her I don’t know if a should stay by her side I don’t know if I should leave it’s just too hard for me I care for her and want to know if this bad relationship with her dad and our friend being caring are the reasons that she rejected me or she maybe thought that was love and she is just afraid of losing her best friend.	0	0	0	1	0	0	0	0	0	0
There are some times we’re I also feel like I’m dreaming constantly.	0	1	0	0	0	0	0	0	0	0
I guess I didn’t really plan for it or think about how it might affect me.	0	0	0	0	0	0	0	0	1	0
I am a compulsive liar. I will lie about anything, even simple things for no reason. Sometimes I won’t even realize that I have lied until later on. And now looking back in my life I have always done it. It’s like an addiction. I can’t stop no matter how hard I try. I will lie about the stupidest, pointless things..for absolutely no reason.	0	0	1	0	0	0	0	1	0	0
It’s no longer I could never kill; now it’s & I could, and I kind of want to; I want to be like him, even though another part of me screams not to. I know right from wrong, but I fear the longer these intense homicidal ideations fuel my mind, I may crumble become my nearly lifelong fear. I	0	0	0	0	1	0	0	0	0	0
To make matters worse, I’ve completely lost the ability to empathize with others, or rather, I can’t remember the last time I’ve felt empathy towards anyone.  I noticed my issue upon a death within the family, throughout the entire process I didn’t feel anything, at points I even tried to force myself to feel as I thought I would be a horrible for not doing so.	0	1	1	0	0	0	0	0	0	0
I have had panic attacks for 10 years recently they have gotten so much worse and I can’t get through them anymore.   I have severe health anxiety and my heart will go fast for no reason it seems like so now I’m convinced I have A fib and I can’t let it go. 	0	1	0	0	0	0	0	1	0	0
It sounds awful and I feel guilty, but I can’t seem to care about my relationships with people either romantically or otherwise.	0	0	0	0	0	0	1	0	0	0
I have always resisted the idea of dating and being in a relationship. And don’t get me wrong, I’ve had a handful of crushes growing up and a couple have been mutual. But my fear of dating is so intense that I panic and cope by becoming mean and closed off to make them change their minds.I’m sure the way I was raised has something to do with this fear. My dad was a neglectful drunk who burdened me with his marital problems. It had a negative effect on me and caused a lot of anxiety and depression episodes. Could I have developed PTSD from that? And because of his drinking I now have no meaningful relationship with him. I don’t even love him. I honestly fear ending up with someone like him. I also fear I’ve waited so long to get in the dating game that I feel a lot of shame and embarrassment.	0	0	1	0	0	0	0	1	0	0
My self-confidence lowered in time and now I feel like empty shell and completely worthless as human. 	0	0	1	0	0	0	0	0	0	1
my dad and my mom are seperated i barely see my dad but sometimes he will call me and promise he will take me somewhere or get me that gift i wanted or something like that but more and more lately my dad has been breaking promises and i can’t help but to cry he has broken to many and i am tired of crying but i always do i expect it now but i always do i don’t want to cry over him anymore	0	0	0	0	0	0	0	0	0	1
Hi, I am 24 and my sister is 22, and she has got to be the most selfish person (family wise) that I know.	0	0	1	0	0	0	0	0	0	0
for a long time now i have felt empty and bored with life, i have had no ambition or motivation to do anything, i always see how people have dreams and aspirations but i have no desire for anything, not even money can buy me happiness.	0	1	0	0	0	0	0	0	0	0
I feel very overwhelmed when I go to do anything, so I just stay on the couch and do nothing. I feel very irritable when I do have to get up to do anything, and not being able to do anything has been with me since my depression started pretty much.	0	1	0	0	0	0	0	0	0	0
Not to mention that I have literally modeled my entire personality after an idea of what I think a specific celebrity is like.  And I’m afraid that I’m obsessed with them, or that I might try to hurt them for some reason, or maybe that there’s not really a real “me”, or that I’m still that overweight, gross, depressed, talentless and ignored kid I was in grade school.	0	1	1	0	0	0	0	0	0	0
. So I waited …while I was waiting really heavy thoughts started getting to me and I kept repeating it was all my fault this happened in my head …it’s always my fault ….i should die … Stuff like that ..I worked myself into a emotional state.	1	0	0	0	0	0	0	0	1	0
He has always lied and been spiteful.	0	1	0	0	0	0	0	0	0	0
My aunt seems to have formed a close relationship with him, despite that, and refuses to see him go.	0	0	0	1	0	0	0	0	0	0
We were never allowed to be sad, or mad, or anything else that wasn’t happy.	0	1	0	0	0	0	0	0	0	0
I have been plagued all my life with a lack of memory for practically my whole past.	0	1	0	0	0	0	0	0	0	0
I have a friend who we call each other “best friends”;. however she is not really open to me.	0	0	1	0	0	0	0	0	0	0
 I started hating myself since 1 year ago and it just keeps getting worse.	0	0	0	0	0	0	0	0	0	1
I’ve always had real bad health problems. And my family has always treated me like a piece of crap. But recently it’s gotten worse. My grandma’s friend told my grandma a lie about me claiming I said ‘I’d cut off girls’ fingers if they came into my room! now this is a total lie. I would actually like it if a girl came into my room xD.	0	1	0	0	0	0	0	1	0	0
But I cannot make him talk to me so he is never going to understand and I am doomed forever to the abandonment I feel.  While he was supportive during 2 medial emergencies I experienced now I have to guess that because this alleged malady of mine is emotional he views it something i made up to to manipulate him.	0	1	0	1	0	0	0	0	0	0
If something takes too long to fix, I will become frustrated and completely give up. This is making things hard during class, because if I can’t seem to write a word the right way or if I have to keep writing and erasing the same word I will get frustrated and want to push the paper away.	0	0	0	0	0	1	0	0	0	0
I can’t imagine not having him in my life. I’ve never loved anyone like i love him. The only problem is that we fight all the time. He literally drives me crazy and we are hardly ever happy anymore.	0	1	0	0	0	0	0	0	0	0
I had panick attacks and couldn’t study at all in my last year in high school. I tried to talk to people but they just told me to try it harder when I was having awful days, and I just stopped searching help. Even now in university I find really hard to concentrate on anything. I’m never happy about any of my achievements and I think nothing is important in my life.	0	0	0	0	0	0	0	0	0	1
Part of me thinks this is a routine, and just do the same thing and things will be okay, another part of me, thinks I should just let him go, because maybe I’m forcing him to stay with me.	0	0	0	0	1	0	0	0	1	0
My #1 problem right now is I seem to have a huge,massive, paralyzing fear of the mail & bills.	0	0	0	0	0	0	0	1	0	0
My birth mother had a number of different mental health problems that seemed to have possibly ran in the family- because now my little sister and I are experiencing them.	0	1	0	0	0	0	0	0	0	0
So, a lifelong issue (as I’ve come to the realisation of) is that my mood, thoughts and feelings change way too quickly, way too easily and for no strong reason.	0	0	0	0	0	0	1	0	0	0
I went to 3 different therapists and left them all because I felt too anxious talking to them.	1	0	0	0	0	0	0	0	0	0
I have plenty of friends, but I feel very alone. I feel like a constant disappointment to my parents, and I don’t know how to feel comfortable with them.	1	0	0	0	0	0	0	0	0	1
I hope I can get some kind of answer for where these feelings come from, then maybe I won’t feel so guilty or wonder what exactly is wrong with me.	0	0	0	0	0	0	0	0	1	0
I had the tendencies to please people before him but after him it is the most noticeable, in my opinion, trait about me.	0	1	0	0	0	0	0	0	0	0
Its like sitting on a time bomb and trying to get it to explode.	0	0	0	0	0	0	0	1	0	0
I’ve lost all motivation to do anything. I have a lack of interest in things, and all of my emotions have been becoming extremely dull.	0	0	0	0	0	0	0	0	0	1
My boyfriend has been with more people than I can imagine.	0	0	0	0	0	0	0	1	0	0
That is one where I now feel no purpose or have any desire to do anything with life and feel it not too far away where it becomes unmanageable and I will commit suicide, albeit not wanting it.	1	0	0	0	1	0	0	0	0	0
My mood is here and there, one moment I’m okay and the next I’m angry and irritable.	0	0	0	0	0	1	0	0	0	0
thers, to my friends especially, I appear bright and happy, and they never notice what’s happening to me.	0	0	0	1	0	0	0	0	0	0
I realize that psychopaths aren’t wired to feel anxiety or irrational thinking, which, the anxiety alone would preclude me from possibly being a psychopath, but am still worried about the possibility of sociopathy.	1	0	0	0	0	0	0	0	0	0
I know it’s absurd, but I can’t shake this belief.	0	0	0	0	0	0	1	0	0	0
I can only control not to do this for only 1 day and then I start to do it again.	0	0	0	0	0	0	0	0	1	0
They have been addressed and he admits the times he was drinking too much but over the years this has caused SEVERE anxiety in me. He still (just 4 months ago) drove home drunk from a co-worker’s house. So there hasn’t been a time where he has consistently shown a change because little things like that keep happening to recylce me into this time where he was drinking excessivvely.	0	0	0	0	0	0	0	1	0	0
I cant talk right, not even when Im alone.	0	0	0	0	0	0	1	0	0	0
This helped me a great deal while I was doing both of those things however, I chose to stop them both as I made myself believe I didn’t need them.	0	0	0	0	0	0	0	0	1	0
My husband wasn’t coping well with the thought of losing his family and I don’t think he was thinking clearly.	0	0	0	1	0	0	0	0	0	0
i am beyond antisocial and hate socializing or being around people.   i have absolutely no interest in human interaction.	0	1	0	0	0	0	0	1	0	0
I encouraged him to go visit, because the guilt at not going was evident and I knew he would have terrible regrets if his foster father died and he had not gone to see him in so long.	0	0	0	1	1	0	0	0	0	0
I’ve never had a problem making friends, although I’ve always been selective about who I let get close to me. I am not someone with huge friendship groups though I have lots of individual friends. I do have a group of “best friends” that I met at uni 10 years ago, 3 of whom I am closest too and have stayed in touch.	0	0	0	0	0	0	0	1	0	0
I realized that I play this role of being a friendly person, pretending to understand others and their idiotic problems.	0	0	1	0	0	0	0	0	0	0
He knows but my parents do not. My family is Mormon but I am not, and I don’t want to disappoint my parents more than I already have.	0	0	0	1	0	0	0	0	0	0
He was never supportive or compassionate, instead he was abusive and cruel.	0	1	0	0	0	0	0	0	0	0
Some siblings have drug issues and some are just gossipers wanting to start problems, but all of them (6 siblings and mom) do not like me. They try to hurt me talk bad about me and make my husband choose sides.	0	1	0	0	0	0	0	0	0	0
She is a very jealous type of woman who has not allowed him to have female friends.	0	0	1	0	0	0	0	0	0	0
I sometimes say things that didn’t really happen or that I don’t mean. Does this mean that the med has failed?	0	0	0	0	0	1	0	0	0	0
By parents were mad at me because somehow an 11 year old was suppose to know what to do.   I thought it was my fault.	0	0	0	0	0	0	1	0	1	0
I’m not a normal person.  I’m a boring person.  My voice is drowned out, and the thought of how quiet my voice sounds turns me off from saying anything at all because no one can hear me so people talk over me.	0	0	1	0	0	0	0	1	0	0
Despite the fact that we now have an alarm system, dogs, etc. I still do not feel safe. This fear often keeps me up at night, listening for any noises or looking out for anything out of the ordinary. During this time i often experience panic attack like symptoms as well as extreme paranoia.	0	0	0	0	0	0	0	1	0	0
I’m scared to talk about this with my therapist because I’m scared of what she might tell me. Plus I think my parents are sick of me talking about my trauma and I don’t want to be a bother.  Like sometimes I’m on top of the world and love everything and everyone and I’m ready to move out and be a doctor, but sometimes I want to die or I want to be ten years old and curl up in a ball and cry.	0	0	0	0	1	1	0	0	0	0
Also if I am walking by someone and they whisper to someone else or laugh I get paranoid and feel it is about me. Also I can walk by people and in my mind violent aggressive fictional scenarios play out about this person and me even if they are a stranger as if something inside me is going to make me attack them though I dont want to.	0	0	0	1	0	0	0	0	0	0
No matter the situation, he gets completely overwhelmed, starts thinking about the worst possible outcome, and stresses himself out.	1	0	0	0	0	0	0	0	0	0
And if anyone of my uncles knows about her texts and the pictures she sends to that guy, they will kill her because it is against our religion and our culture and they are very strict. I always cry and I still look thru her phone and see all the disgusting things she says and sends to that guy. I don’t know if I should tell anyone or keep it a secret still.	0	0	0	0	1	0	0	0	0	1
One is, I know I lack a lot of empathy. A lot of people that know me tell me this. An example is, one time I made my friend upset (she was crying a lot) and I didn’t care at all. I knew how she was feeling but I didn’t really care. I didn’t feel any remorse.	0	1	0	0	0	0	0	0	0	0
A weirder example is when I got a second cat, I kept trying to convince my parents to give her away because I liked the dynamic of having one cat,it meant no favourites and the thought of things changing made me cry just thinking about it.	0	0	0	0	0	0	0	1	0	0
what is happening to me now is that i can’t work because i have a weird feeling all the time that i am not comfortable with myself, my mind is always busy with something that i don’t know. I feel like there is something i should do and because of that feeling i don’t want to engage in conversations, i don’t want to sleep or eat or have fun and my stomach hurts all the time. i don’t concentrate with anything like even when watching a movie i feel like my mind is elsewhere.	1	0	0	0	0	0	0	0	0	0
I used to be a really nice, caring, understanding kid. Now I’m impatient and & rude.	0	0	1	0	0	0	0	0	0	0
My ex does everything she can to not let him play.	0	1	0	0	0	0	0	0	0	0
Growing up with my adopted family, I felt like I was put down for everything I did.   I feel like I am bad at showing affection towards him.	0	1	0	0	0	0	0	0	1	0
The problem is that almost every second of everyday, I feel like if I tell the entire truth in any kind of situation something bad will happen, or I will be in trouble.	1	0	0	0	1	0	0	0	0	0
I’m doing a litany of self-help wellness things that have taken over my entire life and I’m just getting worse.	0	0	0	0	0	0	0	1	0	0
This goes away for a time and I begin to go back to usual but then it comes back I know having a purpose helps but when I got a job a few months back I felt better than ever and as if everything was great and then all the sudden it came back not sleeping, anxiety, sadness, avoidance having no drive etc.	0	0	0	0	0	1	0	0	0	0
For the past 3 1/2 years, I have been commuting back and forth. I felt like I have missed so much of the college experience and have such little freedom compared to everyone else my age.	1	0	0	0	0	0	0	1	0	0
He is an amazing guy who obviously loves and cares about me a lot.	0	0	0	0	0	0	0	0	0	1
I have fake through and made some fake acquaintences in classes like science or p.e. in middle school I was bullied a lot and was called ugly, fat, and similar thing and have been told to kill myself almost every day in middle school. 	0	0	1	0	0	0	0	0	0	0
For as long as I can remember I have been backwards when it come to sleep.	0	0	1	0	0	0	0	0	0	0
Her boyfriend has never liked me. He never says anything positive.	0	1	0	0	0	0	0	0	0	0
I don’t fancy this guy, I don’t want to do any of the things we are discussing in the texts either but it continues to happen. I worry my partner will one day learn of the messages-I got him to delete one lot but then it started again.	0	0	0	0	1	0	0	0	1	0
She is reserved, introverted, grew up in devout Christian family, where everything is brushed under the rug. Well off. Book smart. I was your stereotypical extrovert. Silly, spontaneous. My family is open, but loud, chaotic, and had no structure. Poor. Street smart.	0	0	1	0	0	0	0	0	0	0
Basically, like the title suggests, I’m afraid my depression is a personality and that there’s no hope for recovery.	1	0	0	0	1	0	0	0	0	0
I love my little brother a lot and I could never hurt someone, but I’m so scared of those urges turning into reality.  I get an image of the situation and right when I snap out of it I start wondering what’s wrong with me, why am I like this.	0	0	0	0	1	0	0	0	1	0
From a teen in the U.S.: I feel as if I cant controle my emotions, I often get paniced and scared of thoughts and ideas that wont happen.	0	0	0	0	0	0	0	1	0	0
I can think about a person all day or a memory and just become so angry and I start thinking of ways to hurt or kill someone.	0	0	0	0	0	0	0	1	0	1
I haven’t told anyone this I know they’ll say “stop acting crazy” Or that’s ridiculous.	0	0	0	1	0	0	0	0	0	0
I’m scared I can’t control it anymore.	1	0	0	0	0	0	0	0	0	0
I could not tell anyone for fear of his reaction, I am aware of what I see, what I feel .. but there are times when I confuse hallucinations with the real world, these “imaginary friends” tell me to do and say things such as attacking another person, insult, hurt me physically it.	0	0	0	1	0	0	0	0	0	0
Could this be a disorder, or is it really something that’ll pass, and which I could potentially be causing myself(As my mom says.)?	0	0	0	0	0	0	0	0	1	0
The reasons I don’t want to tell her I am struggling is because I’m afraid she will try to bring everything back to her.	0	0	0	1	0	0	0	0	0	0
I feel like I’ll never be free of them.	0	0	0	0	1	0	0	0	0	0
I feel as if moving on to higher education will not be worth it. I feel if I were to apply myself to some field and envelop myself in my work that it would allow free-loaders to succeed and ride my coattails.	0	0	0	0	1	0	0	0	0	0
My boyfriend’s mother seemed to like me at first but since he and I have moved in together she has been my worst enemy.	0	0	0	0	0	1	0	0	0	0
I have my whole life ahead of me and my grades match up fine, but as this keeps progressing I lose focus and patience. Everything feels empty and I keep buckling down and closing in.	0	0	0	0	0	0	0	1	0	0
We grew close quickly and for some reason I just felt connected to her.	1	0	0	0	0	0	0	0	0	0
All the day, I would keep worrying about all these problems, which would give me butterflies.	0	0	0	0	0	0	0	0	0	1
Then I have times, probably more often, where I feel sorry for myself, feel ugly, stupid and can barely clean my flat or look after my pets.	0	0	1	0	0	0	0	0	0	1
My question is if there is a connection between early brain health and major recurrent depression	0	0	0	0	0	0	0	0	1	0
I am so mad at myself for not being able to remember more, it makes me feel like maybe I’m making the whole thing up. I also hate that when I think of my abuse directly, I mostly feel numb.	0	0	0	0	0	0	0	0	1	0
I try to find ways to fight, even the littlest of things i can make an argument, I don’t want to but i can never control myself.	0	0	0	0	0	0	0	1	0	0
She was also very arrogant as “she was a perfect beauty with brains” women.	0	0	1	0	0	0	0	0	0	0
I do not believe this is normal but he has me almost convinced I am at fault for these stipulations.	0	0	0	0	0	0	1	0	1	0
I think my mom is soo stupid because they dont even have a good realtionship and at least i talk to her but shes alwasy on his side.	0	0	1	0	0	0	0	0	0	0
The anxiety I get from it has changed me completely and I can’t do anything I used to.	0	1	0	0	0	0	0	0	0	0
My question is, because of my failures which I feel lead to the affair, should I be willing to give her more “time” to get to the point of working on her issues?	0	0	0	0	0	0	0	0	1	0
Im afraid to drink caffeine or eat anything that could possibly cause me any anxiety or worsen my feelings.	0	0	0	0	0	0	0	1	0	0
lie a lot and people believe me all the time, i always feel like the moment they knew me for who i am, they’ll leave me.   -i always end up ruining things.  there is just too many thoughts in my mind that sometimes i get tired of it. 	0	0	0	0	1	0	0	0	1	0
I have a great fear of heart testing and any type of test that requires my heart to be monitored. I’m afraid they will find something wrong.	1	0	0	0	0	0	0	0	0	0
I am healed now, but I do fear that I may have suffered a bit worse mental health-wise.	1	0	0	0	0	0	0	0	0	0
I am desperately seeking help because I feel something wrong with me but don’t know exactly what it is. I am always anxious and my emotions are so disturbed to the point of not feeling what I want to do the next moment. If i don’t have any idea how i feel, how can i lead a life then!!	1	0	0	0	0	0	0	1	0	0
I suffered from traumatic brain injury and have sense found out that i have a higher chance for certain conditions like Alzheimer’s and Parkinson’s disease. Since finding out i do not want to enter any love relationship because i feel it is unfair to ask someone to be ok with the higher risk involved with that.	0	1	0	0	0	1	0	0	0	0
My moods fluctuate from normal, to withdrawn/depressed, to excited, to crying, to screaming mad and scary irritable.	0	0	0	0	0	0	0	0	0	1
Hello, I have been dealing with this problem, I’m pretty worried I might be a Pedophile, I am 16 and shouldn’t really be worrying about this I feel like but it keeps eating at me, I’ve never had the desire to touch a kid, and when I did it was before I hit puberty (as a kid myself) when I was 14 I was in a relationship with someone a little older than me (she would have been around 15) I honestly felt like I was in love with this person, shortly after that we broke up and it honestly emotionally destroyed me for a while, I’ve been diagnosed with Chronic Depression and Social Anxiety, my mother is pretty certain I have OCD just by the way I talk about things.	0	1	0	0	0	0	1	0	0	0
It’s really bothering me right now because school is getting a lot harder and I feel like i can’t keep up.	1	0	0	0	0	0	0	0	0	0
I have tried to confront my friends, they denied it but a part of me thinks if they actually are conspiring against me then that is exactly what they would say.	0	0	0	1	0	0	0	0	0	0
Right after my grandmother died I also started pulling out my hair (trichotillmania) so it made me very self-conscious to the point where I thought I was the ugliest person ever which only made it harder to talk to people.	0	0	1	0	0	0	0	1	0	0
Sessions have now turned into a huge performance anxiety thing for me because I’m so afraid of how they’ll go.  I would still like to find ways to reduce the amount of worrying I do … but I can’t seem to be able to overcome my anxiety about therapy to make therapy useful to me. 	1	0	0	0	1	0	0	0	0	0
My breathing speeds up and i can’t stop thinking about it until i do it.	0	0	0	0	0	0	0	0	0	1
If I don’t wake up angry something small may happen and I’m mad for the entire day.	0	0	0	0	0	0	0	1	0	0
In the past, I have tried to tell him how his actions made me feel, and how it affected me, but he responded with defensiveness and I ended up feeling worse, like everything was my fault. 	0	0	0	0	0	0	0	0	1	0
The trip sucked he wasn’t interested in me based on his saying, attitude and he stated drinkingI want to believe him but I have a feeling I will have to take him to small claims court for this.	0	0	0	1	1	0	0	0	0	0
I have rather extreme anhedonia, I’ve lost interest in almost everything I used to like and I prefer to be by myself and spend all of my time outside of school by myself.	0	1	0	0	0	0	0	0	0	0
I’ve also had moments where I try to empathize with people in order to understand what they’re thinking, and maybe even try to “read their thoughts” in order to better connect with them.	0	0	0	1	0	0	0	0	0	0
I first noticed this when we were in the car together and a little girl walk by and he was undressing her with his eyes. I didn’t say anything and thought it was I was reading to much in to it.	0	0	0	1	0	0	0	0	0	0
I had a feeling this request would be ignored or dismissed by my mother so I got in contact with her closest friend of 40 years and told her of the situation and asked her to ring my mum and to try and arrange a one to one for me with her in the next month or so.	0	0	0	1	1	0	0	0	0	0
I used to love everything about life. I was so happy and ready to show the world who I was. I started college and during my junior year everything changed in one night. I got home from work and started feeling terrible. I felt like nothing mattered and that life had no point.	0	0	0	0	0	1	0	0	0	0
She always have this weird kinda act, for example like, she’s sulking because of one problem and then she became quiet and didn’t talk to anyone for 1/2 days then later she starts laughing and then crying, I don’t know what to do because she didn’t want to open up and slowly she makes me mad too because she kept laughing, scoffing Idk maybe she’s angry at me or what	0	0	0	1	0	0	0	0	0	0
I’m not in school, I don’t have a full time job, I don’t even know how to drive, and I feel like I have nothing to live for.	0	0	0	0	0	0	0	0	0	1
My parents and I have always not seen eye to eye, ever since I could walk there has always been physical and emotional abuse.	0	1	0	0	0	0	0	0	0	0
I don’t think I feel sexually attracted to him, but I am worried I may eventually feel that way.	0	1	0	0	1	0	0	0	0	0
Something in my head, not a voice but a feeling, told me she was going to dig her nails into my back and rip out my heart.	0	0	0	0	1	0	0	0	0	0
then, some days ago I found that she had sexual relationships with two other guys, and now these revelations are killing me. I was perfectly happy man but now I think I am the most desperate person in the world. I am like dying out of grief and I cannot handle it.	0	0	0	0	0	1	0	1	0	0
From the past couple of years, I feel I have lost my sense of emotion but, I entered a relationship a year ago.Now, I don’t have any, literally, any desires, needs or wants. I can’t seem to focus on things. My relationship brings me back some tough moments or makes me think how stupid I was. I start getting emotional when I think like that,so I tend to not think about.	0	0	0	0	0	0	0	0	0	1
I just want to stop the cycle of thinking about me being a pedophile and it ruining my life because I feel like it’s making me more and more anxious.	0	0	0	0	0	0	0	1	0	0
I feel like he really hates me at those moments.	0	0	0	1	0	0	0	0	0	0
For the past 4 years, I’ve been experiencing memories of bad stuff that’s happened as a kid. I have been bullied at school and have issues communicating with people and family. I don’t have to many friends and have a hard time talking with people. I get extremely irritated around a lot of people.	0	0	0	0	0	0	0	0	0	1
The problem was that i bad at everything, even if i were average, it wasn’t good enough at all.	0	1	1	0	0	0	0	0	0	0
He has been fighting with my dad about every little thing and talks to her after every fight.	0	1	0	0	0	0	0	0	0	0
I know the fear is irrational, I have no idea how I became afraid of it, I have been my whole life.  When I hear someone cough, I get very angry very fast and I feel an impulse to hurt them, but instead of hurting them I hurt myself (punching myself, hitting my head).	0	0	0	0	0	0	1	1	0	0
She’s completely irrational and I’m worried that she might have some underlying mental problems.  I don’t think that she understands how the way she talks to people effects their ability to help her in stressful situations. She doesn’t realize that I’m trying to help her, and that she is actually making it difficult.	0	1	0	1	0	0	0	0	0	0
I feel awful that my first reaction was to be selfish and I feel that shows who I really am.	0	0	1	0	0	0	0	0	0	0
if so how do i fix myself, im too scared to tell my councellor because she thinks ive made so much progress wih everything else i dont want to dissapoint her and shed probably want me to tell mom who would make me eat at the table again so she knows im eating	0	0	0	1	0	0	0	0	0	0
And I’ve been crying a lot about a lot of things like school work and stress. Even the smallest things like overhearing classmates make fun of my weight.  So I’m afraid that I’m overreacting like the annoying, dumb, fat drama queen that I am. 	0	0	1	0	0	0	0	1	0	0
Why can she look like that but I have to work to keep myself healthy? Why are such high expectations put on me that she doesn’t live up to? She is my biggest role model, and all I can think of at this moment is starving myself until I look like her.But when she’s not…my motivation goes away and I want to restrict.	0	0	0	0	0	1	0	1	0	0
 I have never got love. Because of all this my self esteem is gone way low.	0	0	0	0	0	0	0	0	0	1
Six months into the relationship I found him parked in his workplace parking lot with a woman at 3am. That night he had gone to a friend of ours house and I stayed home because I didnt feel well and when I woke up at 2am and he still wasnt home and wouldnt answer his phone i became worried. Now 3 and 1/2 years later i do not believe that he was cheating on me with that woman but he was sincerely just dropping her off but that night was the turning point in our relationship.	0	0	0	1	0	0	0	0	0	0
She knew I think and I believe she felt betrayed. I could tell because our sessions changed… She was in fact pushed away.	0	0	0	1	0	0	0	0	0	0
I feel that I am not enjoying my life, I am filled with regrets, have social anxiety and probably aspergers and let my low self esteem pull me down and feel I wasted my 20s.	1	0	0	0	0	0	0	0	1	0
And I feel as though she simply can’t grasp the fact that, I at least care about her.	0	0	0	1	0	0	0	0	0	0
I tend to do things to manipulate to make them think of me as a good person who cares about them so they would come in handy when I need them	0	0	0	0	1	0	0	0	0	0
I never felt bad about it but now I do because I came to know that’s basically why I never move on.  I tried controlling myself and refusing any urges to talk to whoever I talk to but I always fail.	0	1	0	0	1	0	0	0	0	0
The problem is that he doesn’t seem to care at all.	0	0	0	1	0	0	0	0	0	0
Avoiding doesn’t help and I don’t want to, nor replace it by forcing myself in a relationship. I want to confront it so I never have the issue again.	0	0	0	0	0	1	0	0	0	0
It’s all the time I laugh out loud because of my daydreaming whatever I’m feeling. For example If I am at the grocery store and I see a cute guy I would imagine I was his girlfriend and we had the perfect relationship, BUT if a another girl went to him I would get so upset and I would HAVE to leave the store because of that.	1	0	0	0	0	0	0	0	0	0
My mom has bipolar disorder and depression, she will spend a couple months never leaving her room and watching tv.	0	1	0	0	0	0	0	0	0	0
I thought I could hear the whole bus talking about me being stupid and ugly. 	1	0	0	1	0	0	0	0	0	0
People’s internal actions and reactions are so dull, slow, foolish, and I cannot say anything because they won’t be able to understand my words, and I know exactly why.	0	0	1	0	0	0	0	0	0	0
Then, she turned the same volatile screaming on me one day because she didn’t like that I was doing my MBA homework. I have never returned.	0	0	0	0	0	1	0	0	0	0
My teacher at school doesn’t teach the material but expects us to know how to do it on his level even though we’re beginners (AP Language). He gives everyone bad grades all the time and never praises us when we do good. His lectures to the class are no better than saying we all are terrible students and should be receiving even lower grades. He makes me feel unwanted and going to his class makes me really anxious. I’m currently trying to drop it, but my principal won’t return my emails regarding it. I want to get help, but the other part of me feels like I don’t deserve it.	0	0	0	0	0	0	0	0	1	0
I’m 15 and I don’t know why but I want to feel sad, I want to feel depressed. I have no idea why. Other sites have said its for me to pity myself, but I hate doing that. I just want to sit on my bed and cry over nothing sometimes. Is there something wrong with me? I always tell myself “you just want to have attention” but I’m not that kind of person. I hate it when people talk to me, and ask me questions, and basically give me any attention. And I think that’s why I’m having such a hard time find a source that helps me understand what is wrong with me. I mean, my life isn’t perfect, my mom is not supportive and is barley a parent. And I make that my excuse for myself to be sad. I don’t know what else to say, I don’t know why I want to be sad, or why I act the way I do. I just want to know what is wrong with me.	0	0	1	0	0	0	1	0	0	0
I have never trusted anyone which’s stem most likely from being molested.   I feel I’m ugly and no girl could possibly love me so they must have another guy.  I had to quit my job because I can’t be around people anymore, I feel weird and awkward and never have one thing to say.	0	1	0	0	0	0	0	0	0	1
My husband was acting like he was having an affair. He was lying to me.	1	0	0	0	0	0	0	0	0	0
I cannot figure out what is wrong with me, but there must be.	0	0	0	0	0	0	0	0	1	0
others grew up like normal kids so I became too weird for them.	0	0	1	0	0	0	0	0	0	0
I think I’m insane!	0	0	1	0	0	0	0	0	0	0
I’ve been impulsive and doing things that I regret later; smoking a lot more than usual, drinking all the time and trying other harder drugs like Xanax and coke(once) but thats weird for me because I’ve always thought of myself as weed only. I’ve also been hooking up with a lot more guys which is weird for me because I’ve always been kind of afraid of and have never been in a relationship and am very self conscious but I keep hooking up with guys I don’t care about.	0	0	1	0	0	0	0	0	0	0
But i feel like he’s not really understanding my behavior.	0	0	0	1	0	0	0	0	0	0
I would either have bad dreams or suddenly bad thoughts come into my mind. The bad dreams that I’ve been having mostly about being chased, getting stuck or confronting something that makes me feel helpless and after that, I would wake up breathing heavily and panting.	0	0	0	0	0	0	0	1	0	0
He cheated before and I have had a hard time trusting him since that but before that I was accusing him so I feel like I pushed him to it.	0	1	0	0	0	0	0	0	1	0
One is the same age as me and one is around 19 or 20 and they both have their own names and personalities, similar to what I experienced when I was younger. Now, however, I’m noticing that I’m becoming more and more forgetful of what I’ve done and sometimes what I’m in the process of doing.	1	0	0	0	0	0	0	0	0	0
No wonder I struggle with fears of abandonment. Everyone I’ve ever cared for has gone one way or another.	0	1	0	0	0	0	0	0	0	0
He has been experiencing some mood swings during that time feeling pressured … frustrated and overwhelmed. He still loves me and he knows we will be happy together, but he chose to give up on us … on our future together I feel devastated … hurt … empty and numb. I don’t know what to do anymore I don’t want anyone else besides him Is the stress causing him to act out n that he’s having an episode?	0	0	0	0	0	0	0	1	0	0
I always keep my emotions in and I realize now that I really can’t get them out. I can’t cry no matter how much I try and I haven’t cried for a year or so not even from pain — 2 months ago I got a big piece of glass all the way through my finger and it got stuck. After I got it pulled out at the hospital I had a huge hole but I didnt cry even though it hurt like hell	0	0	0	0	0	0	1	0	1	0
god i am so stressed to the point of suicide.	0	0	0	0	0	0	0	1	0	0
From the minute she wakes up in the morning she starts challenging us and I really don’t know what to do.	0	1	0	0	0	0	0	0	0	0
I sort of want to bring the idea up to my mom, but I don’t want her to judge me.	0	0	0	0	1	0	0	0	0	0
As a result, I have grown up to be very nervous, very shy, unable to trust others, unable to express love easily, unable to deal with negative thoughts or emotions in a productive fashion, afraid to be independent in the world, and constantly feel like I can’t make something successful of myself.	1	0	0	0	1	0	0	0	0	0
I have no space. I am forced to be with him all the time everyday.	0	1	0	0	0	0	0	0	0	0
I can’t stop laughing and quoting songs or lines from movies…or saying obscene things like “my vertabrae feels like a carnivorous dairy product”. Yes, this obviously could be mania, because I’ve been having problems with that for the past couple months, but I’m also hearing and seeing things, too. I keep hearing people talking bad about me, usually my friends’ or family’s voices, saying things like “you’re worthless, stupid, pathetic, ugly, blah blah blah”. A lot of the time I hear it when I’m alone and no one is there, which scares me.	0	0	0	1	0	0	0	1	0	0
Hello, thank you for reading this, People say overthinking is to think about a given issue way too much for me let’s say I had some trouble a week ago and now I have made a decision and that problem Is all solved and I know it however when I am free or happy I force myself to think about it and everything I just can’t stop it and I do that until I stop feeling happy.	0	0	0	0	0	1	0	0	0	0
I love my kids; I love to be around them. If I had my choice I would never leave their sides. I can’t, however, feel like I am a good parent for allowing them to live in the environment I have created.	0	0	0	0	0	0	0	0	1	0
I’m young,13. so i’m not sure if this is just me being dumb, but I am really uncomfortable and feel really anxious around my step father.	0	0	1	0	0	0	0	0	1	0
I’ve been feeling a lot but not enough at the same time. I go through a lot of emotions but I can’t recognize them, and a lot of what I do feels disconnected and bland. I don’t enjoy what I used to, and even when I think I’m enjoying something, I don’t feel strongly enough about it.	0	0	0	0	0	1	0	0	0	1
I don’t know why, but I enjoy feeling in control of others more than I should.	0	0	0	0	0	0	1	0	0	0
I sometimes just worry about being pitied or thought about in any sense, as I stick out as waiting, and sometimes I worry that my dad has gotten into an accident or something and I get really anxious	1	0	0	0	1	0	0	0	0	0
My mum and dad portrayed the best family for me, never argued, always treated us right and we were happy. Until my mum and dad split up, I don’t know all the details, I was 7 at the time.	0	0	0	0	0	1	0	0	0	0
I want to be sick, and I know that’s horrible, but I can’t help it.	0	0	0	0	0	0	1	0	0	0
I know this isn’t normal behaviour for any normal, functioning person but this is a last resort I suppose to really see if there is anything I can do before its too late.	0	0	0	0	0	0	1	0	0	0
He has a younger sister who is very attention seeking and comes and lives with us for a month every year.	0	0	1	0	0	0	0	0	0	0
I have gained back all the weight that I had lost during Interferon Therapy. I feel alone in my life. I don’t know what to do with myself. I still work but that is all there is. My wife and I get along but there is no emotional closeness between us. She goes out on the weekends with her girlfriends and I stay home. I have no close friends, I am over weight and lack confidence in myself. Nothing excites me, Nothing to look forward to.	0	1	0	0	0	0	0	0	0	1
We are only now realizing that many of our trials in life have been a result of her abandonment, lies, narcissism, and reluctance to acknowledge her hypochondria (which nearly frightened us to death as kids)or seek therapy for her own survivor’s guilt from when her own mother was killed by a drunk driver.	0	0	1	0	0	0	0	0	0	0
I feared that I’d be stuck with this forever, and thus my symptoms just kept getting worse as a result.	1	0	0	0	1	0	0	0	0	0
I know you’re gonna look at this and make assumptions because I’m a 16 year old girl and I self harm.	0	0	0	1	0	0	0	0	0	0
have always been controlled by my parents and they feel like their own opinion is the only and right one.	0	1	0	1	0	0	0	0	0	0
My GF thinks that if I reply to her that I will end up back together with her.	0	0	0	1	0	0	0	0	0	0
I haven’t told my parents about this because I don’t think that they would appreciate having a child who has mental issues and I don’t want to deal with the drama that will undoubtedly ensue.	0	0	0	1	0	0	0	0	0	0
I don’t see him anymore, and I still feel guilty. I feel as though I could have stayed there longer, could have been less prideful and tried harder.	0	0	0	0	0	0	0	0	1	0
I assume people want me dead when they give me criticism.  I was bullied as a child and in my teenage years and that is giving me a lot of problems.	0	1	0	1	0	0	0	0	0	0
Hello, I am 22 years old, I suffer from bad anxiety and I’ve been terrified of developing schizophrenia all of my life, I went through a period of my life a few years ago where I had awful anxiety, and I would hear what sounded like police sirens inside my head from time to time, eventually when my anxiety lessened, the noise went away.	0	0	0	0	0	0	0	1	0	1
I have been suffering from bulimia for four months now. I realize the health risks and I know I have a problem. I have been trying to stop for a month now with no success. Before this problem I was healthy and now I fear that all my hard work I have completed over the years to be a healthy person are going down the drain.I know that I have some self esteem issues and I will continue to work on that, but do you have any advice or tricks to stop these behaviors that have seemed to become habitual and uncontrollable.I have always dealt with my problems in the past and I would like to give this a shot.	0	0	0	0	0	0	1	0	1	0
I did not tell them because I was just seeing him and not asking them to engage in any form of relationship because I knew they would not want to.	0	0	0	0	1	0	0	0	0	0
I have a terrible fear of going insane. I feel as though im slipping into madness everyday. Then my own voice when i was very concentrated on thinking about it while walking at work poped in my head almost like instant words said “can you even ride good”. This scared me and cause alot of anxiety and still does when i think about it. I Knew it was my innervoice but i felt like i lost control and my mind blurted out without me doing it. Ive never had a person that wasn’t there speaking to me, or hear whispers. Just that i feel like i get so zoned out in something else that i mistake my subconscious thinking into hearing voice. (My own voice not someone elses. I dont feel like thoughts are being placed in my head or supernatural stuff). This has only happened once or twice when im really obsessing over something.	1	0	0	0	0	0	0	1	0	0
i even stop studying because I still believe that none exist machine will change my whole life. 	0	1	0	0	0	0	0	0	0	0
I see others around me, especially now, who work hard, but don’t have to work nearly as hard as I do to achieve better successes. It’s frustrating because I feel like such an idiot compared to my peers. I am such a SLOW learner. It takes me a ridiculous number of repetitions to get something. 	1	0	1	0	0	0	0	0	0	0
I think that I had so severly developed feelings for him, almost on an unconscious level, that I couldn’t bear to believe that he was gay.	0	0	0	0	0	0	0	1	0	0
I used to have a pretty high sex drive, but in the past year it plummeted completely.	0	0	0	0	0	1	0	0	0	0
I feel like my mind is not able to process anymore and its going to explode (no headache, but heavyness). I feel very heavy inside. When it’s not happening, i feel nothing, everything normal. But when it starts it feels like the processing power of my brain is limited and the input coming is too much, you will say difficulty in reading or writing but NO, that not it…everything is normal. I am not able to explain it well. My head will start to feel heavy and things become too difficult.	1	0	0	0	0	0	0	0	0	0
I can’t figure out what my problem is and I can’t help but feel like I’m exaggerating the depth of it.	0	0	0	0	0	0	0	0	1	0
Within the past few months, I’ve gradually found it much harder to leave my house. It is affecting me to the point where I have to take days off of school because I get physically ill (nauseous) from being around so many people for such a long time.  I’m terribly afraid of public speaking, working in groups, or being around people in general, and a lot of that is because I’m afraid of what they will think of me.	0	0	0	1	0	0	0	1	0	0
I have an IQ of 150 and I heard that high IQ individuals usually stay up late. 	1	0	0	0	0	0	0	0	0	0
But regularly I feel depressed, I comfort eat, I feel that I am being a terrible father, I feel that I am not supporting my family correctly and feel extremely guilty for having these feelings.	1	0	0	0	0	0	0	0	1	0
She did hit me with a rolling pin or her hands and I used to be so scared to walk past her when she was in a bad mood cause I was afraid she’d hit me if I was in her reach.  I stay locked in my room because I know if I come out and have a conversation it would turn to the topic of my weight and end in a fight.	0	0	0	1	1	0	0	0	0	0
I don’t know what to do because if I call the police he’ll get arrested and his future will be destroyed.	0	0	0	0	1	0	0	0	0	0
Am I making a scapegoat of their therapist? It just feels like she behaved recklessly and at the expense of my father.	0	0	0	0	0	0	0	0	1	0
But for as long as i can remember i have this constant fear of someone being in my house and them going to kill me. I constantly check closets and around corners. The fear never goes away and im always on edge that some random person is in my house and i could die	0	0	0	0	1	0	0	0	0	0
Just about anything can anger me now. Whether it is me stubbing my toe, my mom coughing or the neighbors making the tiniest bit of sound when taking out the trash	0	0	0	0	0	0	0	1	0	0
I am worried about my sexual fantasies, and worried that if I start stressing about them too much it might just trigger another psychotic episode, so even though this is not a pleasant subject I really need to talk about it with someone, but since I don’t feel comfortable talking about this with anyone, I figured I could write about it here.	0	0	0	0	1	0	0	0	0	0
No one believes me when i try to explain it to them.	0	1	0	1	0	0	0	0	0	0
I’ve never been the type to express how I feel in a sensitive way. I recently told her I didn’t wanna be with her and I felt it to be true up until she left and it’s been two weeks and she has already moved on and found a lover.	0	0	0	0	0	1	0	0	0	0
I’ll run through this order multiple times, typically until I get to wherever I’m going or encounter other people because I’m worried they will judge me for speaking to myself.   I’m always worried that I’m going to forget something on that list and that something bad will happen because I don’t complete that particular thing. 	0	0	0	1	1	0	0	0	0	0
I immediately think of the worst case scenario…It can get from “Oh they are just late”; to “What if they got in bad a car accident?” or “If I call them now they might get distracted while driving and it will be my fault, maybe they are in trouble.”	0	0	0	0	0	0	0	1	0	0
I’m now 24 and nothing I’ve to do with my life. When I get up –think to do take a step for my career or anything, I feel fear–; the fear of nothing I don’t know where this fear in came from and why I feared a lot Every time…my all day went like this.	1	0	0	0	0	0	0	0	0	1
What makes it worse is I used to be able to do this thing where I could tell what people were thinking, but now I can’t do it. Instead when I look at people I get this horrible feeling that they’re thinking the worst of me.	0	0	0	1	0	0	0	0	0	0
The same goes for my life – I just can’t seem to get anything started: Job applications, writing routines, relationships with the opposite sex, you name it.	0	1	0	0	0	0	0	0	1	0
My family hate him but they didn’t met him at all, they hate his parents so they don’t agree on this relationship and they talk about him in a very bad way and that hurts me so much. In addition, he is a short guy so they make fun of this every time.	0	0	0	0	0	0	0	1	0	0
Everyday I feel my life is being wasted.	0	0	0	0	0	0	0	1	0	1
I have had doubts about whether or not she really cares about me for few years.	0	0	0	1	0	0	0	0	0	0
I’ve been looking and i can’t seem to find a question like this, but i don’t know why i consider myself as “unattractive.” I’m a 15 y/o boy in high school and I always feel like i look so hideous, but people keep trying to tell me that I’m not.	0	0	1	0	0	0	0	0	0	0
I feel like I am lying and hiding.	0	0	0	0	0	0	0	0	1	0
I still see his face yelling those things to me till this day.	0	0	0	0	0	0	0	0	0	1
The urges range from wanting to hurt people and animals, to wanting to convince everyone that they are wrong about everything and that nothing they do is worth their time. Now i k,ow this might seem harmless but im 20 now, and slowly but surley the urges have gotten worse. I usually have 1 episode per year and im concered. Last year i actively went searching for an animal to kill and blugeoned a opposum to death with a pipe.	1	0	0	0	0	0	0	0	0	0
So we have spent quite a lot of time together and he can’t seem to be away from me for very long.	0	0	0	1	0	0	0	0	0	0
Any kind of sound irritates me when im in this mood.   I either believe people too much or don’t believe them at all.  I feel very guilty. 	0	0	0	0	0	1	0	1	0	0
I am so scared of some specific people that I cannot see or even hear theyr voices. I completely panic.	0	0	0	0	0	0	0	1	0	0
I’m very bold in my expression I am calm but usually I will be insulting and ask them why they did it. I’m usually quite the ass and wish them the worst luck in life. Simply because I believe that everyone should show some remorse for being rotten.	0	0	0	0	0	1	0	0	0	0
But I became so scared of having panic attacks I have shut myself in my home and can’t go anywhere.	0	0	0	0	1	0	0	0	0	0
He’s very passive aggressive. He’s creepy.	0	0	1	0	0	0	0	0	0	0
Maybe because of her, I’ve always being skeptical about marriage, thinking if all men will cheat–there will be no point of being married.	0	1	0	0	1	0	0	0	0	0
For example, I didn’t really care where I ended up going to college, and I should.	0	0	0	0	0	0	1	0	0	0
I’ve been losing emotions to everything.	0	1	0	0	0	0	0	0	0	0
I would love to know what y’all think about this because I don’t know what to think and I don’t want any of my friends to think I’m a slut so I’m not going to ask them.	0	0	1	0	0	0	0	0	0	0
Because of my desperate behaviors, I’m worried that she has taken this opportunity to control me. Can we recover from my PTSD episode that ruined our relationship, or are we just delusional.	0	0	0	0	0	0	0	0	1	0
She might need therapy but I don’t think shed even listen to this suggestion.  How can we help her, giving her space but we don’t want her isolated ( she doesn’t have relationships outside the family), confronting her will push her farther away, talking to her won’t work she will just refuse to listen and we can’t keep ignoring it	0	0	0	1	1	0	0	0	0	0
No one he loves, but he’s afraid that if he lets out his emotions the thing will take over and he will snap one day for a short time and do something irreversible.	0	0	0	0	1	0	0	0	0	0
That led to me questioning my existence and I feel totally disconnected from the person I used to be.	0	0	0	0	0	0	0	1	0	0
I’m also currently dealing with the possibility of being pregnant with his second child witch I honestly don’t think I can have since I had a c-section and I’m scared I won’t be strong enough mentally to go through another pregnancy since this last experience was so tough.	1	0	0	0	1	0	0	0	0	0
However, being bullied and told you’re a pedophile carries such a heavy social stigma that has taken longer to recover from. 	0	0	1	0	0	0	0	0	0	0
It’s like an obsession, and I think that’s it’s because I’ve always had a hard time classifying my emotions, so I try to classify my thoughts instead.	0	0	0	0	0	0	0	0	0	1
When I was in elementary school I was extremely aggressive and prone to tantrums far past the age where that behavior is normal.  They’re almost always triggered by other people, especially if I’m cornered or they stand to close to me.	0	0	0	0	0	0	1	0	1	0
Sometimes I think she exaggerates health issues to be the center of attention.   I know in the mind my mom will never really approve of me or respect me or be there for me, but my heart wont accept it.	0	0	0	1	1	0	0	0	0	0
Due to this I keep questioning whether or not I feel anything at all or why I just can’t experience true, full emotions.	0	0	0	0	0	1	0	0	0	0
We’ve lived together for around 4yrs, known him around 19yrs, and after 2yrs of living w/him, he has seemed slowly to lose interest in me.  My heart hurts, I cry way too much for my taste, and I am losing confidence in me. 	0	0	0	1	0	0	0	0	1	0
The idea of him talking to other girls bothers me, a lot. I’ve behaved very “crazy” like with him. I feel impulsive, out of control. I imagine all of these threats, and even if they are real, my behavior is out of control. I’m not asking this question so I could make my relationship better, I am asking because I am really concerned, and my behavior is affecting those around me.	1	0	0	1	0	0	0	0	0	0
For a very, very long time – about 4 years now – I’ve been certain I have a personality disorder.	0	1	0	0	0	0	0	0	0	0
I am not sure how I can stop the constant daydreaming but I am scared it will turn into something worse since I have been doing this for over a decade.	1	0	0	0	1	0	0	0	0	0
For the longest time, I’ve really started to take pride in things that most people would feel guilty for.	0	0	0	0	0	0	1	0	0	0
But this year I think somehow things have gone worse… I don’t find any joy in things that used to make me feel happy, I’ve been constantly day-dreaming and distancing myself from reality a lot, my self-esteem is on the ground…	0	0	0	0	0	0	0	1	0	1
I am scared if I tell him about it, he will think I am crazy. About 4 months ago I broke down crying in bed and couldn’t speak a word, besides “Ifv.. cnt…….. spk”. He just thought I was being silly. 	0	0	0	1	0	0	0	0	0	0
I only took notice of these disturbances when I began ruminating over things I had done in the past, and began convincing myself I was going to be arrested for these things.	0	0	0	0	0	0	0	1	0	0
So basically, it has to be far away from real life and very hidden for me to find pleasure in it and to escape the shame. I do also have completely normal fantasies and nowadays have to force myself to think about this fantasy in order to orgasm, but it doesn’t naturally come into my mind and, until properly aroused, I still find it genuinely disgusting.	1	0	1	0	0	0	0	0	0	0
I always seem to feel guilty, but I have no clue why.	0	0	0	0	0	0	0	0	1	0
My boyfriend has no trust for me due to past relationships.	0	1	0	0	0	0	0	0	0	0
I’m 19 years old, and I have a great fear of developing schizophrenia.	1	0	0	0	0	0	0	0	0	0
but, i don’t think i’m pregnant but i’m scared i am because of the feeling and it’s giving me major anxiety.	0	0	0	0	0	0	0	1	0	1
I felt guilty because I felt happiness when somebody died in a movie I was watching.	0	0	0	0	0	0	0	0	1	0
I believe that her home life worsens her condition.  She has so much potential. She is so intelligent- possibly the most intelligent person I know.	0	0	1	1	0	0	0	0	0	0
He doesn’t seem to trust others even me or my brother. He seems suspicious of others all the time.	0	0	0	1	0	0	0	0	0	0
I know the stuff the stalker said hurt him because he thought it was hurting me.	0	0	0	1	0	0	0	0	0	0
I am devastated, because I love him and because I feel guilty that I’m the one who caused the whole problem.	0	0	0	0	0	0	0	0	1	0
I wake up, I’m fine, someone does literally anything that I don’t agree with or approve of then I get angry as hell.	0	0	0	0	0	1	0	1	0	0
I feel like these experiences for David have traumatized him where he is always bringing himself down for every little thing he does. I feel like anything I say will make him feel bad about himself for the next few months. 	0	1	0	1	0	0	0	0	0	0
My junior year of high school I was depressed (sad, apathetic, irritable, indecisive, guilty, empty, having nausea and headaches)on and off, but in addition to the general feelings of “low mood” I’d have these brief episodes of extreme dysphoria– I was really agitated and felt desperate and hopeless and suicidal and empty and hollow.I’ve been hypervigilant ever since the panic attack, and when I went to college the hypochondria came back and stayed for about a month and a half.	0	0	1	0	0	0	0	0	0	0
Lately I’ve been feeling like nothing is going right in my life and I’m just too tired to deal with it.  For example, I’m working on a research project that I’m very stressed about but I didn’t tell my mom because she would get stressed and we’d end up yelling at each other. 	0	1	0	1	0	0	0	0	0	0
I’m just trying to figure out if It was the right thing to do. I need help learning if I am evil for what I did or not.  After all these years of brooding and holding in the secret I’ve become jaded and unknowing of what’s moral and immoral anymore. Can you help me determine if what I did was the right thing to do?	0	0	0	0	0	1	1	0	0	0
My Dad and I usually get on quite well. 	0	0	0	0	0	0	0	0	0	1
But that was 2 weeks ago and he has not said anything about it which gives me the impression he doesnt want to come	0	0	0	1	0	0	0	0	0	0
And they are always all over my sister in laws belly, never once mine. They have literally cried over feeling her belly, never even touched mine once. No one ever asks how my baby is doing.	0	0	0	0	0	0	0	0	0	1
Don’t know is this is the right place to ask but I’ve had a bad cough sporadically throughout the years. It only occurs when I’m having stressful or anxious thoughts. Mainly whenever I’m anxious is when it occurs. I have generally been someone who has had a lot of anxiety and since the last few weeks I’ve had some difficult personal situations to go through, I have had an increase of stress and anxiety.	0	0	0	0	0	0	0	1	0	0
He just doesn’t want to do anything and gets in fits of rage and depression.	0	1	0	0	0	0	0	0	0	0
I can control myself now but I don’t think I will be able to for ever.	0	0	0	0	1	0	0	0	0	0
I’m concerned that he isn’t being totally honest with new Dr. & isn’t getting the help he needs since he is still being paranoid over his phone and every car he sees parked.	0	0	0	1	0	0	0	0	0	0
I’ve gone to them many times and told them they are being too controlling and I even broke down during one of our “talks” and told them I’ve been depressed and self harming a little but they haven’t seemed to care. All they’ve cared about is that I’m nowhere near that “alternative lifestyle.” 	0	0	0	1	0	0	0	0	0	0
There have been times where I believed I had some sort of ability, fantasized about killing people and willingly ‘chose’ insanity (which is insane).  A lot of these insecurities are gone now but my habits have gone too far, and it’s driving me crazy. I don’t see an end to it, and it’s messing with my ordinary thoughts and the way I think them.	0	0	1	0	0	0	0	1	0	0
I used to think its normal but now in not so sure.	0	0	1	0	0	0	0	0	0	0
We talked for a couple weeks until all of a sudden he would leave me on read. It broke my heart.	0	0	0	0	0	0	0	1	0	0
In short, I feel unlovable, I feel as if this world doesn’t want me and subsequently has decided to leave me behind.	0	1	1	0	0	0	0	0	0	0
These thoughts give me horrible anxiety but I’ve never gotten actual mental health.	0	0	0	0	0	0	0	1	0	0
I feel like in our relationship he lacks a lot of respect for me. When the children are not present he will cuss me out when upset, tell me to leave or think of the meanest thing he can say to hurt me.	0	0	0	1	0	0	0	0	0	0
They seem not to love and support me.	0	0	0	1	0	0	0	0	0	0
I feel attached to the girl but if I see another girl, I like I can’t keep myself from asking her number, messaging her etc	1	0	0	0	0	0	0	0	0	0
He broke it off once with me because we had been fighting a lot, mainly because I created arguments because I didn’t feel like he was in the relationship like he was supposed to be.	0	0	0	0	0	0	1	0	0	0
There are movements that people do that make me feel very angry and horrible.	0	0	0	0	0	0	0	0	1	0
I never thought much of it because I just thought I was a normal teenage girl who liked to party a little too much, didn’t really know who I was, and was sad & insecure sometimes.	0	0	0	0	0	1	0	0	0	0
I really can’t stop thinking about ending my life. My whole family hates me, my mother says I’m a disappointment, my dad isn’t in my life anymore, and my sister she bates me so much, my brother is in the navy but he acts like be cares about me when really doesn’t I can tell.	0	0	0	0	0	1	0	0	0	1
I feel I am far too old to be grappling with this at this point in my life.	0	0	0	0	0	0	1	0	0	0
everything was perfect and I trusted him whole-heartedly. Up until recently I’ve been very suspicious and my trust just keeps going down. I started to lose trust when finding a text message in his phone from someone calling him “babe” on Valentines Day. He said it was nothing like that, and I asked to see the rest of the messages from that person but he said no because he thought that would change the dynamics of our relationship and that I am supposed to just trust him, so I let it go. Ever since that occasion it’s been so hard for me to trust him like I did in the beginning. But I almost feel like I’m convincing myself because I just have this feeling inside. Should I end this relationship before I get hurt or wait it out and see if it can really become as good as I thought it could?	1	0	0	0	0	0	0	0	0	1
It caused me to hate my parents, and instead of being sorry for anything, it always made me more hateful and revenge-seeking.	0	0	0	0	0	0	0	1	0	0
i got a social phobia even though people at my school are trying to befriends with me but i seem to consistency pushing them away.	0	0	0	1	0	0	0	0	0	0
As I finished fabricating my future argument, all this realization popped into my head and this is the only time I’m being honest about myself so here I go.	0	1	0	0	0	0	0	0	0	0
Also some people cause me soo much anxiety I would have to selfharm.	1	0	0	0	0	0	1	0	0	0
About a year ago I re-entered into a serious relationship with an ex-boyfriend. He is essentially my only ‘real’ ex. We were together through both of our college careers and were only apart for one year before we got back together.In all the time we’ve been together neither of us has ever cheated on the other, but for some reason I find myself constantly paranoid that he will.	1	0	0	0	0	0	0	1	0	0
I’m in my 3rd trimester and my mom seems to be a devil!	0	0	1	0	0	0	0	1	0	0
I just want to know what is wrong with me, and if there is anything I can do to stop it.	0	0	0	0	0	0	0	0	1	0
The problem is that now that I never play it anymore I feel a very strong need to play it and since no other game can replace it I feel unhappy and unfulfilled.	0	0	0	0	0	0	0	1	0	0
I couldn’t help then and now to feel how taboo this is and that I am wrong in doing it…	0	0	1	0	0	0	0	0	0	0
The thing is I have very little sexual drive, except when I’m on my period, have no inspiration or creativity(I used to be very artistic), and almost every day, no matter what part of my cycle I’m in, I have at least one angry melt down where something went wrong(like trying to flip an egg and it doesn’t flip right and the yolk breaks) and sometimes it happens multiple times a day. I actually avoid cooking eggs now because I suck at flipping them. I still have happy moments through-out the day. My days are just very up and down. I feel like I have no passion left except for anger and random ideas that I’ll never actually get around to or finish. I do notice the day before my period I have an ultra-meltdown that keeps getting worse. This last time I beat up my bed and tore everything out of my closet, scattering around the room. You know, I think I actually felt better when I was smoking and drinking coffee because now I’m completely sober, I’m fully aware of what’s going on in the world and I’m mad at the whole world. I feel the pain of the whole world and the Earth and I’d rather just hide in a cave with a bunch of pillows and blankets.	0	0	0	0	0	0	0	1	0	1
I was very young and dumb and have done a lot sexual experiences with about 25 -30 partners.	0	0	1	0	0	0	0	0	0	0
And I’m disgusted by this because I want to finish stuff, but then I don’t.	0	0	0	0	0	0	0	0	1	0
When it doesn’t happen the way I imagined, I’ll become depressed and feel generally hopeless, useless. 	0	0	0	0	0	0	0	0	0	1
Should I be held to the standard of faith persevering through childhood regardless of my situational experiences that may have influenced me/made me sour? Probably.	0	0	0	0	0	0	1	0	0	0
This is about small, non-essential issues, at least to me.	0	0	0	0	0	0	0	1	0	0
I just feel like I’ve never been happy.	0	1	0	0	0	0	0	0	0	0
I used to have bad temper problems (snapping out or having a mental breakdown in a split-second) which does not happen as often anymore. I still self cut when in the state of depression.	0	0	0	0	0	0	0	0	0	1
But as the years go by I’ve noticed that the same people I’ve helped out seem to either leave me in the dust or I get the feeling they weren’t actually appreciative of me helping them out.	0	0	0	1	0	0	0	0	0	0
He left the room clearly upset because i splashed water on his face.	0	0	0	1	0	0	0	0	0	0
I just started sophomore year and things suck. My parents get mad at me for every little detail of my life. I have okay grades and shitty friends. Worst of all I hate everything that is breathing, heck I hate object too. Today I thought to myself I hate everything, but jokes on them I hate myself more.  I’m too dumb to get into college for Knowledge I want to leave the stupid state that I live in and live somewhere were nobody knows me and they don’t have any ideas of who I am.  I feel like a waste of time and only think that the future will worsen and I will never find love or a decent friend. 	0	0	1	0	0	0	0	0	0	1
I feel extremely anxious when doing tasks (even small ones like packing/unpacking a suitcase).I then push everything aside and get nothing done. My habits of cleanliness such as my apartment have declined because I refuse to motivate myself to clean. I’ll find myself in the kitchen then in the bedroom for some reason the randomly in the bathroom, ultimately accomplishing nothing.I also feel pressured on what to do when I finish my masters and feel like I’m too lackadaisical to even search for jobs.	0	0	0	0	0	1	1	0	0	0
Hello…I planned to do technique called (Image Streaming) to increase my IQ and this technique will increase the intensity of inner voice of me and I am afraid if this technique would cause psychosis or schizophrenia or any mental disorder to me So,is it possible?	0	0	0	0	1	0	0	0	0	0
Doing LSD is pretty much the only good choice I’ve ever made.	0	1	0	0	0	0	0	0	0	0
She never respects my privacy and constantly condescends me, especially in front of other family members.	0	1	0	0	0	0	0	0	0	0
I been feeling down lately like I don’t know if I having some depressed issues or what sometimes I be feeling like crying all the time. My boyfriend he really doesn’t make it no better. I love my boyfriend but sometimes I feel like he always attacking me emotionally. I can’t tell him how I feel sometimes because he takes it very offensive. I feel like I’m always the wrong one in our relationship.	0	1	0	0	0	0	0	0	0	1
 In addition to it I feel not listened and heard and she forgets (not this) a lot small things I’ve been telling her, like putting food away and storage it properly so it doesn’t go bad.	0	0	0	0	0	0	0	1	0	0
Everything I try to succeed in I fail because I’m not good enough. I don’t feel attractive after having our children in 2012, 2013. I don’t feel successful, everything that is mine has gone to shit and I’ve lost a sense of self.	0	0	1	0	0	1	0	0	0	0
I have not told anyone so far as they may laugh at me (which i would also do), i am not sure if this is something normal or if this is something i should worry about as it may lead on to much worse thing but currently i do not believe that i will complete or act out these thoughts as it is illegal and against my religion but who knows something might click and even that may not stop me.	0	0	0	0	1	0	0	0	0	0
Going into 8th I originally had hope, I hoped I go back and I’d fall back into the old groove of things and everything would be fine, but when I got back it was just more issues.  I didn’t trust anyone, every time I was with my friends I just felt alone, and I figured they probably wanted me gone so they could actually have a good time.   A part of me wonders if this all karma, and I’m actually a bad person, or a narcissist thats suffering the consequences of her actions.	0	0	0	1	0	1	0	0	0	0
And I blame myself for all that knowing that I can hurt somebody.	0	0	0	0	0	0	0	0	1	0
The reason I suspect I may have been sexually abused as a child is because my memory keeps bringing me back to this journal that I had.	0	1	0	0	0	0	0	0	0	0
I know that I’m intelligent but I don’t know if I’m too intellegent or just an idiotic narcissist.	0	0	1	0	0	0	0	0	0	0
I really don’t know how to say this but I’ve been wanting to have a mental disorder for years now, and I know you will think I’m just seeking attention like everyone else, but I’m not.	0	0	0	1	0	0	0	0	0	0
When I talk to people and they laugh, this is what makes me happy. 	1	0	0	0	0	0	0	0	0	0
After over a year of dating, I am beginning to just feel resentful and emotionally alienated but feel like I am not allowed to have those feelings because I am not the one with the kid and that kids are supposed to come first.	1	0	0	0	0	0	1	0	0	0
When i get these “anxiety attacks” i feel like i cant contain what i am feeling anymore and it manifests in things like me forgetting to breath and shaking my body and griping at y scalp while crying, or feeling like i cant do anything at all but just stare into nothing and listen.	0	0	0	0	0	0	0	1	0	0
I lived without him for one year, recovered, were very happy, dated and had a fulfilling job, still I kept feeling I had lost the chance to grow old with someone I really loved.	0	0	0	0	0	0	0	1	0	0
His lack of communication has made it impossible to get him professional help.	0	1	0	0	0	0	0	0	0	0
I feel like I shouldn’t have the attention.	0	0	0	0	0	0	1	0	0	0
I live 10 hours away by car, and every time my mom calls to tell me something has happened with him, I feel such guilt. 1. For living far away and feeling helpless. 2. For deciding to not have a relationship with my brother because I feel he is toxic.	0	0	0	0	0	0	0	0	1	0
I can’t stand be close with her, I don’t feel “safe” around her, I feel like she’s strange person.	0	0	1	0	0	0	0	0	0	0
I’ve felt like this since I was 16. I feel empty inside and it’s almost a constant thing. I have tried to ignore the feeling but it didn’t work. I can’t remember the last time I really felt something.	0	0	0	0	0	0	0	0	0	1
I’ll do crazy and spontaneous stuff because of it and I’ll also get heavily paranoid.	0	0	1	0	0	0	0	0	0	0
Starts out normal enough and the day is going fine and then bang I’m angry and not like ‘Oh I’m angry, I’ll get over it, it’s more the anger where your hands shake and your fgriends turn into your worst enemies.	0	0	0	0	0	1	0	1	0	0
Often my coworkers will try to treat me like a doormat by having me do the majority of the work while they do almost nothing at all. If I say something, they’ll hate me.	0	0	1	1	0	0	0	0	0	0
and I have no motive or energy to study all I do is sleep.and I hate going outside I hate seeing people.and whenever I start study I get negative feelings and I give up.	0	0	0	0	0	0	0	1	0	0
I think it makes me a bad person even though I am fully honest with them.	0	0	1	0	0	0	0	0	1	0
he used to be loving, & caring, now he is unsociable, & uncaring. He has no remorse.He is depressed.	0	0	1	0	0	0	0	0	0	0
I don’t know what to do, I want to talk to her but this never happened before so I’m kind of scared, I don’t know how she’s going to react.	0	0	0	1	0	0	0	0	0	0
My worry is that maybe he would feel pressured or uncomfortable during the training and may breakdown or get more depressed again.	0	0	0	0	1	0	0	0	0	0
My in-laws seem to act mostly on impulse without thoughts about consequences.	0	0	0	1	0	0	0	0	0	0
I realized I talk to myself out loud way too much.	0	0	0	0	0	0	1	0	0	0
It’s been a year and a half since his death, and she has grown very distant. It feels like she takes all her issues out on me. She is generally hateful to me, never shows me any attention, and list goes on and on. I seem to get the brunt of things. It seems like there is no hope for us. I don’t understand what she is going though.	0	0	0	0	0	1	0	0	0	0
I had an extreme hate towards myself, sabotaging every artistic talent that I had, from a writing skill, a drawing skill, a beautiful voice, basically every aspect of my talent that was feminine, I hated it.	0	0	0	0	0	0	0	0	0	1
These thoughts are very painful and disturbing and I do not know how to deal with them.	0	0	0	0	0	0	0	1	0	0
I feel as though my dad would just laugh at me, and say you are a moron which is what he usually does when I ask him for help on other things.	0	0	0	0	1	0	0	0	0	0
Although I know it’s wrong to self-diagnose, I self-diagnosed myself with dysthymia just in February because I started thinking about killing myself, although I never actualized my thoughts (because I know it’s wrong), when before, starting when I was around 8, I just thought of about how life for me and for everyone else around me might be better off without me being born – because I noticed the favoritism of my parents toward me over my sister.	0	1	0	0	0	0	0	0	0	0
I grew up with a narcissistic mother & absent father.	0	0	1	0	0	0	0	0	0	0
 I’m also scared to tell my parents because I don’t want them to worry much, because then they might go to my school and then it’ll become a big issue which I don’t want.	0	0	0	1	0	0	0	0	0	0
I felt invalid and unloved, and one day, I came to realize this was true.   I thought it was all my fault, even if I’d been told it wasn’t. 	0	0	1	0	0	0	0	0	1	0
They hurt me and I can’t shake the urge to just give up on life now I know they don’t want me anymore.	0	0	0	0	0	0	0	1	0	0
It feels like he’s fighting as hard as he can to avoid letting go completely.	1	0	0	1	0	0	0	0	0	0
okay so, my boyfriend says he trusts me but I feel like he doesn’t because next week I have to go to another city for a competition with my team and we will be staying there for 2/3 days. That city is only half an hour away from the beach so he thinks that I’m gonna be messing around with guys while I’m there.	0	0	0	1	0	0	0	0	0	0
I don’t think anyone in the world would hate or judge me more than I do myself and deservedly so.	0	0	0	0	0	0	0	0	1	0
I’ve felt pretty stable for a little over a week now, except for last night when I thought that my mother was trying to poison me (lately I’ve been feeling more and more that my parents are trying to kill me). 	1	0	0	0	0	0	0	0	0	0
But I also get thoughts in my head such as you don’t do this, something bad will happen. Or stop doing this or something bad will happen.	0	0	0	0	1	0	0	0	0	0
To put it simply, because my mother is extremely insecure she controls both my dad’s and my life and prevents us from enjoying things which aren’t focused around her.  He used to play cricket, go bell-ringing, go running but now he doesn’t have any hobbies and doesn’t have much h time for anything other than work because my mother can’t deal with the pressure of work she hasn’t got a very good job and often will take time off.	0	0	1	0	0	0	0	0	1	0
The reason I”m contacting is that i feel I”m losing more and more grip of reality with every passing day but also have zero interest in wasting my time with therapy because there is no amount of therapy or no therapist who could convince me that it will ever get any better.  When you have spent almost the entire time you”ve been out (since 2007) being told that your life is worthless because of how you look means that PEOPLE will not get any better either.	0	0	0	0	1	0	0	0	0	0
Also I’m stressed out with this but also with my mom who is a smoker and heavy soda drinker my father is doing some time and recovering from drug addiction. A lot of family is like this. I want my parents to be around awhile so I can afford to give them the life they never had or never gave my younger brother and me. My relationship with my brother and mother isn’t good either. I don’t have any friends or girlfriend.	0	0	0	0	0	0	0	0	0	1
It got me panicking and later on I think that my feelings were exaggerated due to anxiety and there was nothing sexual there.	0	0	0	0	0	0	0	1	0	0
When I’m doing a task I feel like a complete moron.	0	0	1	0	0	0	0	0	0	0
I feel as though if I cut everyone out of my life I wouldn’t really miss anyone	0	0	0	0	1	0	0	0	0	0
Then I started to believe I can controle electronics across the globe and someone told me that I really turned off their lights in room, then I tried to test it on other people they said that I can’t turn their lights off, however that one person I still I’m confused if they were lying or not and I’m very convinced they are not and that I have superpowers and it causes me a distress knowing that I indeed caused terrible things using these powers.  I also can’t go for a walk, I believe people are being hostile and everyone know who I am.	1	0	0	1	0	0	0	0	0	0
I lied and gave him a very low number, because I knew he was a jealous man.	0	0	1	0	0	0	0	0	0	0
Everyday I go through the same self-scrutinizing process. Waking up, “what the hell’s wrong with me?” Showering, “why am I such an awful person?	0	0	1	0	0	0	0	0	1	0
Also I feel like I am lonely at my house.So I don’t know if I am the reason that I cause it because we are different.	1	0	0	0	0	0	0	0	1	0
I have been dating the same person for almost three years, I recently find myself getting angry because I feel i am not completing my goals as fast as I would like to and in return blaming it on the relationship, for the this reason: If i worked more overtime I could reach my goal faster but don’t want to because then I would miss him a lot and i would be miserable about seeing him less, where as when i was single i had no issues working as much as I had to, in order to obtain my goals because i had nothing to look forward to when I came home.	0	0	0	0	0	0	0	1	0	0
I feel always that people are watching me.	0	1	0	1	0	0	0	0	0	0
For example, I accidentally said something her ex would say, and she took it the wrong way, as if it was manipulative and blaming her for something I did.	0	0	0	1	0	0	0	0	0	0
It’s like I’m underneath this huge spotlight that I can’t run away from, so I get panicked when there’s no shade near by. The air becomes thick and I feel like I’m trapped and suffocating.	0	0	0	0	0	0	0	1	0	0
I could be walking down a hallway at work, say hello to someone, they look right at me and keep walking. It makes me feel like I could die inside.	0	0	0	0	0	0	0	1	0	0
I let it go until I recently saw that they became friends on Facebook. I again got very upset with him and expressed how much it bothered me.   As I have told him, I fear he has developed feelings for this person and doesn’t want to admit it to himself, let alone me.	1	0	0	0	0	0	0	1	0	0
Then I woke up the next day and was so anxious I couldnt think straight. I didnt feel like “me” anymore like I was walking around in a fog.	0	0	0	0	0	0	0	1	0	0
I end up coming to the conclusion that I wish I’d never met them and I usually feel guilty about it, I feel like there is something wrong with me because it’s been happening since I was a young child.	0	0	0	0	0	0	0	0	1	0
I have avoided it because I am scared that I will feel that way and go back on things that I have worked so hard to conquer.	0	0	0	0	1	0	0	0	0	0
I am incredibly jealous in my current relationship. I have never been a jealous girlfriend before.	0	0	1	0	0	0	0	0	0	0
i have no energy and i kinda just sit and sulk all day, i also deal with bipolar, extremely bad panic attacks multiple times a day, and body dysmorphia.	0	0	0	0	0	0	0	0	0	1
if i thought he was a predator i would write something on his healing forum but i would have to back up my story which means going public with our names. i know i have to forgive him for my sake but there is acceptance and there is acquiescence, which means i will accept it but need to protest.	0	0	1	0	0	0	1	0	0	0
I think I need Help, but I don’t wanna tell my Parents because they would probably sign me up for Confinement.	0	0	0	1	0	0	0	0	0	0
