原始文本	情绪化推理	以偏概全	乱贴标签	读心术	先知错误	非此即彼	应该句式	放大	罪责归己	心理过滤	否定正面思考	罪责归他
他们那么讨论这件事，一定是因为我配不上他，我怎么这么普通。	0	0	0	0	0	0	0	0	1	0	0	0
她看不惯我，所以故意找我麻烦	0	0	0	1	0	0	0	0	0	0	0	0
我控制不了自己，以后别人肯定也会对我脸色不好。	0	0	0	0	1	0	0	0	0	0	0	0
天天内卷，卷又卷不过，真希望早点世界末日，要是世界毁灭了就不用上班了	0	0	0	0	0	1	0	0	0	0	0	0
我和我最好的朋友的交往都会出现问题，我未来和其它人的交往肯定也会出问题	0	0	0	0	1	0	0	0	0	0	0	0
朋友最后都会抛弃我，与其承受这种痛苦不如从一开始就不交朋友	0	0	0	0	1	0	0	0	0	0	0	0
我已经习惯了这样的郁郁寡欢，我觉得我这一生都会这样难过，这就是我。	0	1	0	0	0	0	0	0	0	0	0	0
都怪我不敢反抗，事情才会是这样的，我一直放任他们的所作所为，我真是罪有应得。	0	0	0	0	0	0	0	0	1	0	0	0
睡不着算了，趁这个机会做点平时想做但没时间做的事吧，说不定就困了能睡觉了呢。不过这也许只是在自欺欺人，我是不是在逃避问题？	0	0	0	0	0	0	0	0	0	0	0	0
战争真令人害怕崩溃，我不知道怎么解决	1	0	0	0	0	0	0	0	0	0	0	0
明明最近工作很多，压力很大，现在还查不出来具体疾病，好伤心。	0	0	0	0	0	0	0	0	0	0	0	0
这样活着还不如死了痛快，至少死了就再也不用痛苦了。生活对我来说就是一场无尽的痛苦。	0	0	0	0	0	1	0	0	0	0	0	0
哎，这段时间天天996: 罪责归己、倒班，还感冒了，真的好累，真想好好休息一下啊	0	0	0	0	0	0	0	0	0	0	0	0
辞职吧，我无法融入这种氛围，我注定是需要自己节奏的人。	0	0	1	0	0	0	0	0	0	0	0	0
我真的是服了！我以前也没觉得自己这么笨啊，连PPT保存都忘了，我以后会得老年痴呆症吧。	0	0	0	0	1	0	0	0	0	0	0	0
我理解父母工作的辛劳，但我真的希望他们能抽空回来陪陪我。没有父母的陪伴，我感到非常难过。	0	0	0	0	0	0	0	0	0	0	0	0
女人都这样肤浅，明明衣服够穿还要买那么多，整天乱花钱，不就是爱慕虚荣吗	0	1	0	0	0	0	0	0	0	0	0	0
她都这么打压我了，都没人站出来帮我，全公司没一个善良的，一个个自私自利，就喜欢看别人笑话	0	1	0	0	0	0	0	0	0	0	0	0
就算我努力参与社团活动也不会有人想和我当朋友的，我的问题不会有办法解决	0	0	0	0	1	0	0	0	0	0	0	0
我就是这样的烂人，我就是不可能有朋友，就是因为我这么差劲，我的朋友才一个接一个地离开我	0	0	0	0	0	0	0	0	1	0	0	0
挺膈应人的，虽说我早就知道他是个不守约的人，但心里还是不舒服。我一定是太过敏感了，总是觉得自己受伤害。	0	0	0	0	0	0	0	0	1	0	0	0
让世界变得更好，就是我应当承担的责任，借助网络让更多人关注这个问题，保护更多孩子免受我过去所受的伤害	0	0	0	0	0	0	0	0	0	0	0	0
这就是我做违法事情的下场，明知道还要去做，这种代价已经算很轻的了	0	0	0	0	0	0	0	0	0	0	0	0
我一直都感到孤单，需要人的时候，他们永远都不在我的身边。	0	1	0	0	0	0	0	0	0	0	0	0
我从来都比别人差半截，别人轻而易举就能发现我漏洞百出，我是个不堪一击的纸老虎。	0	0	1	0	0	0	0	0	0	0	0	0
不会吧，怪不得之前有人说我看起来凶凶的，看来我以后要注意一下表情了，放松放松	0	0	0	0	0	0	0	0	0	0	0	0
我不配当一个母亲，我没有能力。	0	0	0	0	0	1	0	0	0	0	0	0
我很用功了啊，可是每门课都考得稀巴烂，为什么会这样啊。我一定不适合学习。	0	0	0	0	0	0	0	0	1	0	0	0
欢迎竞争，正好我还比较懒，这样正好督促我投资自己。	0	0	0	0	0	0	0	0	0	0	0	0
女朋友会因为我减肥失败而和我分手	0	0	0	0	0	0	0	0	0	0	0	0
世界上所有人全都背着我忙忙碌碌，我被一道玻璃门隔开，只有我独自一人。	1	0	0	0	0	0	0	0	0	0	0	0
各种各样的事情永无止境，上班就是这么充满痛苦。	0	0	1	0	0	0	0	0	0	0	0	0
我就是不适合这个比赛，我不能成功的，从一开始我就要知道	0	0	0	1	0	0	0	0	0	0	0	0
他不喜欢跟我打球，我以后不能找他打篮球，他会讨厌我的。	0	0	0	1	0	0	0	0	0	0	0	0
我怎么知道我在减肥还是控制不住，我怎么可以这样，我太罪恶了。	0	0	0	0	0	0	0	0	1	0	0	0
我家里的每一个人都好像对我充满了敌意，他们都欺负我，高高在上，瞧不起我。我深深地感到被排斥，我讨厌他们那傲慢无礼的态度。我好像是家里的瘟神，没人喜欢我。	0	1	0	0	0	0	0	0	0	0	0	0
我的反应也许是慢了点，但是我的正确率要比其他同学高	0	0	0	0	0	0	0	0	0	0	0	0
竟然在我不知情的情况下，生活的压力已经从父母转移到我身上了。	0	0	0	0	0	0	0	0	0	0	0	0
再这样下去身体真的要吃不消了，这种日子什么时候才能到头啊。我一定是个工作狂，我就这么毁掉自己的生活吧。	0	0	0	0	0	1	0	0	0	0	0	0
我就是个懦夫，明明对这些活动很感兴趣，可就是不敢参加。	0	0	1	0	0	0	0	0	0	0	0	0
他虽然跟我生气言语上带些火气，但初衷是好的，他是关心我	0	0	0	0	0	0	0	0	0	0	0	0
不可以一直这样垂头丧气的，我还有其他的案子，能因为我自己的情绪而损害了有诉求的人的利益，提起精神来	0	0	0	0	0	0	0	0	0	0	0	0
我一定要好好配合治疗，为了再一次能正常生活，我要乐观起来，嗯我很乐观！	0	0	0	0	0	0	0	0	0	0	0	0
我连自己的成果都保护不好，会失去工作，以后只能流落街头受冻挨饿。	0	0	0	1	0	0	0	0	0	0	0	0
我好没用，吃个鸭脖都能出事，我干嘛要在看电视的时候吃东西呢，我这不是活该被卡着嘛，我真是活该，我个废物。	1	0	0	0	0	0	0	0	0	0	0	0
说明我应该交一些喜欢出去玩的朋友	0	0	0	0	0	0	0	0	0	0	0	0
请教请教老师同学，再加把劲，我一定没问题的	0	0	0	0	0	0	0	0	0	0	0	0
算了，至少这些钱的去处是明朗的，没有被用来做什么不好的事情	0	0	0	0	0	0	0	0	0	0	0	0
竟然落选了真不可思议，下次再试试吧。	0	0	0	0	0	0	0	0	0	0	0	0
所有人都有不小心的时候，宽容一下就过去了	0	0	0	0	0	0	0	0	0	0	0	0
家都把我忘记了，没有人主动与我联系，他们肯定已经不再需要我了。	0	0	0	1	0	0	0	0	0	0	0	0
谁知道是不是只有他一个人喜欢这么做呢，跟他走得近的那些人没准也有这种毛病	0	0	0	1	0	0	0	0	0	0	0	0
绝对是因为我自我意识太过剩了，太看得起自己了，才会造成这种结果。	0	0	0	0	0	0	0	0	1	0	0	0
我一个人在这里略感孤独孤单，我患有抑郁症的人生没有亮光了。	1	0	0	0	0	0	0	0	0	0	0	0
回去肯定又要挨批评找家长，真难过	0	0	0	0	0	0	0	0	0	0	0	0
处了这么久的好朋友，他的想法有的时候和我大相径庭，以此类推，这个世界上可能根本没有什么完全能够理解你的人	1	0	0	0	0	0	0	0	0	0	0	0
别人马上都会知道我偏心，我的名声就会彻底没了！	0	0	0	0	1	0	0	0	0	0	0	0
我靠他养着，脱离了他我会流落街头，被所有人嫌弃	0	0	0	0	1	0	0	0	0	0	0	0
连彩礼都拿不出来，谁会和我结婚呢？我注定孤独终老，一生都找不到伴侣。	0	1	0	0	0	0	0	0	0	0	0	0
融入别人的生活不一定总是容易，但是我仍然可以尝试一些方法来改善我们的关系。	0	0	0	0	0	0	0	0	0	0	0	0
我家真的很穷，勉勉强强吃个饱饭，有些时候连书都付不起。这样的日子什么时候才是头啊	0	0	0	0	0	0	0	0	0	0	0	0
一个人怎么连一个阶段总结性的照片都能丢呢？！我真的不配称作一个合格的人	0	0	1	0	0	0	0	0	0	0	0	0
我怎么这么不孝顺啊，居然这样伤害自己的父母，我真该死，我是个不孝子。	0	0	1	0	0	0	0	0	0	0	0	0
这件事还是不要和家里人说了，因为我就是个没用的累赘。	0	0	0	0	0	0	0	0	1	0	0	0
次次来次次通，我的未来肯定也像这样充满了痛苦。	0	0	0	0	1	0	0	0	0	0	0	0
何况他们焦虑何事，皇上不急太监急，等我下次考试成绩肯定进步啊。	0	0	0	0	0	0	0	0	0	0	0	0
身体差、效率低，我真是个废物，什么都干不好。	0	0	1	0	0	0	0	0	0	0	0	0
我喜欢你们说我是个怪物，是的，我完全看到了我这个怪物。	0	0	1	0	0	0	0	0	0	0	0	0
他当初因为区区一点鸡毛蒜皮的事情跟我闹翻，真是一个小气鬼	0	0	1	0	0	0	0	0	0	0	0	0
不只是友情，世间所有的感情都不是长久的东西。	0	1	0	0	0	0	0	0	0	0	0	0
我妈妈早上在厨房里吵来吵去把我吵醒，把我吓得屁滚尿流。	0	0	0	0	0	0	0	0	0	0	0	0
路过的行人把我扶了起来，但我认为他们一定是觉得我很漂亮，所以想要占我便宜，没有人会发自内心帮助别人。	0	0	0	1	0	0	0	0	0	0	0	0
输掉的官司会成为我职业生涯的污点，我的职业生涯就完了	0	0	0	0	0	1	0	0	0	0	0	0
看吧，我就知道，我就是个蠢货，工作做不好，投资也选不对，本来挣得就不多，现在还全部赔出去了，我真是，蠢到家了	0	0	1	0	0	0	0	0	0	0	0	0
断就要断干净，反正和好也会再次吵起来，下次只会闹得更凶。这说明我们根本不是真正的朋友，只是一时兴起罢了。	0	1	0	0	0	0	0	0	0	0	0	0
所以我担心我可能再也睡不着了。	0	1	0	0	0	0	0	0	0	0	0	0
究竟是谁说的，尴尬死了，我一定要揪出来	0	0	0	0	0	0	0	0	0	0	0	0
狗狗只咬我，我做了什么让它不满，我真是服了自己，净会找事	0	0	0	0	0	0	0	0	1	0	0	0
我最近总是失眠，听网上专家说，睡眠不好影响头发，我头发肯定要掉光了。太可怕了。	0	0	0	0	1	0	0	0	0	0	0	0
同学们都很瞧不起我，因为我是穷人家的小孩，他们总是盯着我衣服上的补丁看，他们总在背里嘲笑我，那些锋利的眼光，真让我想找个地缝藏起来。	0	0	1	0	0	0	0	0	0	0	0	0
是我太丑了，生来就不受待见，连生我的父母都忍受不了我的这张烂脸。	0	0	0	0	0	0	0	0	1	0	0	0
没有人联系我，我这两周感到很孤单	0	0	0	0	0	0	0	0	0	0	0	0
这小孩让我感到头疼，或许这段婚姻不正确，不如早点离婚吧	1	0	0	0	0	0	0	0	0	0	0	0
和爸妈吵架的时候，我孩子就在旁边看着我，给他立了一个坏榜样，我真是一个不合格的母亲。	0	0	1	0	0	0	0	0	0	0	0	0
我就是个脾气火爆油盐不进的人	0	0	1	0	0	0	0	0	0	0	0	0
还好发现的早，现在回家整理来得及。	0	0	0	0	0	0	0	0	0	0	0	0
我就是个爱胡思乱想的怪物！每天神神叨叨，疑神疑鬼，只会折腾自己的身心！这下好了，确诊了精神疾病，更是和别人格格不入！	0	0	1	0	0	0	0	0	0	0	0	0
我是父母的养子，他们这么突然的离开，就是为了摆脱我，他们不想再养育我了	0	0	0	1	0	0	0	0	0	0	0	0
如果因为偷吃东西害得自己没瘦下来，那我就是一个好吃懒做的胖子了	0	0	0	0	0	1	0	0	0	0	0	0
今天出门就看见邻居那个臭老太婆了，真晦气，果然外卖就丢了	0	0	0	0	1	0	0	0	0	0	0	0
天将降大任于斯人也，必先劳其筋骨，饿其体肤，这一定是对我的考验，我挨过去这段清苦的日子，好日子就来了	0	0	0	0	0	0	0	0	0	0	0	0
我毫无原因地失控地哭泣，我开始第一次发生恐慌发作，最糟糕的是我感到孤立无援。	1	0	0	0	0	0	0	0	0	0	0	0
这是什么世道，所有的坏事都被我们家承包了	1	0	0	0	0	0	0	0	0	0	0	0
他们现在卷我，以后肯定也会被卷，会被新的人淘汰，谁也跑不了！	0	0	0	0	1	0	0	0	0	0	0	0
我早晚被股票害死，我干嘛去碰这条股票啊	1	0	0	0	0	0	0	0	0	0	0	0
总问这么多要干嘛啊，是不是就是想精神控制我，我一辈子被绑在他们身边就满意了，想死。	0	0	0	0	0	1	0	0	0	0	0	0
怎么这两个星期都没人约我玩啊，我都快在家里待发霉了。这样下去，我会变成一个孤僻的怪人，连朋友都没有。	0	0	1	0	0	0	0	0	0	0	0	0
我每晚都没有祷告，心神不宁，现在的失眠就是上帝对我不敬的惩罚，我真的做错了。	0	0	0	0	0	0	0	0	1	0	0	0
我去打扰他们，会耽误他们干正事，再亲近的人之间也会变得疏远，和父母相处真是件难事.	1	0	0	0	0	0	0	0	0	0	0	0
富人和穷人的差距就是这样吧，这个世界就是不公平的，去他娘的存款	1	0	0	0	0	0	0	0	0	0	0	0
一想到和狗狗在一起玩耍的日子，我的眼泪就止不住地往下掉，我会想你的！	0	0	0	0	0	0	0	0	0	0	0	0
我这么难受，他爸爸却整天在外面花天酒地不亦乐乎，完全不知道关心一下我	0	0	0	1	0	0	0	0	0	0	0	0
我需要做的就是去上学，取得好成绩，别无其他，切都他妈的地狱，我不想再这样做了。	0	0	0	0	0	1	0	0	0	0	0	0
我不配说话，别人说话的时候我只配在旁边听着	0	0	1	0	0	0	0	0	0	0	0	0
我肯定会一直不幸福下去，这没法改变	0	0	0	0	1	0	0	0	0	0	0	0
在这件事上，我肯定以后都会跟别人吵起来的，以后我就不能跟其他人讨论这个问题。	0	1	0	0	0	0	0	0	0	0	0	0
我的自尊被踩碎了，再也拼不起来了，我不想再出去见人	0	0	0	0	0	1	0	0	0	0	0	0
重不重要有什么关系，即便我很重要也永远无法逃脱他们对我的偏见与欺侮	0	1	0	0	0	0	0	0	0	0	0	0
我只是担心两天后我会搞砸这一切，这美好的一切。	0	0	0	0	1	0	0	0	0	0	0	0
同学们去向不一，希望未来能能温和一些，我打算看场电影。	0	0	0	0	0	0	0	0	0	0	0	0
算了我板不住的，反正也会失败，干脆继续看手机吧，开摆	0	0	0	0	0	0	0	0	0	0	0	0
我明明是好心安慰你，他却更加生气了。	0	0	0	0	0	0	0	0	0	0	0	0
我长得肥，是不是可以试一试报个减肥班啊。挑战一下自我，看看我到底能减掉多少斤。	0	0	0	0	0	0	0	0	0	0	0	0
大家都会嘲笑我，认为我不能独立行走	0	0	0	1	0	0	0	0	0	0	0	0
我连最简单的陪伴孩子都做不到，我还能给他什么呢？我以后也无法陪伴他，我什么都给不了他	0	0	0	0	0	1	0	0	0	0	0	0
她不再和我一起用餐，一定是找到了新的伴侣，她想笑话我一个人吃饭的尴尬。	0	0	0	1	0	0	0	0	0	0	0	0
真烦，找这么久都没找到毕业照，这可是我生命中最重要的东西之一了，找不到它，我的学生时代就毫无意义。	0	0	0	0	0	1	0	0	0	0	0	0
这怎么办，我没办法交代了，只能等着处置了	1	0	0	0	0	0	0	0	0	0	0	0
我这么争取他们肯定能看见，就是不喜欢我，所以故意忽略我。	0	0	0	1	0	0	0	0	0	0	0	0
妻子只爱孩子不爱我了，那么多年的感情就这么被柴米油盐磨没了	0	0	0	1	0	0	0	0	0	0	0	0
我和我的父亲关系非常的好，从小到大我最喜欢的就是他了，他去世我非常难过。	0	0	0	0	0	0	0	0	0	0	0	0
我在这个新环境里没有朋友，我的社交一直都很失败	0	1	0	0	0	0	0	0	0	0	0	0
辛苦这么久却没有任何回报，我没兴趣做事，竞选让我感到丢脸，让我感觉害怕	1	0	0	0	0	0	0	0	0	0	0	0
这样就累了，那可不行，如果这次完不成所有任务，那上级下次说不定不派任务给我了，没有业绩，年终奖也泡汤了，那我拿什么给孩子交学费呢，孩子的一生不能毁在我手里。	0	0	0	0	1	0	0	0	0	0	0	0
在网吧挥霍时光，如果被辛勤工作的父母发现，他们的心一定会深感失落。	0	0	0	0	0	0	0	0	0	0	0	0
我所有的存款全没有了，真的好痛苦，赚钱真是一点用也没有，反正也要被偷走。	1	0	0	0	0	0	0	0	0	0	0	0
这个人是故意的见不得我好，她就是嫉妒我喜欢那个人。	0	0	0	1	0	0	0	0	0	0	0	0
总之我就是一个软弱的人，遇到这种事情就更失去活着的意义了，我告诉别人也只会给他们带来麻烦。	0	1	0	0	0	0	0	0	0	0	0	0
他说我是个不重要的人，我很伤心	0	0	0	0	0	0	0	0	0	0	0	0
我的眼睛本来这么好，现在被我弄成这样，我真没用，我真的好难过，把自己糟蹋成这样，我活着又有什么意思，一了百了算了。	0	0	0	0	0	1	0	0	0	0	0	0
他那么爱我，对他好点，我为什么这么糟糕？为什么我这么敏感，我只会让他更加痛苦。	0	0	0	0	0	0	0	0	1	0	0	0
我教的太差了，都怪我没有把知识点讲清楚，也不够有耐心，给他辅导了这么久，才考个7: 非歪曲0: 非此即彼分	0	0	0	0	0	0	0	0	1	0	0	0
合作伙伴们已经离我而去，他们一定都在嘲笑我经营失败，他们真是一群背信弃义的人。	0	0	0	0	1	0	0	0	0	0	0	0
也不知道最近怎么总是这样，去医院检查一下吧，比较安心	0	0	0	0	0	0	0	0	0	0	0	0
又是这样，每一次都是这样，永远都会忽视掉我，我真的不想再过这种被无视的日子了	0	1	0	0	0	0	0	0	0	0	0	0
他是不是没注意到自己说话这么难听啊，不行我得暗戳戳的提点一下他。	0	0	0	1	0	0	0	0	0	0	0	0
要好好努力赚钱，不要让妻子这么辛苦了，能够享享清福。	0	0	0	0	0	0	0	0	0	0	0	0
半年了，找工作的事还是没有一点进展，我真是个失败透顶的人	0	0	1	0	0	0	0	0	0	0	0	0
我上课听得也太不认真了，也不知道问问同学们，就想当然地开始复习，都怪我自己不够用心。我总是犯这种错误，真的是没救了。	0	0	0	0	0	0	0	0	1	0	0	0
前几天我听说一家店的店主跳楼自杀了，因为实在活不下去了，我大概最后也会走上他的老路，变成从天而降的一声闷响，从此人间蒸发	1	0	0	0	0	0	0	0	0	0	0	0
每个月的房租水电费已经压的我喘不过气来，这个世道就是不公平的，究竟要我怎样啊	0	0	0	1	0	0	0	0	0	0	0	0
下次再也不来了，这破地方连饭店都没有，一看就毫无前途。肯定都是一群失败者住在这里！	0	1	0	0	0	0	0	0	0	0	0	0
公司产品主要用户喜好这方面我确实有所欠缺，我的确不符合这家公司的入职标准	0	0	0	0	0	0	0	0	0	0	0	0
这个论文我永远也写不好了，我再也不想写论文了	0	1	0	0	0	0	0	0	0	0	0	0
无论我做什么都是错的，不管我做什么他们都会怀疑我	0	0	0	0	1	0	0	0	0	0	0	0
孩子最近总是逃学，很明显的厌学心理，孩子班主任会以为孩子家里出什么变故了吧	0	0	0	1	0	0	0	0	0	0	0	0
行吧，这还是高蛋白呢。	0	0	0	0	0	0	0	0	0	0	0	0
幸运的是，这次的事故并没有造成什么大的损害	0	0	0	0	0	0	0	0	0	0	0	0
她现在才1: 情绪化推理9岁就已经开始频繁夜不归宿！她再长大一些是不是就要住在外面，再也不回家了！	0	1	0	0	0	0	0	0	0	0	0	0
家人们都有自己的生活，我也是啊，不怎么联系也是可以理解的啊，而且，这样不正说明我们都生活得挺充实的。	0	0	0	0	0	0	0	0	0	0	0	0
我就是个没有经营头脑的废物，当时开这个店就是个错误	0	0	1	0	0	0	0	0	0	0	0	0
有一丢丢的不平衡，或许是我的错觉，可能大家分配到的任务实际上做起来是差不多的·	0	0	0	0	0	0	0	0	0	0	0	0
他怎么话这么多，真烦	0	0	0	0	0	0	0	0	0	0	0	0
我怎么这么倒霉，什么都做不好，什么都干不成！我是世界上最失败的人！	0	0	0	0	0	1	0	0	0	0	0	0
我与她的矛盾产生很大程度上是因为我的小心眼，都是因为我太小肚鸡肠了，其实她根本没什么错	0	0	0	0	0	0	0	0	1	0	0	0
没想到我也有得肿瘤的一天，这可能是上天告诉我，我的人生已经进入倒计时了吧！	0	0	0	0	1	0	0	0	0	0	0	0
明明大家每天都有烦恼，只有我没办法好好管理自己的情绪！总是多想！才会患上精神疾病的，要是我心态平和，根本不会有这么多事情！都怪我那么敏感，那么神经质	0	0	0	0	0	0	0	0	1	0	0	0
偏偏挑我没时间的时候约我，哎呀，怎么办才好？	0	0	0	0	0	0	0	0	0	0	0	0
所有同事都一个样，平常好像和你很亲密，一到真正有事的时候只会推脱，没有一个能真正拿你当朋友！	0	1	0	0	0	0	0	0	0	0	0	0
战争要来了，炮火的声音震耳欲聋，硝烟弥漫，我感觉整个世界都要崩塌了。	1	0	0	0	0	0	0	0	0	0	0	0
我的身体里孕育着一个新的生命，想到这里我觉得生理上的痛苦也并非不能忍受	0	0	0	0	0	0	0	0	0	0	0	0
这个老师怎么三番五次地找我啊，他肯定是对我有意见，跟我写的论文没关系，就是看我不顺眼故意找茬	0	0	0	1	0	0	0	0	0	0	0	0
公司这次大裁员老板肯定会留下那些跟他走的近的人，至于我，大抵是应该马上要被裁掉了吧	1	0	0	0	0	0	0	0	0	0	0	0
偶尔的增加任务也能说明同事和领导对我有信任，也许是给我机会，我应该好好干	0	0	0	0	0	0	0	0	0	0	0	0
那些想见的人已经没法联系了，现在照片也找不到了，我的人生将永远缺失一部分！我是个不完整的人了！	0	0	0	0	0	1	0	0	0	0	0	0
不尊重他人的信任和隐私会给人留下不愉快的印象，破坏关系。	0	0	0	0	0	0	0	0	0	0	0	0
肯定是有人在背后阴我，让我投资失败！	0	0	0	1	0	0	0	0	0	0	0	0
"我觉得每个人总是有精彩的派对和美好的时刻，而我是一个局外人。
                 此外，我真的不认为庆祝时间的流逝有什么意义"	1	0	0	0	0	0	0	0	0	0	0	0
挑起争端的国家真恶心，果然就不应该存在武器这种东西。	0	0	1	0	0	0	0	0	0	0	0	0
路人肯定都觉得我是个傻子，大家心里肯定在想这个人为什么这么笨，好丢人啊。	0	0	0	1	0	0	0	0	0	0	0	0
或许真的像他们所说的那样，孤独才是人生的常态	0	1	0	0	0	0	0	0	0	0	0	0
我不知道该怎么办..我很孤单..我不能再这样做了..我觉得自杀不是一种选择，因为我会留下所有的伤害，但我必须做点什么..我觉得我正在慢慢死去	1	0	0	0	0	0	0	0	0	0	0	0
看他们装模作样热热闹闹的聊我可真烦啊，我以后身边也一定充满了这种人！	0	1	0	0	0	0	0	0	0	0	0	0
是我昨天办事情给忘记了，我怎么这么笨这点事都记不住。	0	0	0	0	0	0	0	0	0	0	0	0
寝室那么多舍友，就他成天和我对着干，他是看不上我才这么做的吧。	0	0	0	1	0	0	0	0	0	0	0	0
我不是他们亲生的孩子他们还对我那么好，我却一而再再而三的跟他们吵架，我真是个白眼狼	0	0	1	0	0	0	0	0	0	0	0	0
唉，感觉一天忙忙忙忙叨叨的却没有什么结果，好累呀。	0	0	0	0	0	0	0	0	0	0	0	0
我承认这次考试成绩不好，是我之前没有认真学习的结果，这是我自己应该负责的。	0	0	0	0	0	0	0	0	0	0	0	0
这段关系只有我一个人在乎	0	1	0	0	0	0	0	0	0	0	0	0
我不喜欢职场上的尔虞我诈	0	0	0	0	0	0	0	0	0	0	0	0
她为什么不能把话放到明面上说呢，我对这种不信任表示很失望	0	0	0	0	0	0	0	0	0	0	0	0
感觉最近超级累，其他老板可能在暗地里笑话我呢，怎么才能不这么累啊？	0	0	0	1	0	0	0	0	0	0	0	0
父亲这么生气都是因为我，是我干的不对。	0	0	0	0	0	0	0	0	1	0	0	0
我永远也不会受到孩子们的爱戴的，永远！	0	1	0	0	0	0	0	0	0	0	0	0
没钱是我一生中最大的困难，我现在的窘迫都是因为没钱，有了钱就什么都好办了	1	0	0	0	0	0	0	0	0	0	0	0
我每天都在跟他吃饭，肯定是我吃饭慢，他肯定是觉得我在浪费他的时间，所以不跟我吃饭	0	0	0	1	0	0	0	0	0	0	0	0
他们表面上帮我，但心里早就烦透我了吧。	0	0	0	1	0	0	0	0	0	0	0	0
这几周她都没找我，或许比较忙吧，大家都需要努力过自己的生活啊	0	0	0	0	0	0	0	0	0	0	0	0
我都这样了，怎么还没瘦下来啊！到底要我怎样才行啊！我真的好崩溃，这么胖，我不如去死！	0	0	0	0	0	1	0	0	0	0	0	0
这个月不想额外接单了，唉，好累啊，或许我就应该去死，其他的爱啥啥吧	1	0	0	0	0	0	0	0	0	0	0	0
上学总是发生这种让我觉得很尴尬的事，我讨厌上学我再也不想来上学了	1	0	0	0	0	0	0	0	0	0	0	0
所有人都在看我减肥减不下去的笑话呢，我现在已经听见了他们的笑声	0	0	0	1	0	0	0	0	0	0	0	0
他肯定觉得我就是一个乱借钱的人吧	0	0	0	1	0	0	0	0	0	0	0	0
降低薪水，但是没有人被裁掉还是挺好的，希望公司可以渡过难关	0	0	0	0	0	0	0	0	0	0	0	0
我既不适合考研也不适合工作，我就是个废物	0	0	1	0	0	0	0	0	0	0	0	0
争取下一次的奖学金，我必须更加刻苦努力。	0	0	0	0	0	0	0	0	0	0	0	0
嗯？好奇怪啊，他干嘛突然超到我前面，有些莫名其妙，所幸没耽误我什么，随便他好了	0	0	0	0	0	0	0	0	0	0	0	0
每次交流最后都会演变为吵架，真闹心，不如断绝关系！	0	0	0	0	0	1	0	0	0	0	0	0
我就知道，我得远离社交，我天生就不是这块料	0	0	1	0	0	0	0	0	0	0	0	0
很简单的一件事，我给朋友造成了很大的困扰	0	0	0	0	0	0	0	0	1	0	0	0
对不起，我只是需要发泄。最近我的抑郁症非常严重，我无法通过活动来淹没它，它总是在我的脑海中消失。	1	0	0	0	0	0	0	0	0	0	0	0
他根本就不理解我，他就是见不得我自己拿主意	0	0	0	0	0	1	0	0	0	0	0	0
我感到悔恨，我没有给她足够的关心，这一切的痛苦都是我自找的。	0	0	0	0	0	0	0	0	1	0	0	0
哼，我就说，当老板的才没有这么好心呢，一个个都只想着榨取员工价值，现在暴露出真面目了吧	0	1	0	0	0	0	0	0	0	0	0	0
父母根本就不了解我，根本就不明白我想要什么。	0	0	0	1	0	0	0	0	0	0	0	0
我应该好好照顾他们，毕竟他们辛苦一辈子都是为了我。	0	0	0	0	0	0	0	0	0	0	0	0
我知道大家都更喜欢他，我输给了更受欢迎的人，这是我应得的。	0	0	0	0	0	0	0	0	1	0	0	0
最疼爱我的人不在了，我好难受，没任何心情做事，就像待着什么也不干。	1	0	0	0	0	0	0	0	0	0	0	0
这次拒绝了他，舍友肯定会记恨我的吧，他以后不会给我帮忙了	0	0	0	0	1	0	0	0	0	0	0	0
我们彼此确实需要更多的空间，这样会让我们的恋爱谈的更顺利	0	0	0	0	0	0	0	0	0	0	0	0
妻子走得这么突然，岳父岳母肯定会怪我没有保护好她的吧	0	0	0	1	0	0	0	0	0	0	0	0
好烦啊骂我干什么，我不就是晚上没回家吗又死不了，我就知道得骂我，哪次有点小事就生气，他脾气就是差，永远不能好好跟我说话。	0	1	0	0	0	0	0	0	0	0	0	0
我可真是个蠢东西，吃鸭脖能卡住喉咙 	0	0	1	0	0	0	0	0	0	0	0	0
我倒霉，我的朋友都没有遇到这种事，就只有倒霉的我会这样。	0	1	0	0	0	0	0	0	0	0	0	0
这么晚了，要是遇到什么事情，女儿能自己处理好吗？她会不会害怕？真是让人担心。	0	0	0	0	0	0	0	0	0	0	0	0
他的态度，他的矜持，如同隔着一道无形的壁垒，让我明白我们的友谊将永远停留在此，再无前进的可能。 	0	0	0	0	1	0	0	0	0	0	0	0
为了不让委托人失望，我会尽力维护他们的权益，因此对输掉官司的可能感到恐惧。	0	0	0	0	0	0	0	0	0	0	0	0
他突然离开了我，没有任何解释原因，我进一步自我厌恶，因为我在各个方面都是一团糟，我觉得我更应该把事情藏起来，想办法结束这一切，这样我就不会再给任何人带来负担。	0	0	0	0	0	0	0	0	1	0	0	0
我真惨，还这么年轻就已经患上了如此严重的背痛，我的身体和精神一直遭受着巨大的折磨，生活太痛苦了	0	0	0	0	0	0	0	0	0	0	0	0
怪不得这些年他们对我的态度都这么恶劣，一定是觉得我这个捡来的崽浪费了他们的资源吧	0	0	0	1	0	0	0	0	0	0	0	0
他泄露了我的秘密，还让我知道了，但是碍于这份友谊，我还是装作不知道	0	0	0	0	0	0	0	0	0	0	0	0
我丑陋的外表让人们避而远之，我是那么的讨厌，无人会对我产生喜爱。	0	0	0	1	0	0	0	0	0	0	0	0
也许和病人之间有什么误会，我们也许需要谈谈	0	0	0	0	0	0	0	0	0	0	0	0
我将在对自己的憎恨和对父母的愧疚中度过余生	1	0	0	0	0	0	0	0	0	0	0	0
生在这样的家庭真让我痛苦，我只能用我的成就来讨欢心	1	0	0	0	0	0	0	0	0	0	0	0
工作太忙了，孩子也不争气，我不想看到他们，只想自己安静一会儿。	0	0	0	0	0	0	0	0	0	0	0	0
我的作业啊！我好不容易写完的作业啊！全都没了，明天就要交了，来不及了。	0	0	0	0	0	0	0	0	0	0	0	0
其他通过面试的人看我的眼神都不对劲。	0	0	0	1	0	0	0	0	0	0	0	0
空：感觉不到任何东西。 这他妈的糟透了，我的精神状态正在走下坡路。 我什至不能再哭了。 我厌倦了这种愚蠢的感觉，想要变得更好。	1	0	0	0	0	0	0	0	0	0	0	0
他们或许只是想多了解我，我是应该多跟他们分享生活了	0	0	0	0	0	0	0	0	0	0	0	0
我在老板面前的不当言论可能让他对同事们产生了负面影响，导致了工资的减少，我是害了大家的罪魁祸首。	0	0	0	0	0	0	0	0	1	0	0	0
莫名其妙的被传出这种消息，我就不该和任何人说话！	0	1	0	0	0	0	0	0	0	0	0	0
妈的，这世界总是给我使绊子，想活下去真的这么难吗，连鸭脖都恨不得我去死	0	0	0	0	0	0	0	0	0	0	0	0
我是一个不合群的人，被大家嫌弃才不带我玩	0	0	1	0	0	0	0	0	0	0	0	0
我这次失败了，我这辈子都不会投资成功的。	0	1	0	0	0	0	0	0	0	0	0	0
眼睛是做设计最重要的器官，我的眼睛坏了，肯定做设计会受影响，我这辈子都混不上高级设计师了，再也不会成功了。	0	0	0	0	0	1	0	0	0	0	0	0
我知道父母是因为爱我，所以我会跟他们好好沟通来解决这个问题	0	0	0	0	0	0	0	0	0	0	0	0
我就是个永远长不大的矮冬瓜，成为大家取乐的资本	0	0	1	0	0	0	0	0	0	0	0	0
我真是蠢啊，白白付出了这么多感情，真是蠢货，竟然觉得她会珍惜我的感情，真是蠢到家了，她根本没必要珍惜啊。	0	0	1	0	0	0	0	0	0	0	0	0
我和爸妈这辈子的交流看来只能这样了，我们永远都不会尝试去了解对方。	0	1	0	0	0	0	0	0	0	0	0	0
发展的挺好的，怎么说不行就不行了？一定是我的对家在暗中搞我。	0	0	0	1	0	0	0	0	0	0	0	0
那可是我最喜欢的午饭！我都饿了一中午，结果被这狗娘养的偷了！	0	0	0	0	0	0	0	0	0	0	0	0
领导训话的时候我差点哭出来，心里有无数的委屈，我不如辞职回家躺着。	1	0	0	0	0	0	0	0	0	0	0	0
完了，太丢人了，我今天还想去见女朋友，羞得我走在路上都不敢和别人对视。	0	0	0	0	0	0	0	0	0	0	0	0
都是我最近太忙了，冷落她了，他才不来找我，我的朋友远离我都是自作自受，都是我的问题	0	0	0	0	0	0	0	0	1	0	0	0
这样做可以鞭策我以后带作业，但我知道这是为了我的好，我应该感谢这份严格的教育。	0	0	0	0	0	0	0	0	0	0	0	0
怎么会是最后呢，真打消我的积极性，要我说评绩效最好是就不该存在。	0	0	1	0	0	0	0	0	0	0	0	0
正好有机会放松自己，我太享受这种孤独感了	0	0	0	0	0	0	0	0	0	0	0	0
我现在每天连上课都需要有人陪，我真是个无能的人。	0	0	1	0	0	0	0	0	0	0	0	0
他竟然如此狠毒地打我，看来他平常心里一定恨死我了吧。	0	0	0	1	0	0	0	0	0	0	0	0
这段时间找的公司都拒绝了我，说什么整体经济效益不好，我看都是放屁！找不到工作真是让人烦死了！我看我还不如在家里躺着啥也不干，免得搞得心烦气躁。	1	0	0	0	0	0	0	0	0	0	0	0
好难过啊为什么这么凶我呢，朋友就不会被他爸爸骂，说这么难听好想哭。	0	0	0	0	0	0	0	0	0	0	0	0
他们肯定觉得我不干净了，都不愿意继续跟我来往	0	0	0	1	0	0	0	0	0	0	0	0
我总是每晚大约在同一时间醒来，我讨厌这样	0	0	0	0	0	0	0	0	0	0	0	0
我的父亲就这么走了，我感觉天都塌下来了，整个世界要崩溃了。	0	0	0	0	0	1	0	0	0	0	0	0
驾校教练针对我，故意让我每次都挂科，好让我每年都交钱去那学，这驾校可真够黑的	0	0	0	1	0	0	0	0	0	0	0	0
连一份培训新人的工作都做不好，我不是一个负责任的前辈	0	0	1	0	0	0	0	0	0	0	0	0
不管你们觉得未来如何，我不打算理会，也不管别人怎么想。	0	0	0	0	0	0	0	0	0	0	0	0
这工作无休无止，就是为了让我难受而存在的	0	0	0	0	0	1	0	0	0	0	0	0
无法确诊是什么疾病使我心理压力很大，经常焦虑不安	1	0	0	0	0	0	0	0	0	0	0	0
我就是个事妈，怎么这点工作压力都承受不了	0	0	1	0	0	0	0	0	0	0	0	0
我很焦虑，我的论文得不到认可，科研真是一件让人害怕的事情	1	0	0	0	0	0	0	0	0	0	0	0
我不可能完成了，这项任务对我来说就像攀登珠峰，我真的一无所成，一整个早上都没有进展。	0	0	0	0	1	0	0	0	0	0	0	0
我收入比她低这么多，她已经看不起我了，心里面把我跟别的男人比。	0	0	0	0	1	0	0	0	0	0	0	0
为什么每次对他有点期待他都这么让人失望，果然希望成真这事对我来说就不存在。	0	1	0	0	0	0	0	0	0	0	0	0
我天生就是嘴笨的人，有些东西是后天无法弥补的。	0	1	0	0	0	0	0	0	0	0	0	0
他不再拿我当朋友了，他会和那些讨厌我的人一起合起伙来欺负我，我的生活再也不会有片刻的安宁。	0	0	0	0	1	0	0	0	0	0	0	0
他这样子说我，完全放下了我们之间的情谊，无论如何，都要好好谈一谈了。	0	0	0	0	0	0	0	0	0	0	0	0
我省在这个家的意义就是长大早早的嫁出去然后让他们拿彩礼，我只是一个赚钱工具	0	0	1	0	0	0	0	0	0	0	0	0
我这几天熬夜多了，估计要生一场大病了。	0	0	0	0	0	0	0	0	1	0	0	0
太痛苦了，我真的不能再干这工作了，再干下去我非猝死不可。我的生活一定会因为这份工作而彻底崩溃。	0	0	0	0	0	1	0	0	0	0	0	0
我不想做他们的小孩，做他们的小孩只有无尽的痛苦	1	0	0	0	0	0	0	0	0	0	0	0
我对这种人向来无法解决，遇到素质低的人对我来说是常有的事情，我总是会这么倒霉。	0	1	0	0	0	0	0	0	0	0	0	0
朋友靠不住，都会放你鸽子的	0	1	0	0	0	0	0	0	0	0	0	0
我经过思考好认为孩子说的其实也不无道理，可能是我的想法没有顾及他们的感受，虽然他们的做法不对，但也证明他们长大了，有自己的思考了，我很欣慰。	0	0	0	0	0	0	0	0	0	0	0	0
完了完了，昨天要的今天才想起送去，一会儿好好和领导道个歉吧。	0	0	0	0	0	0	0	0	0	0	0	0
明明跟朋友无关，却还要麻烦他耽误时间来送我，他心里一定觉得我是个累赘吧！	0	0	0	1	0	0	0	0	0	0	0	0
我一直以来都不是一个特别出众的人，我是一个连我自己都不喜欢的人	0	0	1	0	0	0	0	0	0	0	0	0
最近大家的压力太大了，脾气都有点暴躁，我还是忍着点，也不是什么大事。	0	0	0	0	0	0	0	0	0	0	0	0
我一点也不想继续呆着了，我真的好痛苦	1	0	0	0	0	0	0	0	0	0	0	0
眼睛不舒服的感觉真不好，我需要休息了。	0	0	0	0	0	0	0	0	0	0	0	0
连家都没了，我的一切都没了，我的人生已经完蛋了	0	0	0	0	0	1	0	0	0	0	0	0
他居然这么说我，我的心里很难过，我该怎么办	0	0	0	0	0	0	0	0	0	0	0	0
就算是不治之症，生活也要继续，我要乐观坚强地活下去！	0	0	0	0	0	0	0	0	0	0	0	0
我只想回家告诉我的父母对不起，因为我是一个失败者，虽然我什么也没做，也没有要求任何东西，但我仍然觉得我辜负了他们。我只想让每个人都别管我	0	0	0	0	0	0	0	0	1	0	0	0
我的朋友们嫌弃跟我出去玩很没意思，不愿意叫我出去一起玩	0	0	0	1	0	0	0	0	0	0	0	0
我感觉所有人都在嘲笑我这个失败者，无论是这里的人还是以前的高中的人，他们都在嘲笑我	0	0	0	1	0	0	0	0	0	0	0	0
我想知道我在别人眼中是什么样子，他们肯定要唾弃我。	0	0	0	0	1	0	0	0	0	0	0	0
别看要求到岗那么早，其实明天一去肯定没什么要紧事	0	0	0	0	1	0	0	0	0	0	0	0
我们家最后的希望就是这个孩子，现在连他都这样，我们家族就这么废掉了，我活着的最后一丝念想也没有了。	0	0	0	0	0	1	0	0	0	0	0	0
一旦成绩搞不好，那么孩子还有什么前途，这辈子都不会有出息。	0	0	0	0	0	1	0	0	0	0	0	0
认为自己不是合格的父亲，孩子今天的处境，让我感到一切都是我造成的。	0	0	0	0	0	0	0	0	1	0	0	0
没有办法，我就是没有勇气去参加说什么也没有用，我永远都是这样的软弱，改不了了。	0	1	0	0	0	0	0	0	0	0	0	0
我上学的时候没有好好学习，找工作也没有好好努力，我就是一个毫无作为的人。	0	0	1	0	0	0	0	0	0	0	0	0
好好跟他们谈谈，让他们知道我的不开心，我也是有心情的，我不喜欢这样。	0	0	0	0	0	0	0	0	0	0	0	0
我一生行善积德，为什么这种事情偏偏让我遇上？我的儿子也那么的善良，为什么偏偏他死了？这就是一个不公平的世界	0	0	1	0	0	0	0	0	0	0	0	0
我总是说些不合时宜的话，弄得所有人都讨厌起我来了。	0	1	0	0	0	0	0	0	0	0	0	0
总麻烦他怪不好意思的，等我好利索了请他吃个饭吧！	0	0	0	0	0	0	0	0	0	0	0	0
一定是我上辈子造了什么孽，这辈子老天爷才这么惩罚我	0	0	0	0	1	0	0	0	0	0	0	0
我每天早上都赖在床上，我怎么才能以后工作？我在完全浪费父母的钱。	0	0	0	0	0	1	0	0	0	0	0	0
我感到十分悲伤，重要的回忆消失了，崩溃的在地上大哭，认为我的青春也随着消失了，这个世界崩塌了。	0	0	0	0	0	1	0	0	0	0	0	0
加班真的太可怕了，难道我以后的生活就是在办公室无休止的加班吗？	0	1	0	0	0	0	0	0	0	0	0	0
我的身体不好，一定会被反复感染被大家嫌弃的	0	0	0	0	1	0	0	0	0	0	0	0
偌大的篮球场上只有我一个人在傻坐着，其他人很难不认为我是个奇怪的人	0	0	0	0	1	0	0	0	0	0	0	0
展示中途出了点小问题，希望不要影响评委打分了，我的表达能力还真是需要再练习练习提高一下了	0	0	0	0	0	0	0	0	0	0	0	0
我说这样难听的话，他们肯定后悔生了我吧，他们现在，巴不得把我赶出这个家，永远都不要再出现在他们眼前。	0	0	0	1	0	0	0	0	0	0	0	0
她有可能是临时有事情所以来不了了吧。	0	0	0	0	0	0	0	0	0	0	0	0
一定是我还不够努力，是我欠的东西太多了，我一定要拼命努力才行啊。我要对所有的事情负责。	0	0	0	0	0	0	0	0	1	0	0	0
我们带着虚假的微笑来隐藏痛苦，没有人能看到我们真正的破碎。	0	1	0	0	0	0	0	0	0	0	0	0
爆发了也好，我们大不了吵一架，各自说出自己的想法，也算能交流一下，总比一直僵着好	0	0	0	0	0	0	0	0	0	0	0	0
我应聘受挫了，我以后再也找不到工作了。	0	0	0	0	1	0	0	0	0	0	0	0
我本来就没有多少联系人，这也正常。	0	0	0	0	0	0	0	0	0	0	0	0
这回他们肯定都会嘲笑我吧，说我逞强	0	0	0	1	0	0	0	0	0	0	0	0
我这么粗心，连发个文件都能发错，老师不会在心里默默的给我记上一笔吧	0	0	0	0	1	0	0	0	0	0	0	0
我连与室友关系都没法处理，社交真的很令人害怕，我以后再也不社交了。	1	0	0	0	0	0	0	0	0	0	0	0
我的钱没了，我的家庭也支离破碎，我的人生就这么完了，我好想死。	0	0	0	0	0	1	0	0	0	0	0	0
父母伤心我也伤心，他们怎么就不能理解我呢	0	0	0	0	0	0	0	0	0	0	0	0
干的活儿他们就当看不到，这麻烦的事次次都有永无止境。	0	1	0	0	0	0	0	0	0	0	0	0
从我身边人对我的表现可以看出，所有人都对我没那么关心	0	1	0	0	0	0	0	0	0	0	0	0
我就像生活在地狱里一样，每天都被喋喋不休的声音折磨	0	1	0	0	0	0	0	0	0	0	0	0
从没见过想我一样无理取闹的人，一点是非也不分，真是没救。	0	0	1	0	0	0	0	0	0	0	0	0
放平心态调整呼吸，我一定能睡着的	0	0	0	0	0	0	0	0	0	0	0	0
好想她啊，这周末主动找她出来玩吧	0	0	0	0	0	0	0	0	0	0	0	0
多么难得的锻炼机会，我一定要全力以赴，进步必须成为现实。	0	0	0	0	0	0	0	0	0	0	0	0
这辈子没有人在乎我了。	0	1	0	0	0	0	0	0	0	0	0	0
人活在世界上就是受苦的，小的时候是父母，长大就是老板，从来不能自由	0	1	0	0	0	0	0	0	0	0	0	0
新同学是不是讨厌我啊？那我以后就不要再和他说话了	0	0	0	1	0	0	0	0	0	0	0	0
我看这领导就是看我不顺眼，我也没做错什么，怎么就说我一个人呢	0	0	0	1	0	0	0	0	0	0	0	0
再等等，再等等，以前肯定有一天会过去的，过去我就可以把我的小店重新开起来，一切都会好起来的	1	0	0	0	0	0	0	0	0	0	0	0
他们肯定在组团孤立我，就是看我不顺眼	0	0	0	1	0	0	0	0	0	0	0	0
我这么难受，我的老公不会可怜我的	0	0	0	0	1	0	0	0	0	0	0	0
老是说错话，大家质疑我的情商，都不愿意跟我玩了	0	0	0	1	0	0	0	0	0	0	0	0
本来开开心心出来玩却没订上酒店，真是的，还不如搁家躺着不出来呢	0	0	0	0	0	0	0	0	0	0	0	0
别的同事不下班我也不敢下班，总是觉得自己提前下班会被别人说不够努力，工作摸鱼	0	0	0	1	0	0	0	0	0	0	0	0
别人也会经历这样的情况，但他们都可以克服，只有我不行。	0	0	0	0	0	0	0	0	1	0	0	0
下次考试肯定又是倒数，不敢再面对一次了，我不想再去学校了。	0	0	0	0	1	0	0	0	0	0	0	0
照片一旦泄露出去，我的人生就毁了	0	0	0	0	0	1	0	0	0	0	0	0
为了社团牺牲了那么多的学习时间，就是想当上主席加分，这下好了，啥也没有，完了，大学废了	0	0	0	0	0	1	0	0	0	0	0	0
他放了我鸽子，是因为我没做好准备工作的原因吧	0	0	0	0	0	0	0	0	1	0	0	0
时间犹如流沙，在我的手中溜走。我需要赶紧找些事情做，我得抓紧了，实在不行先找点便宜的活干着	0	0	0	0	0	0	0	0	0	0	0	0
以后得变着花样做点好吃的，增加食欲，也提高自己的生活幸福指数。	0	0	0	0	0	0	0	0	0	0	0	0
明明就是针对我吧，就是看我是学生才这样对我的	0	0	0	1	0	0	0	0	0	0	0	0
艰难的选择让我有些迷茫，我的问题有些难以解决。	0	0	0	0	0	0	0	0	0	0	0	0
像我这种嘴笨的人就该找个山洞躲进去，一辈子不出来	0	0	1	0	0	0	0	0	0	0	0	0
妈妈对我的忧虑全都源于我不够优秀，这都是我的过错	0	0	0	0	0	0	0	0	1	0	0	0
同行眼睛都是瞎了吗？为什么不认可我，他们水平都不太行	0	0	0	1	0	0	0	0	0	0	0	0
一想到要去教育这些叛逆期的孩子我就感觉很麻烦，我根本没有多余的精力去引导他们，就这样吧，随便他们怎么生长	1	0	0	0	0	0	0	0	0	0	0	0
他们真是一群没办法相处的人，遇见他们是我惨	0	1	0	0	0	0	0	0	0	0	0	0
由于完全缺乏方向，几乎没有动力，以及对存在的恐惧感，我生活中的所有其他压力，我怀疑我什至无法维持一段浪漫的关系。 我很痛苦，那只会摧毁我试图建造的任何东西。	1	0	0	0	0	0	0	0	0	0	0	0
我和孩子同时掉水里，她肯定不会救我，她心里没有我了，还怎么一起过下去。	0	0	0	1	0	0	0	0	0	0	0	0
那其它同学一定很失望吧，我没有一直在网吧玩，又要抢他们的重点校名额了，不知道有没有人阻止老师抓我	0	0	0	1	0	0	0	0	0	0	0	0
她一定有姐妹或者什么的。那真是一场经验丰富的战斗。那个动作非常顺畅，一气呵成。她知道如何对付女孩。	0	0	0	0	0	0	0	0	0	0	0	0
他们高效率高也许是方法得当，思维不像我这么僵化，有时间去交流交流	0	0	0	0	0	0	0	0	0	0	0	0
都怪我没安排好，给周围人带来麻烦了都是我的错	0	0	0	0	0	0	0	0	1	0	0	0
我做什么都不被允许，不可以夜不归宿，不可以染发烫发，我的人生不属于我自己，我活着根本没有意义！	0	0	0	0	0	1	0	0	0	0	0	0
不会是我昨天和他说得时间不够清楚吧，还是我理解错他的意思了，才让他没能准时来。我真是一个糟糕的朋友。	0	0	1	0	0	0	0	0	0	0	0	0
我没把心思放在学习上，忘带作业喽。	0	0	0	0	0	0	0	0	0	0	0	0
突然没人陪我吃饭，有种莫名的寂寞感！呜呜，回头我一定要让她请我吃好吃的！	0	0	0	0	0	0	0	0	0	0	0	0
我十分难过，认为下次还会弄丢，毕竟我就是不擅长整理东西，丢东西是常事。	0	1	0	0	0	0	0	0	0	0	0	0
社团评优没有评上，都怪我答辩表现太差，我怎么这么容易说错话啊。	0	0	0	0	0	0	0	0	1	0	0	0
一想到他们都有才艺表演我就烦得要死，算了不吃了，我不如回房间刷我的手机去。	1	0	0	0	0	0	0	0	0	0	0	0
房租这么高我就算当牛做马也付不起啊	1	0	0	0	0	0	0	0	0	0	0	0
我只想回家告诉我的父母对不起，也没有要求任何东西，但我仍然觉得我辜负了他们。我只想让每个人都别管我	0	0	0	0	0	0	0	0	1	0	0	0
反正怎么干活都是绩效垫底，我不如辞职不干了，在家躺着好了。	1	0	0	0	0	0	0	0	0	0	0	0
本来今天考试没考好，心情就不好，现在还没人陪我吃饭，今天可真倒霉！	0	0	0	0	0	0	0	0	0	0	0	0
不明白自己的存在意义，感觉自己的外貌成了一种负担，它是否是我过去错误的惩罚？	0	0	0	0	0	0	0	0	1	0	0	0
给他好好安葬，希望他可以在汪星好好的。	0	0	0	0	0	0	0	0	0	0	0	0
我完全不懂怎么和室友相处，这太麻烦了	0	0	0	0	0	0	0	0	0	0	0	0
是不是他们都巴结老师了，才有奖学金的	0	0	0	1	0	0	0	0	0	0	0	0
真让人感到遗憾，疫情期间，我经营的公司走向了破产。	0	0	0	0	0	0	0	0	0	0	0	0
就是因为我这么软弱，从来都做不到反抗他们，才会被他们这样控制的。我真是个懦弱到极致的人，还不如街边乱叫的狗有勇气。	0	0	1	0	0	0	0	0	0	0	0	0
我真是个不称职的母亲，还怎么面对孩子和家庭啊。	0	0	1	0	0	0	0	0	0	0	0	0
我辛辛苦苦地怀着他的孩子，还要给他收拾家务。	0	0	0	0	0	0	0	0	0	0	0	0
被当着那么多同事的面训斥，我恨不得现在就立刻离开这个美丽的世界	1	0	0	0	0	0	0	0	0	0	0	0
左右什么都学不进去，不如摆烂啥也不学了。	0	0	0	0	0	1	0	0	0	0	0	0
长相并不是评价我唯一的标准，我应该自信起来，不要因自己的长相而自卑	0	0	0	0	0	0	0	0	0	0	0	0
我不喜欢北京，但我的父母很喜欢北京，我很苦恼	0	0	0	0	0	0	0	0	0	0	0	0
失去了存款是一次打击，但我的亲人们全力支持我，我坚信我能挽回这一切，再次起飞。	0	0	0	0	0	0	0	0	0	0	0	0
他就是嫉妒我，所以和我较劲	0	0	0	1	0	0	0	0	0	0	0	0
倒霉透顶，好端端走在路上都要被欺负，我在哪里都遇不到点好事，厄运缠身。	0	1	0	0	0	0	0	0	0	0	0	0
反正准备了也没有用，不如以后不准备了	0	0	0	0	0	0	0	0	0	0	0	0
他只是看不得我离开他的管束，他就是想要让我一直待在他的眼皮子底下	0	0	0	1	0	0	0	0	0	0	0	0
我希望能从事最令人兴奋的职业，极度危险和高风险的工作。我是一名会计师。	0	0	0	0	0	0	0	0	0	0	0	0
我们家里的每个人都是绿色的除了薛涉似乎总是穿红色薛很红。	0	0	0	0	0	0	0	0	0	0	0	0
我父母离开的这么突然一定是因为我没用，我赚不到钱，他们一把年纪了还要担心我，所以身体才不好，都怪我	0	0	0	0	0	0	0	0	1	0	0	0
好累啊，为什么会有这么多工作，感觉我要做不完了	0	0	0	0	0	0	0	0	0	0	0	0
我这种无关紧要的存在就应该尽早消失在这个世界上才是正确的	0	0	0	0	0	1	0	0	0	0	0	0
假如我无法保持现在的专注力，那么我就将失去所有的学习能力。	0	0	0	0	0	1	0	0	0	0	0	0
我辛辛苦苦考大学，找工作，生活还是一团烂泥，我真废物啊，什么都做不好，做什么都让父母担心。	0	0	0	0	1	0	0	0	0	0	0	0
孤僻又奇怪的我，是不会被集体接纳的	0	0	0	0	1	0	0	0	0	0	0	0
很久以来我都没有这么不快乐过，就在我即将找回自己的时候，我感到自己迷失了。	1	0	0	0	0	0	0	0	0	0	0	0
我的世界如同这黑夜一样看不到尽头	0	0	0	0	0	1	0	0	0	0	0	0
她也没来找我，果然在她心里我只是一个普通朋友，泛泛之交。我永远都无法和别人建立深厚的友谊，注定孤独一生。	0	1	0	0	0	0	0	0	0	0	0	0
我当初怎么和你妈生了你这个玩意，怎么没把你掐死呢	0	0	0	0	0	1	0	0	0	0	0	0
我被卡住了，肯定伤了喉咙，我肯定会出丑的，我心心念念的冠军，肯定也拿不到了	0	0	0	0	1	0	0	0	0	0	0	0
我好担心父母的身体，要找个机会带他们去一下医院	0	0	0	0	0	0	0	0	0	0	0	0
养不起父母，不能让他们过上好日子就是我的失败，我就应该再努力点。我永远都不能满足他们的期望。	0	1	0	0	0	0	0	0	0	0	0	0
我的钱没了太崩溃了，不如就这么样吧也不用追回了。	1	0	0	0	0	0	0	0	0	0	0	0
和室友吵架真是烦死了，搞得我每天都很烦躁！怎么和室友相处就这么难呢？	1	0	0	0	0	0	0	0	0	0	0	0
我真的害怕今年我可能不能考试成功。	0	0	0	0	1	0	0	0	0	0	0	0
反正也睡不着了，不如以后不要上床了	1	0	0	0	0	0	0	0	0	0	0	0
我可真是个失败者，开什么什么都破产，本来蛋糕店刚有点起色，因为疫情也倒闭了。	0	0	1	0	0	0	0	0	0	0	0	0
坏了坏了，这么重要的事都被我忘记了，这该怎么办啊！	0	0	0	0	0	0	0	0	0	0	0	0
家里经济条件比较差，他们的手机不能视频，只能平常发短信。	0	0	0	0	0	0	0	0	0	0	0	0
所有的父母都是这样，他们对钱的保守和抠门让我感到无比的失望，他们就是这样的人。	0	1	0	0	0	0	0	0	0	0	0	0
这老师又来捣乱，成天就盯着我，没点别的事要做，也不知道得了我爸妈多少好处。	0	0	0	1	0	0	0	0	0	0	0	0
面对亲人的死亡真的太难了，我不想再面对离别，永远都不想，我要身边的人都不离开我，都不会离我而去。	1	0	0	0	0	0	0	0	0	0	0	0
对他们的道歉，是我必须去做的，我做错了。	0	0	0	0	0	0	0	0	0	0	0	0
她就是看我不顺眼，偏偏在我学习的时候打游戏	0	0	0	1	0	0	0	0	0	0	0	0
我好害怕我不敢报警，这件事情太丢人了，我不知道该如何是好，每天只能自己偷偷哭。	1	0	0	0	0	0	0	0	0	0	0	0
什么破试卷啊，我不考也罢，简直是在开玩笑	0	0	0	0	0	1	0	0	0	0	0	0
好累啊，我确实要好好规划自己的人生了。	0	0	0	0	0	0	0	0	0	0	0	0
整天都被人围绕着，却还是感到孤独，我曾经有过的那些只是教训而已。	1	0	0	0	0	0	0	0	0	0	0	0
太恶心了，今天一天都不想吃饭了	0	0	0	0	0	0	0	0	0	0	0	0
他上次感冒的时候，还是我陪他去的医院，每天都陪伴他打点滴，每天来回都要三四个小时，这把我腿骨折了，让她照顾我一下也不过分。	0	0	0	0	0	0	0	0	0	0	0	0
我的脸色确实很差，谁叫我一直都是悲观的人呢	0	0	1	0	0	0	0	0	0	0	0	0
这所大学让我感到厌烦，我无法忍受这种生活。	0	0	0	0	0	0	0	0	0	0	0	0
感觉我们差了好多，在一起的可能性不大啊，可我还是好喜欢他。	0	0	0	0	0	0	0	0	0	0	0	0
他一定是在外面有新欢了，才嫌弃我这嫌弃我那的	0	0	0	1	0	0	0	0	0	0	0	0
内卷这样的氛围比让我去死都难受	0	0	0	0	0	0	0	0	0	0	0	0
我望着周围充满自信的同事，我在想，所有人都这么自信吗？我在这样的环境中显得如此平凡	0	1	0	0	0	0	0	0	0	0	0	0
没关系的就是一块饼干	0	0	0	0	0	0	0	0	0	0	0	0
我最近这么背时，都是因为我自己活该。	0	0	0	0	0	0	0	0	1	0	0	0
我真是个失败的家长，孩子们都不听我的话，都是我没教好他们	0	0	1	0	0	0	0	0	0	0	0	0
多么可惜，我的蛋糕店因为疫情而经营失败了。	0	0	0	0	0	0	0	0	0	0	0	0
凌晨三点被一阵心空弄醒 接下来的时间是一晚的崩溃与痛苦。	0	0	0	0	0	1	0	0	0	0	0	0
如果这件事被别人知道，他们肯定会认为我没有节操，我只能把这个秘密埋藏在心底。	0	0	0	1	0	0	0	0	0	0	0	0
在别人眼中，我一定是个废柴，没有任何优点。	0	0	0	1	0	0	0	0	0	0	0	0
到底什么是对的什么是错的，努力加班就是对的吗，我只是想要自己的生活，这也错了吗	0	0	0	0	0	0	0	0	0	0	0	0
我人缘真差啊，没人和我交朋友，也没什么人愿意和我玩游戏	0	1	0	0	0	0	0	0	0	0	0	0
这几个月的失业并未浪费，我积累了新技能，现在的我比过去更强大，具备工作经验，再次就业并不担忧生活问题。	0	0	0	0	0	0	0	0	0	0	0	0
我就是个科研废物，没有能力完成这些任务	0	0	1	0	0	0	0	0	0	0	0	0
没有人会再喜欢我了，大家都觉得我没有幸福可言了吧	0	1	0	0	0	0	0	0	0	0	0	0
找人要东西真的好痛苦，可是明明就是自己的东西	1	0	0	0	0	0	0	0	0	0	0	0
我的父母甚至他妈的都不和我住在一起了，我一定是个很糟糕的孩子，他们不得不离开。 我的意思是这很公平，我不值得爱或关心。	0	0	0	0	0	1	0	0	0	0	0	0
明明那么仔细的照顾了，但是还是去世了，肯定是因为我是个没用的主人。	0	0	0	0	0	0	0	0	1	0	0	0
我表达能力这么差，大家肯定都等着看我笑话呢吧	0	0	0	1	0	0	0	0	0	0	0	0
肯定是有人打扰我，他们都见不得我好。	0	0	0	1	0	0	0	0	0	0	0	0
治疗也太痛苦了，不如我就放弃，在床上等死吧。	1	0	0	0	0	0	0	0	0	0	0	0
这就证明我不够优秀，我没有当选的实力，我还需要努力提高。	0	0	0	0	0	0	0	0	0	0	0	0
我不服，这种投票的比赛根本不是比谁的水平高，就是在比谁的朋友多	1	0	0	0	0	0	0	0	0	0	0	0
这家公司不要我，我就再试试投别家，只要我坚持，肯定能找到工作	0	0	0	0	0	0	0	0	0	0	0	0
现在孩子这么小就会公然顶撞大人，长大了指不定做出什么偷鸡摸狗的事，这些调皮的小孩以后一定是一群只会打打杀杀的强盗	0	1	0	0	0	0	0	0	0	0	0	0
这么长时间了还不能记下来大家的名字，我这辈子都别想认清这个公司的同事了	1	0	0	0	0	0	0	0	0	0	0	0
我一文不值，这永远不会改变。	0	1	0	0	0	0	0	0	0	0	0	0
我这几天也太倒霉了，一件好事都没发生过，不会这辈子都要这么倒霉了吧。为什么这种事情总是发生在我身上，是不是命中注定的？	0	0	0	0	1	0	0	0	0	0	0	0
要是我上次考试考得好一点他们就开心了，一定就不会吵架了，都是我太不省心了他们才会吵架的，是我的错，我不存在就好了。	0	0	0	0	0	0	0	0	1	0	0	0
上次小红没带他不罚，这次我忘了就罚我，我是得罪老师才让他看我这么不爽吗。我肯定是个讨人厌的人，总是让别人讨厌。	0	0	0	1	0	0	0	0	0	0	0	0
每个人都有自己不擅长的领域，这是不可避免的现实，让人感到有些沮丧。	0	0	0	0	0	0	0	0	0	0	0	0
就算家里经济确实不好，但我上学的基本需要都不能满足了吗？父母真是吝啬鬼	0	0	1	0	0	0	0	0	0	0	0	0
无论我花费多大的口舌，那天都没能说服他，和人交流传达自己的观点，是一件费力又没有成效的事，这样的事以后我不会再做了	1	0	0	0	0	0	0	0	0	0	0	0
这个价格的房子别说现在了，再过十年我也够呛租得起	1	0	0	0	0	0	0	0	0	0	0	0
有人侵犯过我，全天下的男人都不是人，我要离他们远一点。	0	1	0	0	0	0	0	0	0	0	0	0
凌晨三点就醒了，肯定影响明天工作又要被老板说了。	0	0	0	0	1	0	0	0	0	0	0	0
明明对奖学金志在必得的，最后落空了，真难过。	0	0	0	0	0	0	0	0	0	0	0	0
从小周围人就说我摆个臭脸，我就是个控制不好自己脸色的人	0	0	1	0	0	0	0	0	0	0	0	0
妈妈老是拿长辈的身份压我，觉得自己活得久见得多，什么她都懂完了，什么都要对我指手画脚，太自以为是了。	0	0	0	1	0	0	0	0	0	0	0	0
还有，我就是长得不好看。 我在任何方面都没有吸引力，尽管我很矮但也有点胖。	0	0	0	0	0	1	0	0	0	0	0	0
我真是疯了，我简直是精神病，为什么要把这件事告诉他们	0	0	1	0	0	0	0	0	0	0	0	0
新的工作任务和原本的工作任务堆叠，如果出现瑕疵的话很有可能会被辞退，那可怎么办啊！	0	0	0	0	1	0	0	0	0	0	0	0
我讨厌这个月：我讨厌一月。充满激情。自圣诞节以来，我每时每刻都在床上，害怕它。居住是愚蠢的，我知道这一点	1	0	0	0	0	0	0	0	0	0	0	0
迷茫只是暂时的，我再多了解一些相关信息，一定可以做出合适的选择	0	0	0	0	0	0	0	0	0	0	0	0
谁知道教练兜到底什么心思，其他人全都考出来了就差我了，真不知道什么时候得罪他了	0	0	0	1	0	0	0	0	0	0	0	0
感觉不会有人在关心我了，之前说的一辈子当好朋友都是假话	0	1	0	0	0	0	0	0	0	0	0	0
当我自己都不知道问题出在哪里，当我只知道我被困在一个不属于我的身体中。	1	0	0	0	0	0	0	0	0	0	0	0
我是不是已经得了绝症，这就是死亡的前兆	0	0	0	0	1	0	0	0	0	0	0	0
碰上这样的事，同事们现在一定在对我指指点点，嘲讽我	0	0	0	1	0	0	0	0	0	0	0	0
我真的很努力学习了，结果还是不好，可能是我方法不对吧。	0	0	0	0	0	0	0	0	0	0	0	0
我从来不够好，而且我永远不会够好，我只是想知道我到底有什么问题?	0	1	0	0	0	0	0	0	0	0	0	0
不值得被理解是我活该，谁让我是同性恋呢，我生来有罪	0	0	0	0	0	0	0	0	1	0	0	0
女儿已经是大人了，我相信她能照顾好自己的。	0	0	0	0	0	0	0	0	0	0	0	0
由于近期的疫情影响，你的糕点小店生意颇为冷淡。	0	0	0	0	0	0	0	0	0	0	0	0
那些顽皮的小子们，他们的未来不会有什么大的改变，他们不可能会出人头地，他们的命运已经被注定。 	0	0	0	0	1	0	0	0	0	0	0	0
直到大四也没有决定好做什么，我的大学生活全都虚度了。	0	1	0	0	0	0	0	0	0	0	0	0
我永远也不可能追上他们的，我们之间的差距会越来越大，他们会攀上高峰，而我将坠入深渊，万劫不复。	0	0	0	0	1	0	0	0	0	0	0	0
他们这么那么卷啊，不行，我要做一个反卷达人。停止这种职场不良行为。	0	0	0	0	0	0	0	0	0	0	0	0
反正现在行情也不好，找不到工作，不如在家躺尸	1	0	0	0	0	0	0	0	0	0	0	0
我的世界总是在给我使绊子，永远没有像着我的时候	0	0	0	0	0	1	0	0	0	0	0	0
我认为一定是妈妈不小心弄丢的，我十分气愤，明明已经说过不要乱动我的东西。	0	0	0	1	0	0	0	0	0	0	0	0
还好还好，老师是要求明天交这个PPT。我现在还记着怎么写的，赶快重新写一份。	0	0	0	0	0	0	0	0	0	0	0	0
尽人事，听天命，顺其自然就好	0	0	0	0	0	0	0	0	0	0	0	0
我失去了自己的存款，看来只能从头再来了。	0	0	0	0	0	0	0	0	0	0	0	0
我就知道自己不应该开车，都是因为我开得太慢了，让这么多的人堵在这儿	0	0	0	0	0	0	0	0	1	0	0	0
谢谢你，我感觉我是一个毫无价值的疯子。	0	0	1	0	0	0	0	0	0	0	0	0
运动会太可怕了，我以后再也不参加运动会了。我还不如请假在家玩呢。	1	0	0	0	0	0	0	0	0	0	0	0
我连和家人的关系都处理不好，我还能干什么，肯定什么都不行	0	0	0	0	0	1	0	0	0	0	0	0
是我没有如期推进，被批评也是理所当然的事，接下来认真做项目	0	0	0	0	0	0	0	0	0	0	0	0
他和那个人是有事瞒着我所以他才不接电话，我真是太失败了	0	0	0	1	0	0	0	0	0	0	0	0
我根本就没有脸色不好，他们一定是看我不顺眼，故意针对我。	0	0	0	1	0	0	0	0	0	0	0	0
连跟室友好好相处这点小事都做不好，我不知道自己到底还有什么用	0	0	1	0	0	0	0	0	0	0	0	0
他们都在背后说我坏话了，才那么开心的吧	0	0	0	1	0	0	0	0	0	0	0	0
精神压力太大了最近，失眠也是意料之中的情况，只要熬过这段时间就好了。	0	0	0	0	0	0	0	0	0	0	0	0
我的腿骨折了，更何况我们这的楼层那么高，我根本就无法一个人独自下楼，有个人陪我也很正常啊。	0	0	0	0	0	0	0	0	0	0	0	0
这破论文我是永远也写不好了，我永远也不会得到认可的	0	1	0	0	0	0	0	0	0	0	0	0
我有点犹豫，毕竟我很久没跟他吃饭了。	0	0	0	0	0	0	0	0	0	0	0	0
最近的情绪让我感到非常痛苦，我处在极度的痛苦之中	1	0	0	0	0	0	0	0	0	0	0	0
我无法接受这个现实，没有心思做任何事，一直寻找毕业照，不找到我就什么都不想做。	0	0	0	0	0	1	0	0	0	0	0	0
喜欢表现自己是人之常情，无可厚非，她喜欢压着就压着呗，我该干什么就干什么，不用管他怎么样	0	0	0	0	0	0	0	0	0	0	0	0
都是因为我无能才导致多次的失败，我一点能力都没有	0	0	0	0	0	0	0	0	1	0	0	0
爸爸真不是个人！都有了我还要找小三，他真是个彻头彻尾的失败者，他的人生肮脏、黑暗，根本没有一丝闪光点！	0	0	0	0	0	1	0	0	0	0	0	0
我的父母和孩子肯定对我很失望，赚不到钱，我愧对她们	0	0	0	1	0	0	0	0	0	0	0	0
又浪费了一早上啊 觉得自己是个废人	0	0	1	0	0	0	0	0	0	0	0	0
她这么做就是为了看我笑话吧	0	0	0	1	0	0	0	0	0	0	0	0
一时的苦难不代表什么，我应该努力克服生活中的磨难，好好生活。	0	0	0	0	0	0	0	0	0	0	0	0
当面临生活中重大决策时，花费一些时间思考是完全理解的。	0	0	0	0	0	0	0	0	0	0	0	0
他可能会和别人说我的坏话吧，别人以后都会对我敬而远之了	0	0	0	0	1	0	0	0	0	0	0	0
我感觉我不能快乐了，我想要有自己的隐私	0	0	0	0	0	0	0	0	0	0	0	0
我失眠都是因为我神经不好	0	0	0	0	0	0	0	0	1	0	0	0
在通话中哭泣，发泄情绪，因为那真的让我有些感觉。	1	0	0	0	0	0	0	0	0	0	0	0
我忍无可忍，假装无忧无虑地学习难道不觉得累吗？她一定是认为她比我强大，想要让我感到自卑。	0	0	0	1	0	0	0	0	0	0	0	0
怎么会有这么自私冷漠的母亲，只想让我陪在身边，却从不替我考虑我的未来。	0	0	1	0	0	0	0	0	0	0	0	0
骨折了什么都做不了，他们会觉得我很麻烦吧，我怎么好意思啊。我肯定成了他们的累赘。	0	0	0	1	0	0	0	0	0	0	0	0
我不是个好妈妈，我是世界上最差劲的妈妈	0	0	1	0	0	0	0	0	0	0	0	0
我就天生就不是学习的料。	0	0	1	0	0	0	0	0	0	0	0	0
什么垃圾电脑，关键时刻死机？怎么国产电脑全都这么不靠谱！	0	1	0	0	0	0	0	0	0	0	0	0
如果早些看清形势，我就不会把自己陷入这无法胜任的选举中，结果也注定是败北。	0	0	0	0	1	0	0	0	0	0	0	0
一个人难免会孤独，这是合理的	0	0	0	0	0	0	0	0	0	0	0	0
大卷王，累死自己卷死别人有什么好处吗，真想不通	0	0	0	0	0	0	0	0	0	0	0	0
好难过，就差一点点，如果我再努力多一点点，就不会有今天这样子的遗憾了。	0	0	0	0	0	0	0	0	0	0	0	0
我就是一个永远离不开父母的长不大的孩子	0	0	1	0	0	0	0	0	0	0	0	0
天下男人都这样自私自大、满嘴谎言，之前说他主外我主内说的好听，实际上还不是嫌弃我不赚钱，尽会骗人！	0	1	0	0	0	0	0	0	0	0	0	0
还好这里离医院比较近，我现在马上打车，我赶紧去打狂犬疫苗还来得及。	0	0	0	0	0	0	0	0	0	0	0	0
挤吧，挤吧，反正我今天是堵死在这儿了，这个会已经搞砸了，走不走都无所谓了，可能这份工作也要没了	0	0	0	0	1	0	0	0	0	0	0	0
我不仅成绩提不上去了，连我父亲都嫌弃我没用，我的存在真是毫无意义。我真的一事无成。	0	0	0	0	0	1	0	0	0	0	0	0
他这个态度确实差啊，啧，算了，管他干啥，还有自己的事要做呢，赶紧走了	0	0	0	0	0	0	0	0	0	0	0	0
为什么一到面试就紧张啊，我真的是一个面试恐惧症晚期患者	0	0	1	0	0	0	0	0	0	0	0	0
为什么我最近总是跟她发生矛盾，以前为什么没有发生这种情况呢？是不是因为我最近因为考试压力大而变得比较敏感？	0	0	0	0	0	0	0	0	0	0	0	0
做完家务我自己也很开心，偶尔劳动一下的感觉还是很不错的。	0	0	0	0	0	0	0	0	0	0	0	0
胖怎么了，我不在意别人的看法，我自己生活的开心就好	0	0	0	0	0	0	0	0	0	0	0	0
我现在要做这么辛苦的工作都是因为我小时候没有好好学习，只能在这里听上级的话，唯命是从的活着。	0	0	0	0	0	0	0	0	1	0	0	0
目前我们的收入很低，很难保障生活质量，得想办法改变现状	0	0	0	0	0	0	0	0	0	0	0	0
我这次又没忍住，我以后一定减肥不成功。	0	0	0	0	1	0	0	0	0	0	0	0
爱人去世了，而我却连他的最后一面都没有见到，我是一个不合格的妻子，我不够爱他。	0	0	1	0	0	0	0	0	0	0	0	0
最终每个人似乎都放弃了我，我总是感到孤独，总觉得没有人在乎。大多数时候，生活似乎不值得。	0	1	0	0	0	0	0	0	0	0	0	0
我好痛苦，我好没用，不想再做下去了。	1	0	0	0	0	0	0	0	0	0	0	0
要是我能替我父母生病，要是我能替我父母死去就好了	1	0	0	0	0	0	0	0	0	0	0	0
谁让我只是个没背景没实力的小职员呢，就我好欺负，随便谁都能使唤。我对这个世界一定是没有任何价值的，注定要受苦。	0	1	0	0	0	0	0	0	0	0	0	0
上课大家总是有意无意的看我的腿，一定是在看我笑话。	0	0	0	1	0	0	0	0	0	0	0	0
我没有一点儿独立思考问题的能力，怎么会有人相信我能有一个好的前途呢。	0	1	0	0	0	0	0	0	0	0	0	0
不能再这样下去了，现在还有补救的机会	0	0	0	0	0	0	0	0	0	0	0	0
我连家人都不愿意多联系，我这么多年所受的教育到底教了我什么？我活着真失败啊！	0	0	0	0	0	1	0	0	0	0	0	0
万年寡王非我莫属了，真不知道谈恋爱有什么好的，我无法理解谈恋爱的人	0	1	0	0	0	0	0	0	0	0	0	0
人本来就是孤独的，每个人到最后都只有自己一个人	0	1	0	0	0	0	0	0	0	0	0	0
算了，痛就痛吧，我忍忍就过去了，要是去医院看病，儿子女儿肯定觉得我多此一举、乱花钱	0	0	0	1	0	0	0	0	0	0	0	0
我感到非常焦虑，在法场上肯定难以表现好，这个官司可能输定了	0	0	0	0	1	0	0	0	0	0	0	0
世俗的眼光并非就是正确的，不必在乎别人，只要做自己，过自己的人生。	0	0	0	0	0	0	0	0	0	0	0	0
我那吝啬的丈夫，每一分钱都看得比我还重要，废物，疯狂的小气鬼，葛朗台、	0	0	1	0	0	0	0	0	0	0	0	0
_，那医生肯定特别鄙视我，明明是重点中学的学生，怎么沉迷游戏，把自己的眼睛弄成这个样子，简直对不起我穿的这身校服！	0	0	0	1	0	0	0	0	0	0	0	0
每次和他们说话都特别紧张害怕，反正他们都肯定讨厌我了，我也就没必要和他们沟通交流了。	1	0	0	0	0	0	0	0	0	0	0	0
学习不好就不配做他的孩子了是吧，一看见我就拉拉个脸，不知道的还以为我杀人放火了	0	0	0	1	0	0	0	0	0	0	0	0
我每天接受着身体上的痛苦和心理上的抑郁，而我周围的人却不能理解我也不能与我感同身受	0	0	0	1	0	0	0	0	0	0	0	0
真是难受啊，原来我在他心里的分量用成绩就可以衡量。他一定觉得我一无是处。	0	0	0	1	0	0	0	0	0	0	0	0
我什么也做不好，我活该没人跟我玩，我这个人简直糟糕透顶了	0	0	0	0	0	1	0	0	0	0	0	0
我以为年龄小的孩子会得到宠爱，原来只是我的错觉，呜呜。	0	0	0	0	0	0	0	0	0	0	0	0
他们比较完还会和别人的家长说我的坏话	0	0	0	1	0	0	0	0	0	0	0	0
工作和考研各有利弊，关键我现在暂时还不知道想要什么样的生活，好难选择啊	0	0	0	0	0	0	0	0	0	0	0	0
母亲肯定就是不希望出去打拼，想把我留在身边才故意的	0	0	0	1	0	0	0	0	0	0	0	0
连毕业照都留不住，珍贵的青春回忆都不珍惜，我待人怎么这样冷淡、不重感情，太令人失望了	0	1	0	0	0	0	0	0	0	0	0	0
哈，辛辛苦苦干的活却没人看见，看来我以后即使我付出再多努力，别人也看不到吧。	0	1	0	0	0	0	0	0	0	0	0	0
我不长脑子的，就是没有记性，就算这件事情再发生个八百回你该忘还是忘	0	0	1	0	0	0	0	0	0	0	0	0
这个妻子真的是个吞金兽，不懂得节俭就知道乱买衣服	0	0	1	0	0	0	0	0	0	0	0	0
他也可能对我有好感，不管现在知不知道都无所谓，因为总有一天会明了的。	0	0	0	0	0	0	0	0	0	0	0	0
我没能当选，我做什么都不会成功的。	0	0	0	0	1	0	0	0	0	0	0	0
不要焦虑，他们虽然年轻，但是我有经验和能力，问题不大	0	0	0	0	0	0	0	0	0	0	0	0
她怎么总是针对我，我是不是哪里得罪她了，哎呀都怪我这个人粗心大意，什么时候碰到人家雷区都不知道	0	0	0	1	0	0	0	0	0	0	0	0
我怎么总是头晕呢，是不是得病了，得去医院看看了	0	0	0	0	0	0	0	0	0	0	0	0
她事事都压我一头，久而久之，业绩肯定超过我一大截，到时候如果赶上公司裁员，那我不是直接被PASS掉了，被辞退之后其他公司更不想要我了吧，这可怎么办啊	0	0	0	0	1	0	0	0	0	0	0	0
都是我的错，非要睡懒觉，我太不自律了	0	0	0	0	0	0	0	0	1	0	0	0
不就是查岗查得勤一点吗？就给我甩脸子，这种人真是不适合谈恋爱，我还是趁早分手吧	0	0	0	0	0	1	0	0	0	0	0	0
我不禁自责，我没有尽到我应该做的事，这些问题的产生，我负有责任。	0	0	0	0	0	0	0	0	1	0	0	0
每个人有每个人自己的生活习惯，很多时候没有谁对谁错，我们应该尊重彼此。	0	0	0	0	0	0	0	0	0	0	0	0
男主外女主内，家里也有很多很多的琐事需要照顾，不能只着眼于那些看得见的大事。	0	0	0	0	0	0	0	0	0	0	0	0
我早该预见，这样的决策只会造成金钱上的损失，这一切都是我自己造成的。	0	0	0	0	0	0	0	0	1	0	0	0
我看他就是在故意拖延时间，总是这样，搞得我都快要因为迟到被老师记住了。	0	0	0	1	0	0	0	0	0	0	0	0
我照顾不好孩子，孩子肯定在埋怨我。	0	0	0	0	1	0	0	0	0	0	0	0
这条街上饭店确实很少，再往前走走就会有很多饭店了	0	0	0	0	0	0	0	0	0	0	0	0
他从来都没有给过我自由，每一次我想按照我的想法做事他都否决掉了	0	1	0	0	0	0	0	0	0	0	0	0
我的妻子出去过新年：我无法阻止我的焦虑和抑郁试图毁掉我们的夜晚。	1	0	0	0	0	0	0	0	0	0	0	0
昨天参加优秀班集体答辩失败了，都怪我自己表达能力太差了。	0	0	0	0	0	0	0	0	1	0	0	0
一直以来我只要稍微不如他的意，他就对我这副表情，我一点错都被他翻来覆去地说。他对我真的很挑剔。	0	1	0	0	0	0	0	0	0	0	0	0
我付出了这么多真的没想到会是这个结果，努力一点用也没有。我永远都不会成功。	0	1	0	0	0	0	0	0	0	0	0	0
我长得不好看不代表我在其他方面不出众，即使不够好看我依然是个优秀的人	0	0	0	0	0	0	0	0	0	0	0	0
写不出论文，我一辈子都毕不了业，会卡死在这里	0	1	0	0	0	0	0	0	0	0	0	0
童年的恶梦，每一次我都会问自己，我是不是做了什么错的事情，我是不是罪魁祸首。	0	0	0	0	0	0	0	0	1	0	0	0
考不上研究生，家里这么多年对我的支持就白费了，这都怪我不努力学习。	0	0	0	0	0	1	0	0	0	0	0	0
可能这个车主有什么紧急情况，才会这么急匆匆的。	0	0	0	0	0	0	0	0	0	0	0	0
我的体质太差了，我就是个身娇体弱的人，时不时就头晕。	0	0	1	0	0	0	0	0	0	0	0	0
他为什么更生气了，一定是对我不满，认为我是个笨蛋吧	0	0	0	1	0	0	0	0	0	0	0	0
能不能别来烦我啊，把我当个成年人吧，回家来是真的不爽。每次都是这样，一回家就被无尽的唠叨包围。	1	0	0	0	0	0	0	0	0	0	0	0
我们的谈话只是闲聊，万一他的电话里有什么重要的事我就成了罪人了	0	0	0	0	0	0	0	0	1	0	0	0
借着这个机会，学会了接纳生命中有可能出现的所有好事坏事，也算是一种成长了	0	0	0	0	0	0	0	0	0	0	0	0
骨折之后，每天都要靠拐杖来行走，看来我的一辈子就只能和拐杖过日子了。	0	1	0	0	0	0	0	0	0	0	0	0
我这种人，学习天生就不好，考研这么难，我还天天瞎担心，肯定也上不了岸。	0	1	0	0	0	0	0	0	0	0	0	0
果然这个世界上没有一个人会喜欢我，他们都只是保持基本的礼貌罢了。	0	1	0	0	0	0	0	0	0	0	0	0
我觉得很不公平，认为是领导对我有意见，故意偏袒别人，我感到十分委屈。	0	0	0	1	0	0	0	0	0	0	0	0
所有的人都看不起我，都不愿意和我一起玩，这世界真是恶心透了	0	1	0	0	0	0	0	0	0	0	0	0
这不是我能决定的，都过去这么久了，我该释怀了	0	0	0	0	0	0	0	0	0	0	0	0
她这个朋友都不愿再陪我吃饭了，我以后我的朋友都会找其他人，都会把我抛弃，我就是不被大家喜欢。	0	1	0	0	0	0	0	0	0	0	0	0
这么小概率的事凭什么就我摊上了，我的人生戛然而止了。	0	0	0	0	0	1	0	0	0	0	0	0
他们要是总这么调皮捣蛋我就找家长谈谈，让他们爸爸妈妈来管	0	0	0	0	0	0	0	0	0	0	0	0
世界，这个巨大的舞台，仿佛对我设定了一个悲剧角色，每次在我无法承受的时刻，厄运如影随形，步步紧逼。	0	0	0	0	1	0	0	0	0	0	0	0
这样下去干耗着浪费钱浪费时间也诊断不出什么，我不再想继续这种无果的尝试，我怀疑生活的意义，思考着彻底结束痛苦的可能性。 	0	0	0	0	0	1	0	0	0	0	0	0
我真的是糟糕透顶了，他们一定是不愿意和我一起出去才这样的。	0	0	0	0	0	0	0	0	1	0	0	0
室友本来就是之前都认识，彼此是同学，我应该慢慢融入吧。	0	0	0	0	0	0	0	0	0	0	0	0
这丫头和她妈一个样，就知道往外跑，从来不知道给我打个电话；天下女人都是这样，不把男人放在眼里，就会要钱	0	1	0	0	0	0	0	0	0	0	0	0
我可以换个方式，多锻炼锻炼试试·	0	0	0	0	0	0	0	0	0	0	0	0
我不应该说那么重的话，我得好好和他们道歉，好难过我怎么这样伤害我最爱的人呢。	0	0	0	0	0	0	0	0	0	0	0	0
他们能保持如此高的工作效率一个有什么诀窍，我应该向他们请教一下	0	0	0	0	0	0	0	0	0	0	0	0
毕竟花了这么多力气，还只是取得这样的结果我真的很难受啊。	0	0	0	0	0	0	0	0	0	0	0	0
轻微的不适只需一些生活习惯的调整，我会照顾好自己。	0	0	0	0	0	0	0	0	0	0	0	0
就是存心不喜欢我，真麻烦，这帮人真讨厌。	0	0	0	1	0	0	0	0	0	0	0	0
倘若我继续这样行事，将会得罪许多人，我的生活将会完全颠覆。	0	0	0	0	0	1	0	0	0	0	0	0
黑幕肯定有黑幕，就是因为我没有给他们送礼，才不评我的。	0	0	0	1	0	0	0	0	0	0	0	0
每次醒来我都十分痛苦，抱怨世界对我的不公，如此年轻就要被病痛折磨，情绪失控的无法入睡。	1	0	0	0	0	0	0	0	0	0	0	0
我在人际交往方面是一个彻头彻尾的失败者	0	0	1	0	0	0	0	0	0	0	0	0
没有什么可以让它变得更好。 我的心仿佛被过去的黑暗幽灵所笼罩。 它耗尽了我的快乐； 它耗尽了我的火花。	1	0	0	0	0	0	0	0	0	0	0	0
他觉得我做的有问题，我被误会了感觉很难受	0	0	0	0	0	0	0	0	0	0	0	0
父母已经尽力了，我要加倍努力争取获得更好的薪资来补贴家用	0	0	0	0	0	0	0	0	0	0	0	0
我这么长时间没陪家人和孩子了，老婆那边肯定对我怨声载道	0	0	0	1	0	0	0	0	0	0	0	0
我找谁说理去，他又不赚钱，谁来给我报销狂犬疫苗啊，	0	0	0	0	0	0	0	0	0	0	0	0
我冷静下来后，认为应该和妈妈说这件事，没有他我们也能过好幸福的生活。	0	0	0	0	0	0	0	0	0	0	0	0
花了这么多钱结果投资失败了，我真是干啥啥不行，我以后肯定也没有机会翻身了。	0	0	0	0	1	0	0	0	0	0	0	0
我在这个学校啥也不是，这个学校里就算随便找条流浪狗学习都比我好	1	0	0	0	0	0	0	0	0	0	0	0
他存心这么说的，他就是为了搞我心态	0	0	0	1	0	0	0	0	0	0	0	0
哦，我接下来要加把油了，把拉下的赶紧补回来。	0	0	0	0	0	0	0	0	0	0	0	0
我非常想念一个人。我能想到的就是他们。但我知道为了我们自己的利益，我必须远离他们，否则会有厄运。	0	0	0	1	0	0	0	0	0	0	0	0
斯人已逝，不再回来，你就安安心心地去吧，我会好好料理后事。	0	0	0	0	0	0	0	0	0	0	0	0
她竟然把这个秘密说出去，真的很让人无语，唉，我要去问问她怎么回事	0	0	0	0	0	0	0	0	0	0	0	0
我们看对方都不顺眼，婚姻也就到尽头了，我们对彼此也没有什么感情了，没有必要继续在一起生活了。	0	1	0	0	0	0	0	0	0	0	0	0
诶？怎么就找不到了呢？不应该呀，算了等明天找朋友问问他有没有	0	0	0	0	0	0	0	0	0	0	0	0
总这么下去不是个办法，也不能天天起冲突，得找个时间和她好好唠一唠。	0	0	0	0	0	0	0	0	0	0	0	0
可能是我最近没休息好吧，等忙完手上这件事，我好好休息一下就不会这样了	0	0	0	0	0	0	0	0	0	0	0	0
有压力是正常的，自我调整就好了	0	0	0	0	0	0	0	0	0	0	0	0
长得不够好看我也不想啊，可是没办法了，只能接受这副皮囊了。我注定一辈子都不会有人喜欢我，因为我长得不好看。	0	1	0	0	0	0	0	0	0	0	0	0
大家会瞧不起我吧，在前那么风光，我感觉大家都在嘲笑我	0	0	0	1	0	0	0	0	0	0	0	0
是我自己的能力不行才会失败吧。我是无能为力的，不值得成功。	0	0	0	0	0	0	0	0	1	0	0	0
我的相貌真的会影响我的心情，为什么我长这样啊，有些时候真的会想去整容	0	0	0	0	0	0	0	0	0	0	0	0
我得了脑肿瘤，那我身体一定不行了，肯定还有别的什么病，祸不单行，我工作生活肯定也要出问题	0	0	0	0	1	0	0	0	0	0	0	0
应该找一个和我作息相同的舍友，换一间寝室，而不是在这里生闷气。	0	0	0	0	0	0	0	0	0	0	0	0
我感到十分丢人，并认为不出门才最好，应该永远在家里，就不会遇到这些情况了。	1	0	0	0	0	0	0	0	0	0	0	0
连这么小的事情都做不好，我觉得我一直都是个失败者。我的生活真的没有希望了。	0	0	0	0	0	1	0	0	0	0	0	0
父母对我的不满，都是因为我自身的努力不足 	0	0	0	0	0	0	0	0	1	0	0	0
他可能是怕生吧，我要多鼓励他接近他	0	0	0	0	0	0	0	0	0	0	0	0
就算我解释我没欠钱他肯定还是不在意，这个问题就没法解决了	0	0	0	0	1	0	0	0	0	0	0	0
我可以一直安慰她，直到她心情好起来为止	0	0	0	0	0	0	0	0	0	0	0	0
有时我有一种感觉，每个人都只是为了他们自己的幸福而利用我，根本不在乎我。	0	0	0	1	0	0	0	0	0	0	0	0
低血糖，让我先吃点儿阿尔卑斯试试	0	0	0	0	0	0	0	0	0	0	0	0
我会背痛都怪自己没有日常锻炼身体，都是我过于懒惰，如果我勤快一点也就不会生病了。	0	0	0	0	0	0	0	0	1	0	0	0
为了一点小事就吵起来，我已经无法忍受他了，难道我们不能更和谐吗？	0	0	0	0	0	0	0	0	0	0	0	0
我一天天拼死拼活的干家务带孩子照顾老人，他竟然还不满意，果然是我天生不值得被理解	0	0	0	0	0	0	0	0	1	0	0	0
体质欠缺锻炼，我必须更多地运动，增强自身抵抗力。	0	0	0	0	0	0	0	0	0	0	0	0
我年纪已经这么大了，老板还要降低我的薪水，让我这么痛心，这么难过。我完了，我还不如死了算了。	0	0	0	0	0	1	0	0	0	0	0	0
我有一个非常优秀但是已经离世的哥哥，我的父母对我要求这么高就是希望我像我哥哥一样，他们把我当作一个替代品了	0	0	0	1	0	0	0	0	0	0	0	0
今天也挨骂了，我就是没办法让他们满意啊。我本来就学不明白，没有一天是不挨骂的，真是烦死了。	0	1	0	0	0	0	0	0	0	0	0	0
在它离开这个世界时，我背负着沉重的责任。我的疏忽，我的不经意，成了它生命的终结。	0	0	0	0	0	0	0	0	1	0	0	0
我怎么这么笨啊，啃个鸭脖都能卡住。	0	0	1	0	0	0	0	0	0	0	0	0
我本来就这么恶劣庸俗，对我这种废物大家都会抛弃的吧，谁会傻乎乎来关心啊。毕竟，我什么优点都没有，一直是个累赘。	0	1	0	0	0	0	0	0	0	0	0	0
要是这个任务不能完美地完成，老师以后就再也不会信任我了	0	0	0	0	1	0	0	0	0	0	0	0
他怎么不接电话呢？是我耽误他聊正事了，我日后还是和他保持距离比较好了	0	0	0	1	0	0	0	0	0	0	0	0
疫情变成常态了，之后肯定会经常得病，说不定还会有很严重的后遗症。	1	0	0	0	0	0	0	0	0	0	0	0
一定有人给它下毒手，谁这么狠心要害它？	0	0	0	1	0	0	0	0	0	0	0	0
是不是我哪里做的不好，所以她不想和我吃饭了。	0	0	0	1	0	0	0	0	0	0	0	0
求救之声 我试图保持快乐，试图驯服我内心的骚动，但我知道我永远都做不到。	0	1	0	0	0	0	0	0	0	0	0	0
舍友就是存心恶心我，不希望学习超过他	0	0	0	1	0	0	0	0	0	0	0	0
成天催来催去的，我还是出去躲几天吧。	0	0	0	0	0	0	0	0	0	0	0	0
我是一个不讨喜的人，他们可能是想通过这种方式让我难堪，最后辞职	0	0	0	1	0	0	0	0	0	0	0	0
我的车技太差了，开得好好的还让别人插队，我真是一无是处，难怪没人愿意和我一起开车。	0	0	0	0	0	1	0	0	0	0	0	0
怎么这种恶心的事总是找上我啊，我是天选倒霉蛋吧	0	0	1	0	0	0	0	0	0	0	0	0
我感到无比的挫败，自己辛勤的付出被他人轻易夺走，我的努力对我来说已经毫无意义。	0	0	0	0	0	1	0	0	0	0	0	0
没有人会善意对我了，我的世界要崩塌了	0	0	0	0	0	1	0	0	0	0	0	0
偷偷吃一口也没什么事，明天运动量多一些补回来就行。	0	0	0	0	0	0	0	0	0	0	0	0
拜登的政策是完全失败的	0	0	0	0	0	0	0	0	0	0	0	0
我是不是可以叫个外卖啊，我就在这里等他就可以了，我真的是太聪明了。	0	0	0	0	0	0	0	0	0	0	0	0
 情况严重到了我必须勇敢地反抗并向警察求助的地步	0	0	0	0	0	0	0	0	0	0	0	0
既然这么喜欢别人家的孩子，那直接去做他们的爸爸妈妈好了。我肯定不是他们想要的孩子。	0	0	0	0	0	0	0	0	0	0	0	0
我要从阴影中走出来，但内心充满了悲伤和绝望，他才是阴沟里的蛆虫，而我依然有资格拥抱阳光，虽然困难重重。	0	0	0	0	0	0	0	0	0	0	0	0
每个细胞都在叫嚣着死亡的前奏，我深信我的生命已在倒计时，时钟的滴答声就像死神的召唤。	0	0	0	0	1	0	0	0	0	0	0	0
我以前荒废光阴不好好学习，所以学分绩很低，我好难过	0	0	0	0	0	0	0	0	0	0	0	0
我现在没人叫我出去玩，日后也再也不会有人叫我出去玩了	0	1	0	0	0	0	0	0	0	0	0	0
真是晦气！我第一次带这个耳钉就被老师看见。带耳钉简直就是会带来厄运！	1	0	0	0	0	0	0	0	0	0	0	0
这也是没办法的事，大部分产业都一样。或许我应该考虑转行了	0	0	0	0	0	0	0	0	0	0	0	0
我总是会不经意间惹朋友们生气，我觉得我让他们遭受了不幸。	0	0	0	0	0	0	0	0	1	0	0	0
果然是我太自以为是了，我就是一个什么也干不成的废物。	0	0	1	0	0	0	0	0	0	0	0	0
好疼，打疫苗还要花钱，我太倒霉了	0	0	0	0	0	0	0	0	0	0	0	0
啥也不说了，咱们就是说，咱就是一个纯纯的大怨种。	0	0	1	0	0	0	0	0	0	0	0	0
我真想不成为恶心的肥猪，但我就是这样，暴食和抑郁症的问题。	0	0	1	0	0	0	0	0	0	0	0	0
对于在我突然中哭泣，对不起，不会再发生了，抱歉了，所有帮助我的人。	0	0	0	0	0	0	0	0	1	0	0	0
孩子肯定会瞧不起我，觉得我不配当他们的爸爸	0	0	0	1	0	0	0	0	0	0	0	0
每天都好累，感觉要做的工作有好多，不过确实也在快速成长	0	0	0	0	0	0	0	0	0	0	0	0
都找这么久了还是找不到毕业照，那类似的其他的一些我珍爱的相册、信件肯定也找不到了，真令人心烦。	0	1	0	0	0	0	0	0	0	0	0	0
我这么矮，周围的人肯定都在嘲笑我，看不起我	0	0	0	0	1	0	0	0	0	0	0	0
我没有耐心或专注。，我已经觉得自己失去了工作能力。	0	0	1	0	0	0	0	0	0	0	0	0
离开他我感觉世界都要崩塌了，不会再有懂我的人了	0	1	0	0	0	0	0	0	0	0	0	0
不是吧，又要组会？我组会没一次说得让老师满意，每次去都是被骂，开这会有什么意义吗？我是真的不想开这破组会了	0	1	0	0	0	0	0	0	0	0	0	0
女儿和儿子 是天使，我非常爱他。	0	0	0	0	0	0	0	0	0	0	0	0
我没及时照顾督导孩子，从此应该加强对孩子的教育	0	0	0	0	0	0	0	0	0	0	0	0
他们每天这么努力，不就是想超过我的业绩吗，不想做我就不做，反正我努力也不会有回报。	0	0	0	1	0	0	0	0	0	0	0	0
有的时候我真的很想把子宫切下来，这样就没有现在和以后的这些麻烦事了，一了百了	1	0	0	0	0	0	0	0	0	0	0	0
看来是这家餐馆卫生有问题，我应该反映一下	0	0	0	0	0	0	0	0	0	0	0	0
好痛，痛死了，这条狗这么疯肯定有病，我好害怕啊，我肯定要得狂犬病了，肯定的！	0	0	0	0	1	0	0	0	0	0	0	0
工作真的很忙，我很长时间没和家里人联系了，父母应该是在埋怨我忽略他们了吧。	0	0	0	1	0	0	0	0	0	0	0	0
我肯定是打扰他了，如果不是我，他就可以接电话了	0	0	0	0	0	0	0	0	1	0	0	0
不可能！我不可能得精神疾病！我没病，我好得很，一定是医生误诊了，我要重新检查，不能就这么确诊	0	0	0	0	0	1	0	0	0	0	0	0
造成这个局面都是因为我办事不利，如果我早点跳槽去别的公司，现在也不至于连工作都找不到。	0	0	0	0	0	0	0	0	1	0	0	0
这次大幅度降薪来源于事实，这一段时间公司的收益确实大不如前了	0	0	0	0	0	0	0	0	0	0	0	0
对于我自己，我对父母的失望感到深深的自责，因为我连最基本的事情都做不到。	0	0	0	0	0	0	0	0	1	0	0	0
我总是写不好报告，我做不好任何一项工作。	0	0	0	0	1	0	0	0	0	0	0	0
考研对我来说无比重要，我需要和她解释一下这个无奈之举。	0	0	0	0	0	0	0	0	0	0	0	0
肥胖对身体有很多害处，也许我应该锻炼身体，努力减肥！	0	0	0	0	0	0	0	0	0	0	0	0
不必担忧，总有机会再次尝试。，没关系再重新来就好了	0	0	0	0	0	0	0	0	0	0	0	0
连过年在他长辈面前施展才艺都不行，那我还有什么能行的呢？	0	0	0	0	0	1	0	0	0	0	0	0
所有东西都是假的，这个世界终将会被谎言充斥，信任不复存在。	0	1	0	0	0	0	0	0	0	0	0	0
编辑对我那么热情一定是因为他的职业礼貌所在，我的写作生涯还没开始就结束了	0	0	0	0	1	0	0	0	0	0	0	0
都说了不要点外卖，不吃这顿外卖我说不定就不会变得不健康。	0	0	0	0	0	0	0	0	0	0	0	0
本来就是一个一事无成的小人物，所以才会紧张自卑。	0	0	1	0	0	0	0	0	0	0	0	0
我对异性没有吸引力，我这个人很无趣，不然也不会一直单身	0	0	1	0	0	0	0	0	0	0	0	0
每次为何我都遇到这种事情，真是服了，我或许应该去食品监管部门。	0	0	0	0	0	0	0	0	0	0	0	0
我一工作的话肯定会头晕，我还不如回家休息一下，我根本无法适应这种工作。	1	0	0	0	0	0	0	0	0	0	0	0
我投资失败，生活费、孩子的学费、父母的医疗费全都没了，这因为我做出的决定	0	0	0	0	0	0	0	0	1	0	0	0
完了，我的积蓄全都没了，这么多年白活了，我似乎在浪费我这一生。	0	0	0	0	0	1	0	0	0	0	0	0
他们关系这么好，还不接纳我，一定是因为他们喜欢搞小团体，我最讨厌小团体了！	0	0	0	1	0	0	0	0	0	0	0	0
怎么就找不到毕业照了，我是不是忘在哪了？	0	0	0	0	0	0	0	0	0	0	0	0
拿这么点工资什么都不能干，我这辈子估计就是什么都干不了的命	0	0	0	0	1	0	0	0	0	0	0	0
为什么我只是离开家两三年，他们还那么年轻，为什么就离开了我，这么突然，我还在外地，他们走的时候都没有见过我最后一面啊。我的父母啊，我太悲伤了。	0	0	0	0	0	0	0	0	0	0	0	0
我的亲生父母怎么可能会丢了我，一定是他们偷走了我，害我和亲人分离这么多年	0	0	0	1	0	0	0	0	0	0	0	0
我控制不了我的食欲，我根本没有意志力。	0	0	0	0	0	1	0	0	0	0	0	0
无论是考研还是工作，都应该尽早准备，还是尽早决定比较好	0	0	0	0	0	0	0	0	0	0	0	0
我落选了肯定证明我实力不行，但是我周围的人还觉得我行，是他们故意这么表现的，就是为了看我笑话！	0	0	0	1	0	0	0	0	0	0	0	0
我太迟了，其他人都已经规划好了自己的生活，而我还处于迷茫之中，我的人生是彻头彻尾的失败。	0	0	0	0	0	1	0	0	0	0	0	0
因为我小时候出过意外所以爸爸妈妈才总是这么担心我的，要是我没有去那个小巷子，就不会被绑架，爸爸妈妈现在不至于这么担心我，我怎么这么没用，只会让他们担心我	0	0	0	0	0	1	0	0	0	0	0	0
不交朋友也好，免得到时候他们发现我原来是这样的人，弄得大家都尴尬	0	1	0	0	0	0	0	0	0	0	0	0
我完了爸爸一定对我很失望，他以前从来不跟我生气的，我怎么这么不懂事，我简直是垃圾。爸爸以后也不会原谅我了，我是彻头彻尾的坏孩子了，没有人爱我了。	0	0	0	0	1	0	0	0	0	0	0	0
哎呀，我就是个社恐，让我正常和他们说话，不是难为我吗？我就是这个样子的，怎么都改不了	1	0	0	0	0	0	0	0	0	0	0	0
他们会因为这个抛弃我吧，我以后要过上没人爱的日子	0	0	0	0	1	0	0	0	0	0	0	0
他真有礼貌，跟我讲话也不会因为自己的事情打断我	0	0	0	0	0	0	0	0	0	0	0	0
对不起对不起，我明明不是爸爸妈妈的亲生孩子，还花了他们那么多钱；可能当年亲生父母丢了我就是因为这个	0	0	0	0	0	0	0	0	1	0	0	0
我就是管不住嘴，我连自己的体重都控制不了，我根本就掌控不了我的人生。	0	0	0	0	0	1	0	0	0	0	0	0
哎，只能再重头做了，不过之前做过一遍这次应该会快很多，还好没那么费时间，来得及	0	0	0	0	0	0	0	0	0	0	0	0
婆婆永远也看不惯我，永远也不会对我满意	0	1	0	0	0	0	0	0	0	0	0	0
我感到十分难过，太想看看以前的自己了，对珍贵的回忆失踪这件事情久久不能释怀。	0	0	0	0	0	0	0	0	0	0	0	0
外面又下雪，走动起来更麻烦了，好难过，感觉自己活不过这个冬天了。我注定要在这个冬天里被压垮。	0	0	0	0	1	0	0	0	0	0	0	0
她什么都比我优秀，长得又好看，工作能力又强，社交还这么牛，我和她真是云泥之别，和她相比，我真是一个彻头彻尾的失败者，什么都做不好	0	0	0	0	0	1	0	0	0	0	0	0
我被他骗了，他怎么这样呢	0	0	0	0	0	0	0	0	0	0	0	0
我做不完这个任务的，老师一定会觉得我是故意不做	0	0	0	1	0	0	0	0	0	0	0	0
这些人看起来一点也不友善，我还是别想着认识他们了，我自己一个人也行	0	0	0	1	0	0	0	0	0	0	0	0
无需担忧，如果这家饭店满了，我们可以试试下一家，也许就有位子了	0	0	0	0	0	0	0	0	0	0	0	0
学车并未成功，但对我来说，驾驶并非生活必需，这并不构成大问题。	0	0	0	0	0	0	0	0	0	0	0	0
都怪我太粗心了，居然没有保存下来，我可真是个彻头彻尾的废物。	0	0	1	0	0	0	0	0	0	0	0	0
都是我不好，如果我的语气能再缓和一点，他们肯定不能和我吵起来，也不会很伤心了。	0	0	0	0	0	0	0	0	1	0	0	0
慢慢融入总是可以的，我本身就比较慢热呀！	0	0	0	0	0	0	0	0	0	0	0	0
不好好端着咖啡洒在别人身上，小张真是个冒失鬼	0	0	1	0	0	0	0	0	0	0	0	0
我对这种事情感到十分气愤，认为同事在职场霸凌我，我感觉被全世界抛弃了。	0	0	0	0	0	1	0	0	0	0	0	0
父母吵架都是因为我不好，我成绩太差了。	0	0	0	0	0	0	0	0	1	0	0	0
天哪，肯定是我前段时间谈的那个项目没谈成，才导致公司经济效益变差了。都怪我，要是我多妥协一点，不要那么针锋相对，甲方肯定把项目拿给我们做了，都怪我，要是我谈下来了，大家的日子都会好过一些	0	0	0	0	0	0	0	0	1	0	0	0
一定是有人在背后挑拨离间，让我和父母关系破裂，都不是我的错！	0	0	0	1	0	0	0	0	0	0	0	0
故意来针对我，让我觉得不舒服，他一定非常讨厌我。	0	0	0	1	0	0	0	0	0	0	0	0
我花了这么多钱，偌大个医院竟然查不出来我的病症，无能的医生！	0	0	1	0	0	0	0	0	0	0	0	0
既没法带给别人情绪价值，自己也没什么价值，这种人活在世上有什么意义？	0	0	0	0	0	1	0	0	0	0	0	0
如果爸妈发现我的裸照，他们肯定会责怪我无能，不能够妥善保护自己。	0	0	0	0	1	0	0	0	0	0	0	0
我这个点醒了，接下来一晚上都睡不着了，明天上班肯定废了。永远都会这样，失眠会毁了我的整个职业生涯。	0	1	0	0	0	0	0	0	0	0	0	0
我人品确实有问题 不然为什么我的朋友们一个一个离我而去	0	0	0	0	0	0	0	0	1	0	0	0
家庭出了这样的事情，母亲知道了一定会和父亲大吵一架然后闹离婚的	0	0	0	0	1	0	0	0	0	0	0	0
我被放鸽子了，我真是一个废物	0	0	1	0	0	0	0	0	0	0	0	0
他不会是出事了吧，他要是在来找我的路上出了什么事我可愧疚死了	0	0	0	1	0	0	0	0	0	0	0	0
就是因为我太无聊了，和我吃饭她一定觉得很没意思，我早就看出来了，现在她终于不用再忍受我了。	0	0	0	1	0	0	0	0	0	0	0	0
我周围的人们都在欢笑，但我却孤单一人。我是不是让人厌烦，我是不是做的还不够好？	0	0	0	0	0	0	0	0	1	0	0	0
全世界都在为难我，学习学习不顺利，老师老师很严厉，活着真没意思	1	0	0	0	0	0	0	0	0	0	0	0
我会被这个男生看不起的，他知道了之后会觉得我痴心妄想	0	0	0	1	0	0	0	0	0	0	0	0
我没有参与搭配孩子成长的每个瞬间，孩子长大后又怎么可能会孝顺我，我一定会孤独终老。	0	1	0	0	0	0	0	0	0	0	0	0
同事们都是心机婊，见不得人好，总是在背后等着抢功劳！	0	1	0	0	0	0	0	0	0	0	0	0
懂了，下次就反向复习，反正我不准备的他一定要考。我每次总是选错重点，我的运气永远是这么差。	0	0	0	0	1	0	0	0	0	0	0	0
我不是个孝顺的孩子，我辜负了父母对我的殷切期望	0	0	1	0	0	0	0	0	0	0	0	0
父母生我养我一场到头来什么也没有，我白活了，直接跟着他们去了吧，黄泉路上再尽孝一回。	1	0	0	0	0	0	0	0	0	0	0	0
减肥会一直困扰我的，我体重不会变了	0	0	0	0	1	0	0	0	0	0	0	0
我连抽出一点时间和家人说说话都没有，我真是个冷心冷肺的白眼狼！	0	0	1	0	0	0	0	0	0	0	0	0
我感觉我要死掉了，我真的讨厌半夜惊醒	1	0	0	0	0	0	0	0	0	0	0	0
没啥进展或许可以问问有经验的同事，也许他们会给我一些帮助	0	0	0	0	0	0	0	0	0	0	0	0
我没有成为一个称职的父母，在孩子教育上的失败令我深感自责，没能教好孩子，都是因为有我这样的家长孩子才没学好。	0	0	0	0	0	0	0	0	1	0	0	0
我最近确实有点太黏人了，让他都觉得不舒服了，可是我确实很想他多陪陪我嘛	0	0	0	0	0	0	0	0	0	0	0	0
为什么疾病总是喜欢光顾我，我就是个倒霉蛋！	0	0	1	0	0	0	0	0	0	0	0	0
妈妈这么关心我的未来和我谈规划，虽然其中有一些内容和我的想法有悖，但大部分还是很值得采纳的	0	0	0	0	0	0	0	0	0	0	0	0
衣服都湿了，等会不会遇到熟人吧，那也太尴尬了，好想找个地缝钻进去。	0	0	0	1	0	0	0	0	0	0	0	0
真的，为人父母一辈子，要是教育不好，自己的孩子，脸都没有地方搁	1	0	0	0	0	0	0	0	0	0	0	0
我竞选失败，说明我的人生注定充满挫折，一切都会失败。	0	1	0	0	0	0	0	0	0	0	0	0
哎呀，早知道早点来好了，现在这个时间居然满员了	0	0	0	0	0	0	0	0	0	0	0	0
每次一加班就感冒，我就知道，人倒霉了各种坏事就一起来了；加班就会感冒，感冒就会发烧，我怎么这么倒霉	0	0	0	0	1	0	0	0	0	0	0	0
连一场像样的婚礼都不能给她，我以后还能给她什么呢？我的未来看不到光。	0	0	0	0	1	0	0	0	0	0	0	0
我是废物一个，我的科研生活根本没法顺利进行，我毕不了业了。	0	0	1	0	0	0	0	0	0	0	0	0
这班加起来没完没了了，从入职到现在我没几天是能准点下班的。我一定是在这个公司一点也不重要，不然不会总是让我加班。	0	1	0	0	0	0	0	0	0	0	0	0
现代社会哪有容易，习惯就好了	0	0	0	0	0	0	0	0	0	0	0	0
我点的刚好是想吃很久了的肯德基，我非常失落，对偷外卖的人感到不快。	0	0	0	0	0	0	0	0	0	0	0	0
祝福她们，但我还是更享受自己一个人的时光	0	0	0	0	0	0	0	0	0	0	0	0
我就不是一个不幸的人，老天连觉都不让我睡	0	0	1	0	0	0	0	0	0	0	0	0
我就是个柔弱无能的人，这一切都是心理作用罢了	0	0	1	0	0	0	0	0	0	0	0	0
他们都找到了伴侣，我没有什么可活的，没有人可以爱，一直都是孤独的，而且永远都是为什么我必须如此安静。 好在我不会被任何人想念，因为我一直都是一个人	0	1	0	0	0	0	0	0	0	0	0	0
成天就念叨吃饭一件事，真是烦死了，不吃又能怎么样，我倒是要是试试。	0	0	0	0	0	0	0	0	0	0	0	0
流浪猫狗都不干净，这狗铁定有病毒在身上，我准得染上病了，完蛋了，都说狂犬病治不好，最后都得死，被咬了我也不远了吧，辛辛苦苦这么多年，最终死在被咬一口，我真是一个失败者，是大家的笑话	0	1	0	0	0	0	0	0	0	0	0	0
我缺乏足够的能力，因此无法给病人提供理想的治疗结果，这个责任完全归我，因为我活该。	0	0	0	0	0	0	0	0	1	0	0	0
我记住了，以后再也不去这家了，发个朋友圈，联名抵制这家饭店。	0	0	0	0	0	0	0	0	0	0	0	0
我竟然被放鸽子了，马上找其他伙伴，没了他地球还不转了。不能因为他影响我的心情，我画了这么长时间的妆，今天必须去。	0	0	0	0	0	0	0	0	0	0	0	0
不就是名牌大学毕业的吗？凭什么瞧不起我一个普通二本的毕业生啊？大家都是一个公司的，搞什么学历歧视啊？天天压着我，做那副高贵样子给谁看啊？	0	0	0	1	0	0	0	0	0	0	0	0
我睡眠质量怎么这么差，我以后肯定也会经常失眠	0	1	0	0	0	0	0	0	0	0	0	0
每个人都有发表对这个世界看法的权利，这群医生是因为我对世界的看法与他人不一致所以给我诊断为精神疾病的	0	0	0	1	0	0	0	0	0	0	0	0
是我能力太差，我的存在只会拖累大家，如果没有我，他们可以有能力更好的同事	0	0	0	0	0	0	0	0	1	0	0	0
我是坏孩子，经常惹他生气，他才去找小三。	0	0	0	0	0	0	0	0	1	0	0	0
也许患者也是因为特殊原因才不得以吧，虽然很难缠，但问心无愧就好	0	0	0	0	0	0	0	0	0	0	0	0
我有罪，被人欺负被人侮辱是老天爷给我的报应	0	0	0	0	0	0	0	0	1	0	0	0
看着那个孩子越来越任性，我已经失去了一切希望。他不再回家，好像已经决定把我这个母亲抛之脑后。	0	0	0	0	1	0	0	0	0	0	0	0
我知道他说的是气话，但是还是很伤心	0	0	0	0	0	0	0	0	0	0	0	0
他们这么不听话是我没有教好，是我的责任	0	0	0	0	0	0	0	0	1	0	0	0
我是倒霉鬼，这对我来说要算常事	0	0	1	0	0	0	0	0	0	0	0	0
老公司这样，新公司也是这样，我就不配去一家像样的公司上班	1	0	0	0	0	0	0	0	0	0	0	0
我觉得自己挺努力了啊，看来这个问题不是努力就能解决的	1	0	0	0	0	0	0	0	0	0	0	0
他一定是不爱我了，他之前都不会说这种话的，他不会是出轨了吧？	0	0	0	1	0	0	0	0	0	0	0	0
如果他还在我得身边，一定不会愿意看到我现在萎靡不振的样子，所以我一定会振作起来	0	0	0	0	0	0	0	0	0	0	0	0
要和优秀的师兄师姐们积极沟通，借鉴他们的成功经验。	0	0	0	0	0	0	0	0	0	0	0	0
如果我一开始就没跟这个男人结婚我会比现在幸福，他这样做就是不爱我，我决定回娘家。	0	1	0	0	0	0	0	0	0	0	0	0
下次他再叫我出去玩我就不会那么信任她了	0	0	0	0	0	0	0	0	0	0	0	0
连最基本对时间的掌控能力都没有，我还能做什么，我简直一无是处。我这种人根本不配有朋友，更不值得成功。	0	0	0	0	0	1	0	0	0	0	0	0
我生病了，我什么都做不了了，我只能一直这么躺着，我没法起来的	1	0	0	0	0	0	0	0	0	0	0	0
都是因为我是运气不好的一个人，才会让我的学习生活一塌糊涂	0	0	1	0	0	0	0	0	0	0	0	0
说出来也无妨，或许我可以趁此机会表达一些内心深处的情感，虽然这可能会带来一些悲伤。	0	0	0	0	0	0	0	0	0	0	0	0
明明我外表也不差，怎么就没人跟我交朋友？难道所有人都是这样吗？	0	1	0	0	0	0	0	0	0	0	0	0
尽管我的前妻做错了事，但我越来越觉得自己是罪魁祸首，我根本不配得到我生命中的任何美好。	0	0	0	0	0	0	0	0	1	0	0	0
活这么久连个才艺都不会，人生真失败，简直就是浪费空气！	0	0	1	0	0	0	0	0	0	0	0	0
反正我也不如别人，那就摆烂好了，那就让我沉沦吧，接受失败的洗礼。	0	0	0	0	0	1	0	0	0	0	0	0
从我们这个地区现在的发展情况来看，我投资失败也是情理之中。	0	0	0	0	0	0	0	0	0	0	0	0
我觉得我很自卑，班上同学都瞧不起我。	0	0	0	1	0	0	0	0	0	0	0	0
我根本没有能力照顾好他，却还是把他领回家，他肯定特别后悔成为我的小狗吧。	0	0	0	1	0	0	0	0	0	0	0	0
不必担心，一颗感冒药就能解决你的所有问题的。	0	0	0	0	0	0	0	0	0	0	0	0
慢慢来吧，现在考到7: 非歪曲0: 非此即彼分已经是有进步了，只要我个别孩子继续努力，相信会有一天能考到理想的分数	0	0	0	0	0	0	0	0	0	0	0	0
对那位朋友感到抱歉，但在已有约定的情况下，诚信是必须的。我相信朋友会理解我的立场。	0	0	0	0	0	0	0	0	0	0	0	0
我的思想已经从我拥有的最古老的记忆（第一部分）中被摧毁了我知道这只是我的错	0	0	0	0	0	0	0	0	1	0	0	0
我就是一个不适合运动的人，看，最终还是出事了吧。	1	0	0	0	0	0	0	0	0	0	0	0
连出去玩他们都不愿意和我出去玩，我一定是让他们很讨厌了，才不愿意和我出去玩的。	0	0	0	1	0	0	0	0	0	0	0	0
一切网络上的发言都是不可信的、不友好的。	0	0	0	0	1	0	0	0	0	0	0	0
同桌肯定觉得我笨，会不会开始看不起我啊	0	0	0	1	0	0	0	0	0	0	0	0
她们还能跟她们心中所爱的人说说话 可是或许这辈子 我再也没有这个机会了	0	1	0	0	0	0	0	0	0	0	0	0
我写不完工作报告，我的价值无法实现，我的人生没意义了。	0	0	0	0	1	0	0	0	0	0	0	0
我们小区的物业是吃干饭的吗，是人是鬼都能放进来，要他们有什么用。这群无能的人，完全没办法保护我们的财产。	0	0	1	0	0	0	0	0	0	0	0	0
突然醒了又不想睡，玩会手机再说吧。	0	0	0	0	0	0	0	0	0	0	0	0
晚上有失眠的情况发生，我身体可能出现了什么问题。	0	0	0	0	1	0	0	0	0	0	0	0
好伤心好难过，把青春的留念给弄丢了，连它也在暗示，我的青春会被所有人遗忘	1	0	0	0	0	0	0	0	0	0	0	0
都赖我，是因为我不上心才犯了这么大错误，我可真该死啊。	0	0	0	0	0	0	0	0	1	0	0	0
我天天加那么多班，现在眼睛坏了，我估计脊椎和腰椎也不远了，本来这么辛苦就赚这么点钱，到时候身体垮了，这可怎么办啊？	0	0	0	0	1	0	0	0	0	0	0	0
他没事吧？有什么必要搞成这样吗？他好像有那个大病，好家伙，这一天好心情，飞飞咯~	0	0	0	0	0	0	0	0	0	0	0	0
白马王子什么的只存在于童话里，像我这种条件的也只能找到这样的了。	0	0	0	0	0	0	0	0	0	0	0	0
他没有接电话，一定是有什么事情瞒着我不让我知道	0	0	0	1	0	0	0	0	0	0	0	0
哎，虽然考的不好但也有进步吧，不满意也是暂时的，还是奖励一下他吧，毕竟辛苦这么久了。	0	0	0	0	0	0	0	0	0	0	0	0
肯定是有人害我我才会得病的。	0	0	0	1	0	0	0	0	0	0	0	0
家里还有很多事情需要我，反正我还年轻，等家里的事情都解决完了再去闯荡吧	0	0	0	0	0	0	0	0	0	0	0	0
他们讨厌我，甚至以我为耻，所以不与我联系	0	0	0	1	0	0	0	0	0	0	0	0
我明明已经是个大人了，父亲却依然不放心，好像我是个长不大的小孩一样，他们究竟什么时候能对我放心呢？	0	0	0	0	0	0	0	0	0	0	0	0
他每次嫌弃我买衣服浪费，又时不时就给老家那边人好多钱，肯定是想要跟我离婚了，所以才这么不在乎我只在乎他家里人	0	0	0	1	0	0	0	0	0	0	0	0
烦死了怎么还是这么胖！肯定是我吃的不够少，哎呀我怎么这么贪吃，跟头猪一样，这样怎么可能减肥成功嘛	0	0	1	0	0	0	0	0	0	0	0	0
每当我想离开家的时候就会发生大大小小的变故，我注定走不出这个城市，离不开我的家里人	0	1	0	0	0	0	0	0	0	0	0	0
为什么窗外的欢声笑语听起来这么刺耳，为什么空中五颜六色的风筝只有黑白灰？	1	0	0	0	0	0	0	0	0	0	0	0
我注定一辈子孤苦伶仃，永远都没有人愿意陪伴我，因为我不值得爱。	0	0	0	0	1	0	0	0	0	0	0	0
失眠太难受了，这不是我想睡着就睡着的	1	0	0	0	0	0	0	0	0	0	0	0
都是我太笨，花了这么长时间，还是写不好，对不起我的队友们了。	0	0	0	0	0	0	0	0	1	0	0	0
好饿，快点来家饭店啊，吃什么都行，我现在完全不会挑的。	0	0	0	0	0	0	0	0	0	0	0	0
小丽好胜心比较强，真羡慕她整天充满活力充满激情的去工作呀	0	0	0	0	0	0	0	0	0	0	0	0
光脚的不怕穿鞋的，这次从头再来，我必定能创造更美好的未来。	0	0	0	0	0	0	0	0	0	0	0	0
现在我才开始去送，如果老板问起，我会解释我在校对文件。	0	0	0	0	0	0	0	0	0	0	0	0
我敢肯定，我周围的人都是毫不关心我的人。人们为什么对我抱有偏见，我真不知道。	0	0	0	1	0	0	0	0	0	0	0	0
或许他临时有事吧，也可以理解	0	0	0	0	0	0	0	0	0	0	0	0
要不是我想去攀岩旅行，你怎么会失足，明明知道你不是运动的料，我却还是带着你去攀岩了要是我当时拒绝你，怎么会现在天人永隔都是我不好	0	0	0	0	0	0	0	0	1	0	0	0
唉，他们好烦啊，我什么时候能换一个宿舍	0	0	0	0	0	0	0	0	0	0	0	0
连我的爸爸都这样，我未来的人生还有什么希望？	0	0	0	0	0	1	0	0	0	0	0	0
我有点难过，我觉得丈夫有点不理解我。	0	0	0	0	0	0	0	0	0	0	0	0
对啊我就是一无是处，谁都好过我，那你们直接把我丢掉算了。我永远也不会像别人家的孩子那样完美。	0	1	0	0	0	0	0	0	0	0	0	0
疼痛似乎注定会陪伴我一生，我感觉自己被疼痛控制，我怎么都摆脱不了它。	0	1	0	0	0	0	0	0	0	0	0	0
她们谈了恋爱之后心里眼里就只有那个劳什子男朋友，哪里还有我的位置？	0	0	0	1	0	0	0	0	0	0	0	0
都怪我，我怎么不长脑子呢，全被我搞砸了	0	0	0	0	0	0	0	0	1	0	0	0
我都减了好几次肥了，都没有瘦下来，我一辈子都瘦不下来了，我就是个胖子一辈子了。	0	1	0	0	0	0	0	0	0	0	0	0
难受，治疗的费用有点难以负担	0	0	0	0	0	0	0	0	0	0	0	0
我不能独自完成工作，这个世界成年人的任务对我太难了，未来也有无数这样的任务	0	1	0	0	0	0	0	0	0	0	0	0
诶诶？！我表现的那么明显吗！我明明隐藏得很好啊！怎么就让别人知道了？！	0	0	0	0	0	0	0	0	0	0	0	0
事态无常，最近经济不景气，大家的日子都不好过，不过，人生总得向前看，只要踏踏实实做事，总有回报的一天。	0	0	0	0	0	0	0	0	0	0	0	0
婚姻到头来就是一地鸡毛，看到他们我就恨透了这样的生活。	0	1	0	0	0	0	0	0	0	0	0	0
我以后也是想我父母一样吧，我的孩子也不会让我享福的	0	1	0	0	0	0	0	0	0	0	0	0
我的加入让整个社团的气氛都变得古怪了，如果不是我，大家相处得会更好	0	0	0	0	0	0	0	0	1	0	0	0
我的大学，我的人生就这么地了吧，连这点小事都解决不好	0	1	0	0	0	0	0	0	0	0	0	0
他们没有叫我出去，他们都觉得我不重要	0	0	0	1	0	0	0	0	0	0	0	0
怀孕之后让我觉得我的世界一片黑暗，我只是一个无用的生产工具	0	0	0	0	0	1	0	0	0	0	0	0
 我注定是个穷鬼，一生中我都会被贫穷困扰，这就是我的人生。	0	1	0	0	0	0	0	0	0	0	0	0
那只狗肯定是老王故意放在这里为了报复我！他想要和我抢工作位置	0	0	0	1	0	0	0	0	0	0	0	0
为什么每次都处理不好和父母的矛盾呢，每次都是以互相伤害结束，我们的关系不会好起来的。	0	1	0	0	0	0	0	0	0	0	0	0
大家都不喜欢我，觉得我不够优秀，不想对我好。	0	0	0	1	0	0	0	0	0	0	0	0
同样的薪酬，工作却不均等，我认为这样的分配不公，应与上司反映情况。	0	0	0	0	0	0	0	0	0	0	0	0
那个男生也知道了吗？他一定会认为我很可笑吧	0	0	0	1	0	0	0	0	0	0	0	0
没有人会喜欢这么胖的我，他们都会在背后给我起绰号。	0	0	0	1	0	0	0	0	0	0	0	0
同性恋不是我能决定的，既来之则安之，这世界上不止我一人	0	0	0	0	0	0	0	0	0	0	0	0
我当时为什么要加入这个社团呢，纯粹是自讨苦吃	0	1	0	0	0	0	0	0	0	0	0	0
一早上都没有任何进展，就算继续也是浪费时间，真焦虑，不想做任何事情了，所以不如摸鱼	1	0	0	0	0	0	0	0	0	0	0	0
我这样回绝他他下次肯定不会再来约我了，谁愿意和一个总是拒绝你的人吃饭啊	0	0	0	1	0	0	0	0	0	0	0	0
我确实没有办法拿出多余的钱去买一些零食，真的会难过。	0	0	0	0	0	0	0	0	0	0	0	0
我翻车了数百次。你可能会认为他们不会再让我开车了，因为有时我们在一个小时内就撞坏五六辆车。	0	0	0	0	0	0	0	0	0	0	0	0
如果处理不好这样的邀约的话我的朋友关系网就会破裂。	0	0	0	0	1	0	0	0	0	0	0	0
年轻嘛，难免精力比我旺盛，这也是没办法的事	0	0	0	0	0	0	0	0	0	0	0	0
都给他们干得了，哪还用我做什么，干脆回家歇着去才清净。	1	0	0	0	0	0	0	0	0	0	0	0
大家相处久了都会有矛盾，我好好跟她讲清楚就好了	0	0	0	0	0	0	0	0	0	0	0	0
没有钱，人生还有什么意义，贫穷的活着和死有什么区别	0	0	0	0	0	1	0	0	0	0	0	0
我连竞选都做不好，我这人生还真是失败啊	0	0	0	0	0	1	0	0	0	0	0	0
我真是受够了他们的嘲笑，我只感觉到委屈和无助，他们全都不是好人。	1	0	0	0	0	0	0	0	0	0	0	0
他们这样对待我，使我觉得他们一早就想丢弃我，他们并不爱我，我只是一个提线木偶。	0	0	0	1	0	0	0	0	0	0	0	0
我身高较矮，我的人生完了，我会因为这件事过得不好	0	0	0	0	1	0	0	0	0	0	0	0
再做一次，就视为是一次额外的练习，正好修正先前的错误。	0	0	0	0	0	0	0	0	0	0	0	0
看来我还有很大的成长空间，我还需要再好好磨练磨练	0	0	0	0	0	0	0	0	0	0	0	0
身边的人都很胖，又不是我一个	0	0	0	0	0	0	0	0	0	0	0	0
要是我没有像他们一样努力，我肯定会被开除的	0	0	0	0	1	0	0	0	0	0	0	0
那微不足道的期待，我连这都无法满足，我在学术道路上无疑是个失败者。每次非第一非第二，都让他们大失所望，我或许真的不该活在这个世界上。	0	0	0	0	0	1	0	0	0	0	0	0
我的钱都没了，没了！我活不下去了！让我跟我的钱一起走吧，我不想活了！	0	0	0	0	0	1	0	0	0	0	0	0
我和他们没有共同话题，所以不叫我出去玩也是因为我不合群。	0	0	0	0	0	0	0	0	1	0	0	0
我爱我所有的朋友，为什么他们都那么可爱、有趣、超级可爱	0	0	0	0	0	0	0	0	0	0	0	0
我最近好像也没有关心我的朋友，我感觉他们会因为这个疏远我	0	0	0	1	0	0	0	0	0	0	0	0
父母吵架无法分出时间和精力来管我也是无可厚非的。	0	0	0	0	0	0	0	0	0	0	0	0
我没有科研的能力，阻碍了团队的脚步，一直让老师不满，我还是识趣退出吧。	0	0	0	0	0	0	0	0	1	0	0	0
我好想死啊，请假了老板以后肯定给我穿小鞋，他本来就看我不顺眼，怎么办啊。	0	0	0	0	1	0	0	0	0	0	0	0
父母的病这一段时间恶化了一些，正是用钱的时候，老婆她一定会觉得我厚此薄彼，有钱邮寄回老家却还说她买衣服太多	0	0	0	1	0	0	0	0	0	0	0	0
明明都已经少吃这么多了，可是这个结果还是不尽如人意，_，受了这么多罪，倒是没见体重降一点，减肥真的好苦啊，我真的不想坚持了。	0	0	0	0	0	0	0	0	0	0	0	0
今天回家又要晚了，老公一定会生气的，回家肯定又是争吵	0	0	0	0	1	0	0	0	0	0	0	0
由于长期生病，我已经无法集中精力学习和工作，我马上就要被病魔吞噬，我马上就要被它摧毁了。	0	0	0	0	1	0	0	0	0	0	0	0
都怪我不懂得体谅家人才让母亲生这么大的病，是我不够优秀才总是解决不了问题	0	0	0	0	0	0	0	0	1	0	0	0
一看就知道他们只能出去玩点无聊的桌游，真俗，千万别叫我，我才不想和他们一起出去玩呢	0	0	0	0	0	0	0	0	0	0	0	0
我就是个让人失望的废物才会让妈妈对我如此担忧	0	0	1	0	0	0	0	0	0	0	0	0
是不是因为我老皱眉啊，我要克制一下。	0	0	0	0	0	0	0	0	0	0	0	0
我有一个完全让人讨厌的个性，怎么可能当领导？我不行的	0	0	1	0	0	0	0	0	0	0	0	0
我怎么能犯这么简单的错误，他们是不是觉得我很笨，我真的是什么都做不好，我好失败。	0	0	0	0	1	0	0	0	0	0	0	0
这个世界只在乎漂亮的人：我生来就是丑的，我一辈子都是丑的，我想我永远也不会变得更漂亮了	0	0	0	0	0	1	0	0	0	0	0	0
他居然放我鸽子，他就是故意鸽我的，让我浪费时间	0	0	0	1	0	0	0	0	0	0	0	0
我今天是不是做错了什么事？她怎么突然不找我吃饭了，是不是我哪里惹到她了？	0	0	0	0	0	0	0	0	1	0	0	0
我马上就要成为无业游民了	0	0	0	0	1	0	0	0	0	0	0	0
连个蛋糕都抢不到，未来我也同样什么都抢不到。	0	0	0	0	1	0	0	0	0	0	0	0
我父母肯定觉得我很差劲，这么大的人了还什么都干不好	0	0	0	1	0	0	0	0	0	0	0	0
我变得不敢去学校，生怕同学知道这件事情后认为我是出轨的人的孩子，他们一定会看不起我。	0	0	0	0	1	0	0	0	0	0	0	0
锻炼一下我的工作能力，挺好的，能者多劳嘛，虽然是被迫的	0	0	0	0	0	0	0	0	0	0	0	0
我对她毫无帮助，再说下去她就该厌烦我了	0	0	0	0	1	0	0	0	0	0	0	0
我虽然事业有成，有妻有子，但是家里没人在意我，这种生活一点也没有意思	0	0	0	0	0	1	0	0	0	0	0	0
我就是个被所有人唾骂的变态，不被世人所理解的异类	0	0	1	0	0	0	0	0	0	0	0	0
他肯定很后悔跟我谈话吧，不然他就可以接电话了	0	0	0	1	0	0	0	0	0	0	0	0
我就是个蠢货，随意听信别人的谗言，就这么胡乱投资，现在好了，我的钱全没了！	0	0	1	0	0	0	0	0	0	0	0	0
我以为万无一失，所以还把我的资料借给别人参考了，这下完了，他们现在心里一定恨死我了	0	0	0	1	0	0	0	0	0	0	0	0
父亲这样说我从来不是因为担心我，只不过是怕我在外面出事需要麻烦他而已。	0	0	0	1	0	0	0	0	0	0	0	0
我没法在这家公司再继续呆下去了，这个老板这么凉薄，迟早有一天会背刺我们	0	0	0	0	1	0	0	0	0	0	0	0
今天多吃了这么多，我明天一定会涨称的，我又要长肉了。我的减肥计划永远都失败，我总是破坏自己的努力。	0	1	0	0	0	0	0	0	0	0	0	0
彩礼都拿不出来，活着还有什么意思，我这一辈子都会活在别人的阴影里。	1	0	0	0	0	0	0	0	0	0	0	0
我的朋友们肯定都在耻笑我，他们肯定都觉得我的父母俗不可耐	0	0	0	1	0	0	0	0	0	0	0	0
我不是一个好室友，我只知道学习，才让我融入不了	0	0	0	0	0	1	0	0	0	0	0	0
无论我如何努力都没用，我永远也过不上好日子，永远也不可能幸福。	0	1	0	0	0	0	0	0	0	0	0	0
不守信用，他果然是言而无信的人	0	0	1	0	0	0	0	0	0	0	0	0
我注定不会遇见白马王子，因为我根本不是个公主，而是公主身边的女仆，哪有机会遇见什么王子？	0	0	0	0	0	1	0	0	0	0	0	0
我是个扫把星，克死了我的父母，靠近我的人就会变得非常不幸，我无法拥有正常的生活	0	0	1	0	0	0	0	0	0	0	0	0
他今天和我说话都不敢看我，一定是觉得我不好看，都看不下去了。我永远都不可能有真正的朋友。	0	0	0	1	0	0	0	0	0	0	0	0
我不喜欢他，但是我不得不和他一起生活，好难受，结婚真是太令人可怕了。	1	0	0	0	0	0	0	0	0	0	0	0
我养了她这么多年，就指望她能成才，她现在见天地往外跑，没有一点好好学习的样子，我还不如死了算了，反正养这么久还是养不熟	0	0	0	0	0	1	0	0	0	0	0	0
我一个人在宿舍里好孤独，他们出门不叫我，我一个人死在宿舍里都不会有人管了吧	0	1	0	0	0	0	0	0	0	0	0	0
我相信他在我们谈话结束后会回复我的电话。也许他只是需要一些时间来冷静思考。	0	0	0	0	0	0	0	0	0	0	0	0
我爸一定后悔把我生下来，他恨不得和我断绝父子关系。我简直就是他生命中的一个错误。	0	0	0	1	0	0	0	0	0	0	0	0
我在这个世界没有依靠了，没有人在乎我，谁都不爱我。	0	1	0	0	0	0	0	0	0	0	0	0
妻子肯定会因为我和孩子发生矛盾而嫌弃我，觉得我能力不够	0	0	0	1	0	0	0	0	0	0	0	0
我知道我的问题不会得到解决，我知道我永远不会忘记我所经历的一切。 我将无法弥补所有失去的岁月，也无法改变已经发生的事情。 没有什么是我想要的，没有什么是我想的那样。	0	1	0	0	0	0	0	0	0	0	0	0
反正战争要来了，谁也别想活，不如就躺在家里等死，哈哈！	1	0	0	0	0	0	0	0	0	0	0	0
我是谎言，是一个失败者，我现在没有生活。	0	0	1	0	0	0	0	0	0	0	0	0
好累，说了半天她看起来还是很生气	0	0	0	0	0	0	0	0	0	0	0	0
母亲的不断要求使我感觉不堪重负，无论我做什么都不能使她开心，有时候我真想一死了之	1	0	0	0	0	0	0	0	0	0	0	0
冷暴力也是暴力，冷暴力就是逼你爆发，你一旦爆发他就顺理成章把错误归到你的头上，我是发了脾气，但是不意味着我错了	0	0	0	0	0	0	0	0	0	0	0	0
她们怎么这么喜欢搞小团体啊，好无语，玩孤立这一套是吧？	0	0	0	1	0	0	0	0	0	0	0	0
好卷啊，怎么上大学了还有人卷	0	0	0	0	0	0	0	0	0	0	0	0
你们和偷窥狂有什么两样，我的生活全都被你们扒了个遍有意思吗。	0	0	0	1	0	0	0	0	0	0	0	0
之前看他就总是怼我，现在狐狸尾巴露出来了，就是故意不来让我难受呗。他肯定从来就没把我当朋友。	0	0	0	1	0	0	0	0	0	0	0	0
别的同学都能拿奖学金，就我拿不到，我已经输在起跑线上了，人生已经没希望了。	0	0	0	0	0	1	0	0	0	0	0	0
我是个不折不扣的傻子，是个喜欢贪小便宜的烂人，竟然相信那些网上的信息，活该上当受骗	0	0	1	0	0	0	0	0	0	0	0	0
今天顶嘴，明天摔碗，后天是不是要拆家，不敢想了这群孩子已经变坏了，他们现在是社会的定时炸弹。	0	1	0	0	0	0	0	0	0	0	0	0
我怎么会得这种病！天哪，怎么会这样！得了这种病，我的整个人生全部完蛋了！	0	0	0	0	0	1	0	0	0	0	0	0
小狗去了它的天堂，我也要好好生活，我们都要永远快乐！	0	0	0	0	0	0	0	0	0	0	0	0
虽然小狗去世了，但他还是给我留下了很多快乐美好的回忆	0	0	0	0	0	0	0	0	0	0	0	0
爸妈想让我再生个二胎，但是老大我已经无法陪伴他，给他正常的母爱了，老二我肯定也无法给他应该有的陪伴	0	0	0	0	0	1	0	0	0	0	0	0
我根本是个表达方面的废物	0	0	1	0	0	0	0	0	0	0	0	0
疫情之下，我不认识社团里很多的人，好可惜。	0	0	0	0	0	0	0	0	0	0	0	0
不过是个癞蛤蟆还总想被老师同学认可，我这么没用根本没有任何机会。	0	0	1	0	0	0	0	0	0	0	0	0
即使我并不漂亮，我的家人和朋友依然爱我，这样就足够了	0	0	0	0	0	0	0	0	0	0	0	0
人与人之间的悲喜并不相通，没有人能理解我，去你MD	0	1	0	0	0	0	0	0	0	0	0	0
确诊的那一刻我整个人都麻木了，根本不敢相信自己的眼睛，我不如辞职回老家等死吧。	1	0	0	0	0	0	0	0	0	0	0	0
我最近在学校被人欺负了，但是因为我总是无法达到父母的要求，所以他们总是对我不满，我还是把被欺侮的事瞒下来吧，不然他们会对我更加失望	0	0	0	1	0	0	0	0	0	0	0	0
我没有用，我什么都不是。 我就已经这样了。 我没有野心，我没有未来，我是在浪费我父母的钱。	1	0	0	0	0	0	0	0	0	0	0	0
好烦。	1	0	0	0	0	0	0	0	0	0	0	0
我是个不被重视的人，总是被别人忽视，我在她眼里就是小透明	0	0	1	0	0	0	0	0	0	0	0	0
人为什么要工作呢，世界上没有工作就好了，工作真讨厌	1	0	0	0	0	0	0	0	0	0	0	0
需要主动和父母沟通交流，交换彼此的想法，不能再这样互相猜疑了。	0	0	0	0	0	0	0	0	0	0	0	0
他们就是不愿意和我玩，没人叫我也是对的。	0	0	0	1	0	0	0	0	0	0	0	0
他走了，我的精神寄托消失了，我也不想活着了	0	0	0	0	0	1	0	0	0	0	0	0
现代医学这么发达都查不出来我是什么病，看来我是得了一种疑难杂症	0	0	0	0	1	0	0	0	0	0	0	0
我就是个矮冬瓜，一个丑八怪，又矮又丑，没眼看	0	0	1	0	0	0	0	0	0	0	0	0
和老板串通好了，就是想陷害我，让我出丑！	0	0	0	1	0	0	0	0	0	0	0	0
爸妈老是把我当个小孩，我干什么他们都要问一下，生害怕我被人骗了	0	0	0	0	0	0	0	0	0	0	0	0
我果然不适合集体生活，在寝室环境中让我完全接受不了啊，一点私人空间都没有。	0	1	0	0	0	0	0	0	0	0	0	0
不能就这么让事情继续下去，需要找到一种方法来解决。	0	0	0	0	0	0	0	0	0	0	0	0
他们就是群瞎子！我在这这么明显的干活都看不到！	0	0	1	0	0	0	0	0	0	0	0	0
无论我走到哪，似乎总有困扰等待着我，我不知道这是不是公司文化，我感到难以忍受。	0	1	0	0	0	0	0	0	0	0	0	0
天天只会让我干这些杂活，我的人生完全没有意义。	0	0	0	0	0	1	0	0	0	0	0	0
我连睡觉都睡不好，精神状态每况愈下，浑浑噩噩，我不想活了！	0	0	0	0	0	1	0	0	0	0	0	0
子女就是上辈子欠父母的来还债吧，受够了谁愿意当你孩子当去吧我再也不想和你们有任何关系了。	1	0	0	0	0	0	0	0	0	0	0	0
反正加班也没有任何效果，也许我应该放弃加班了。	1	0	0	0	0	0	0	0	0	0	0	0
我总是给家里人添麻烦，即使精神病好了也还会的各种各样的病，我就是做不到健康快乐。	0	1	0	0	0	0	0	0	0	0	0	0
可能是临时有事来不了了吧，没什么关系，我们下次再一起玩儿。	0	0	0	0	0	0	0	0	0	0	0	0
我的同事都好棒，我也要像他们一样努力	0	0	0	0	0	0	0	0	0	0	0	0
我还是大山里走出来的，我永远成功不了的	0	0	0	0	1	0	0	0	0	0	0	0
考试失败，我的一生几乎什么都没做，完全没有。	0	0	0	0	0	1	0	0	0	0	0	0
什么都没有了，与其苟活，还不如就这样死去	0	0	0	0	0	1	0	0	0	0	0	0
被拍了裸照，我是一个没人要的女孩子了，我的身体已经脏了，我简直令人唾弃。	0	0	1	0	0	0	0	0	0	0	0	0
他的话语无法触及我，因为我对此毫不在乎。	0	0	0	0	0	0	0	0	0	0	0	0
我每次出门都会遇到这种事情，我就不适合开车出门，真讨厌。	0	1	0	0	0	0	0	0	0	0	0	0
虽然以前没有爱护眼睛，但从现在开始也不算晚，我的心情缓和了很多。	0	0	0	0	0	0	0	0	0	0	0	0
我连这点难受都承担不住，我对不起我的宝宝	0	0	0	0	0	0	0	0	1	0	0	0
好几百万就这么打水漂了！这可不是小数目，我的心简直在滴血！	0	0	0	0	0	0	0	0	0	0	0	0
或许是我的不小心，将自己引入了悲剧的漩涡，此刻只想逃离现实。	0	0	0	0	0	0	0	0	1	0	0	0
一定是我做错事了才会让老板觉得我不是一个出色的员工	0	0	0	0	0	0	0	0	1	0	0	0
我和她同时进入公司她却哪里都比我做得好，这证明我是废物我不应该继续上班，我应该在家混吃等死。	0	0	0	0	0	1	0	0	0	0	0	0
所有人都知道答案，除了我，他们一定在心里嘲笑我	0	1	0	0	0	0	0	0	0	0	0	0
我辛辛苦苦减肥一周瘦的，多吃一点就胖回来了，减肥真的好难啊。我不可能成功的，我肯定会再次重回原点。	1	0	0	0	0	0	0	0	0	0	0	0
我忙到没有时间主动找她，是我有错在先	0	0	0	0	0	0	0	0	1	0	0	0
他们都是善解人意的朋友，会理解我的。	0	0	0	0	0	0	0	0	0	0	0	0
但凡我想干的事都会被会被否定，这世界根本容不下我。	0	1	0	0	0	0	0	0	0	0	0	0
总是把这样艰难的选择抛给我，增加我的焦虑，还不如拒绝他们躺在家里玩	1	0	0	0	0	0	0	0	0	0	0	0
我很绝望，我没法处理他喝酒打我这个问题	0	0	0	0	0	0	0	0	0	0	0	0
这不妙，我恐怕患上了什么罕见古怪的疾病，也许我离生命的终点已经不远了。	0	0	0	1	0	0	0	0	0	0	0	0
我死了你们就开心了是吧！我就是一个没用的废物，我只会捣乱，什么都做不好！	0	0	0	0	0	1	0	0	0	0	0	0
我的生活现在，一切要么很棒，要么很糟。	0	0	0	0	0	1	0	0	0	0	0	0
嗯，早在我预料之中，这家公司主要产品确实和我个人发展的方向有所悖离，下一家更好！加油！	0	0	0	0	0	0	0	0	0	0	0	0
我就不应该爬起来，直接沉下去算了，像我这样的人趁早死了最好！	0	0	0	0	0	1	0	0	0	0	0	0
我就是一个精神衰弱的爱失眠的人	0	0	1	0	0	0	0	0	0	0	0	0
我只要做好自己就好，不必管她，她爱比较是她的事情，我不去主动和她比较就好	0	0	0	0	0	0	0	0	0	0	0	0
妈妈又对我的人生指手画脚，就想让我过她规划的人生，这样过还不如让我去死。	0	0	0	1	0	0	0	0	0	0	0	0
她爱比就比吧，就像他能比过我似的，懒得跟她一般见识。	0	0	0	0	0	0	0	0	0	0	0	0
家里没钱，都是因为爸妈啥也不会，都是废柴，不然怎么可能打拼这么多年，我家的经济条件还是这么差啊。	0	0	0	0	0	0	0	0	1	0	0	0
家人的冷暴力让我很痛苦，很不解。	0	0	0	0	0	0	0	0	0	0	0	0
感觉很多东西都白准备了，有点失落	0	0	0	0	0	0	0	0	0	0	0	0
我以后肯定还会犯这种错误，我就是逃不开这种丢人的事情，我感到非常羞耻。	0	1	0	0	0	0	0	0	0	0	0	0
自己做得确实有些不足，找老师询问如何推进项目	0	0	0	0	0	0	0	0	0	0	0	0
我怎么这么不小心！连这么宝贵的东西都能弄丢了！我怎么这么没用！我就是个废物！	0	0	1	0	0	0	0	0	0	0	0	0
自己实在想不出答案，就该问问家长的意见，让他们一起帮忙做决定。	0	0	0	0	0	0	0	0	0	0	0	0
打官司有输有赢，一次的失败并不能说明什么	0	0	0	0	0	0	0	0	0	0	0	0
那位编辑的眼神好具有震慑力，我这辈子任何时候再见到那样一双眼睛也一定会紧张的	0	0	0	0	1	0	0	0	0	0	0	0
妈妈也是为我好，有些东西我不认可，待会去跟她谈谈吧	0	0	0	0	0	0	0	0	0	0	0	0
糟糕的言辞，鲁莽的行动，总是不经意间伤害了周遭的人。自责的情绪将我困扰，仿佛一切的不当都源于我。	0	0	0	0	0	0	0	0	1	0	0	0
你是一个真正的心灵读者吗？你怎么可能知道我提问的动机呢？	0	0	0	0	0	0	0	0	0	0	0	0
我真是一个不合格的爸爸，连孩子都管不好	0	0	1	0	0	0	0	0	0	0	0	0
我是工作积极，工作能力强的员工。	0	0	0	0	0	0	0	0	0	0	0	0
我一直把小狗当成我的孩子，它走了我怎么办啊，我感觉我的天都塌了	0	0	0	0	0	1	0	0	0	0	0	0
怎么感觉最近的官司一个比一个难打，社会变了呀，我所依仗着的旧时代的法律知识再也不可能打赢任何官司了	0	0	0	0	1	0	0	0	0	0	0	0
和孩子沟通，想让孩子听话咋这么难啊！	0	0	0	0	0	0	0	0	0	0	0	0
他就是想超越我，然后看我笑话吧。	0	0	0	1	0	0	0	0	0	0	0	0
我应该注意下我自己，避免说错话伤害到别人。	0	0	0	0	0	0	0	0	0	0	0	0
没有给患者治好，让他那么痛苦，我感到很抱歉	0	0	0	0	0	0	0	0	0	0	0	0
失败的婚姻，失败的人生，一切都毁了，我没有任何希望了。	0	0	0	0	0	1	0	0	0	0	0	0
好纠结啊，要是在这个重要的关头做不出一个正确的选择的话，我上大学就全部都白学了。	0	0	0	0	0	1	0	0	0	0	0	0
你就是一个不长记性的蠢货，回回上当受骗	0	0	1	0	0	0	0	0	0	0	0	0
他不和我出去玩我还可以找别人玩	0	0	0	0	0	0	0	0	0	0	0	0
我就是个倒霉蛋，什么好事都轮不到我	0	0	1	0	0	0	0	0	0	0	0	0
他们越是问我我就越是什么都不说，从一开始就不应该回答他们的这些问题	0	0	0	0	0	0	0	0	0	0	0	0
我以后还是不要说话了，我一说话肯定会说错，一定会招人烦的。	0	1	0	0	0	0	0	0	0	0	0	0
他和我谈话结束之后就会给我回电话的。	0	0	0	0	0	0	0	0	0	0	0	0
我今天和朋友说话的时候他躲了一下，肯定是因为我太胖了他嫌弃我。	0	0	0	0	1	0	0	0	0	0	0	0
我注意到那个人看我多了几眼，是因为他在嘲笑我衣服的穿法，现在他们肯定在背后笑话我。 	0	0	0	1	0	0	0	0	0	0	0	0
一个项目都做不好，我不配读研究生	0	0	1	0	0	0	0	0	0	0	0	0
本以为老了就能轻松了，但看着父母的样子我突然意识到人生并非先苦后甜，而是从头苦到尾的	0	1	0	0	0	0	0	0	0	0	0	0
如果我是个男的就好了，我是男的就不用这么痛苦了，我为什么要是个女人，当女人好卑微！我讨厌自己是个女的	0	0	0	0	0	0	0	0	1	0	0	0
我找不到工作没脸回家了，我再也不会幸福了，像我这种累赘不应该活着。	0	1	0	0	0	0	0	0	0	0	0	0
这个问题，它像一个无解的难题，无论我怎么尝试都无法摆脱。每次聚餐都成为了我的痛苦源泉，让我感到无比压抑。	0	1	0	0	0	0	0	0	0	0	0	0
小小年纪就这幅不学好的样子，将来能有什么出息，只会危害社会。	0	1	0	0	0	0	0	0	0	0	0	0
事事压我一头，啥机会都不给我留，那我以后怎么在公司里混呐？迷茫地看不清方向了我看我也别在这个公司呆着了，早点自己辞职滚蛋吧，在家里舒舒服服睡大觉多好。	1	0	0	0	0	0	0	0	0	0	0	0
现在换季我就不舒服，以后每次换季我肯定都会不舒服的。	0	1	0	0	0	0	0	0	0	0	0	0
一个人还挺安静的，我就利用这个时间好好学习吧	0	0	0	0	0	0	0	0	0	0	0	0
我只是一个一无所有的孤独者，即使我试图拥有一些东西，它始终没有成功。 我尝试，尝试，甚至从我的错误中吸取教训，但我似乎什么也做不到。	0	0	1	0	0	0	0	0	0	0	0	0
我总失眠，以后也一定会一直失眠，这会一直困扰我	0	0	0	0	1	0	0	0	0	0	0	0
买个东西都得缩手缩脚的，根本买不起贵的，没钱真是烦人	0	0	0	0	0	0	0	0	0	0	0	0
等比我毕业了也会是这样的，他们不会改变的，我会永远在这个地狱里直到死亡。	0	0	0	0	1	0	0	0	0	0	0	0
为什么就不能理性讨论呢？南方人都是这么不讲道理，只懂吵架吗？	0	1	0	0	0	0	0	0	0	0	0	0
一个考试就让我难以应对，我就是个废物	0	0	1	0	0	0	0	0	0	0	0	0
我不敢将这件事情告诉妈妈，她一定会认为我和父亲一样瞒着她好久，我只能将这件事积压在心底。	0	0	0	0	1	0	0	0	0	0	0	0
也许，他之所以选择与我断绝关系，是因为我犯下的太多错误，这是我必须面对的后果。	0	0	0	0	0	0	0	0	1	0	0	0
我根本无法完成领导交给我的工作，我就是个无能的庸人。	0	0	1	0	0	0	0	0	0	0	0	0
我觉得我失去了我最爱的人：他不再像以前那样交流。我担心他与我失去联系。我担心他不再需要我了。	0	0	0	1	0	0	0	0	0	0	0	0
我来之前也不想一想这地方怎么可能有饭店呢。	0	0	0	0	0	0	0	0	0	0	0	0
小公司的人真爱偷懒，三本大专出来的就是这样，只知道混吃等死	0	0	1	0	0	0	0	0	0	0	0	0
 或许是我的性格不够吸引人，他们的疏远似乎全因我个性所致。	0	0	0	0	0	0	0	0	1	0	0	0
不如另辟蹊径把从前喜欢的码字画画捡起来，兴趣驱动容易坚持下去	0	0	0	0	0	0	0	0	0	0	0	0
我怎么可能面对他，这件事怎么会被泄露出去？	0	0	0	0	0	0	0	0	0	0	0	0
我连一只小狗都照顾不好，就是一个失败的主人，以后再也不要养任何小动物了。	0	1	0	0	0	0	0	0	0	0	0	0
 我这种低智商的样子，就注定得不到快乐和幸福。	0	0	0	0	0	1	0	0	0	0	0	0
我要是考不上研还能怎么办啊，我连工作也找不到，要成为无业流民了	0	0	0	0	1	0	0	0	0	0	0	0
好不容易有时间来游泳，结果一下水就抽筋了，真是烦死人了，我再也不来这个晦气的游泳馆了。	0	1	0	0	0	0	0	0	0	0	0	0
孩子们开始顶嘴了，我真是教育失败者，不知道他们会不会恨我一辈子。	0	0	0	0	0	0	0	0	1	0	0	0
他们这样都怪我，我应该早点结婚，不听他们的就是不对	0	0	0	0	0	0	0	0	1	0	0	0
我总是会搞砸一切关系	0	1	0	0	0	0	0	0	0	0	0	0
我太不知分寸，我不该顶嘴，我不该让他们生气，我不该任性为所欲为，家的紧张气氛都是我一手造成的，全怪我。	0	0	0	0	0	0	0	0	1	0	0	0
一项工作都无法在上午解决，我的未来如同陷入了一片黑暗，毫无光明可言。	0	0	0	0	0	1	0	0	0	0	0	0
我下辈子不当女的了，天天有点小病想请假就得被当成装柔软，那些领导就是资本家，从来不会顾及我们员工的感受。	0	1	0	0	0	0	0	0	0	0	0	0
我好难受好崩溃疫情整的我好害怕，我不想加班，这太令人恐惧了。	1	0	0	0	0	0	0	0	0	0	0	0
连家都没有，我以后的生活再也不会好了	0	0	0	1	0	0	0	0	0	0	0	0
很伤心，毕竟努力过，没得到想要的结果还是很失望	0	0	0	0	0	0	0	0	0	0	0	0
和他做朋友真难，我每次只能消化她的坏情绪，总算清闲一段时间了	0	1	0	0	0	0	0	0	0	0	0	0
我连自己的眼睛都保护不好，我真是一个又瞎又没用的家伙	0	0	1	0	0	0	0	0	0	0	0	0
我恨自己，我是笑话，我让家里丢人现眼。	0	0	1	0	0	0	0	0	0	0	0	0
当我完全照顾好孩子，我才会觉得自己是成功的，否则我就是一个彻头彻尾的失败者。	0	0	0	0	0	1	0	0	0	0	0	0
众人皆忙碌，我只好独自承受寂寞。	0	0	0	0	0	0	0	0	0	0	0	0
我简直伤透了父亲的心，我觉得我非常不孝顺，我什么都做不好是个废物。	0	0	1	0	0	0	0	0	0	0	0	0
我的妻子一定会责怪我，她会和我离婚的，我以后就没有家了。	0	0	0	0	1	0	0	0	0	0	0	0
我的人生都因为这些人际关系毁了	0	1	0	0	0	0	0	0	0	0	0	0
我忘记保存都怪自己不细心，我感到十分懊悔，认为自己能力很差，不适合完成老师安排的工作。	0	0	0	0	0	0	0	0	1	0	0	0
同学们全都在等着嘲讽我吧，大学四年，最终活成了个笑话。	0	0	0	1	0	0	0	0	0	0	0	0
连个朋友都交不到我还参加什么社团还不如在宿舍睡觉呢	0	1	0	0	0	0	0	0	0	0	0	0
有肿瘤的人都会死得，我肯定要命不久矣了。	0	0	0	0	1	0	0	0	0	0	0	0
怎么别人都不失眠偏偏我失眠，别人都睡得着我怎么就睡不着。	0	0	0	0	0	0	0	0	1	0	0	0
失败怎么了，我总要尝试一下的，万一我成功了呢	0	0	0	0	0	0	0	0	0	0	0	0
怪我自己不懂得省心，才让人这么担忧。	0	0	0	0	0	0	0	0	1	0	0	0
许多男人并不是真心关心我，他们只是想与我发生关系，然后离开我，转向下一个精神不稳定的单身母亲	0	0	0	0	1	0	0	0	0	0	0	0
被批评了，我这糟糕的人生就如同这糟糕的工作一样无望了	0	0	0	0	0	1	0	0	0	0	0	0
怎么每次都这么倒霉，我的生活里就没一件好事	0	1	0	0	0	0	0	0	0	0	0	0
没事没事，虽然一时间找不到照片，但是那段美好的岁月一直在我脑海中存留，是不会遗忘的	0	0	0	0	0	0	0	0	0	0	0	0
我连公司都经营不好，我好痛苦。	1	0	0	0	0	0	0	0	0	0	0	0
我尝试了许多方法，找了很多话题，可他们都不感兴趣，我一辈子也无法融入他们了！	0	1	0	0	0	0	0	0	0	0	0	0
我的“家人”成员基本上在没有明确说明的情况下称我为失败者，这无济于事。 我他妈的太累了。	0	0	1	0	0	0	0	0	0	0	0	0
看来果然还是回笼觉睡眠质量最好，等到周末一定要好好补觉。	0	0	0	0	0	0	0	0	0	0	0	0
我的孩子肯定不喜欢我，所以他才让我这样难受啊	0	0	0	1	0	0	0	0	0	0	0	0
怎么我的室友都不叫我啊，他们故意想看我迟到被骂丢脸的吧。一定是他们暗地里嘲笑我，想让我难堪。	0	0	0	1	0	0	0	0	0	0	0	0
他们竟然没看见中国队进世界杯那次比赛，太遗憾了。	0	0	0	0	0	0	0	0	0	0	0	0
我无视自我保养，所以承受今日的苦果，我生死有责。	0	0	0	0	0	0	0	0	1	0	0	0
我连面试都没有通过，我未来注定失败。	0	0	0	0	1	0	0	0	0	0	0	0
我感觉很难受，我肯定得了绝症了。	0	0	0	0	1	0	0	0	0	0	0	0
每天我都在哭泣，浪费时间，在内心死去。 因为我很孤独。 和可悲的。	1	0	0	0	0	0	0	0	0	0	0	0
就是故意看不见我做的这些小事罢了，真无语	0	0	0	1	0	0	0	0	0	0	0	0
我就是个失败的投资人，花了这么多钱，结果什么也得不到。	0	0	1	0	0	0	0	0	0	0	0	0
光天化日偷外卖？我一定要报警查监控，找到偷我外卖的人！	0	0	0	0	0	0	0	0	0	0	0	0
我就知道我和家里人的观念是有所冲突的，真麻烦，他们的建议有些根本不适合现状	0	0	0	0	0	0	0	0	0	0	0	0
我总是犯错误，但现在看来我只是毁掉了一切，却从未提供一段关系的任何积极方面。	0	0	0	0	0	1	0	0	0	0	0	0
太对不起父母了，辛辛苦苦养我，却是这副德行，他们在朋友面前怎么抬得起头。	0	0	0	0	0	0	0	0	1	0	0	0
我就是一个不会变通的人，我根本就是死脑筋	0	0	1	0	0	0	0	0	0	0	0	0
我的情绪总是失控，我就是个一无是处的人，毫无价值。	0	0	1	0	0	0	0	0	0	0	0	0
工作忙说明父母有事业心，肯为理想奋斗，作为儿女应该支持他们	0	0	0	0	0	0	0	0	0	0	0	0
我丈夫肯定也不喜欢我，和我在一起也是凑合而已	0	0	0	1	0	0	0	0	0	0	0	0
我腿好疼，要麻烦别人，怪不好意思的	0	0	0	0	0	0	0	0	0	0	0	0
只是吃进去就吐出来了，如果没那么快可能就危险了，看来我真的挺有运气的。	0	0	0	0	0	0	0	0	0	0	0	0
明明该享清福的年纪却还在遭罪，我父母真是白生我、白养我了	0	0	0	0	0	0	0	0	1	0	0	0
他是不是有什么急事来不及告诉我，我打个电话问问	0	0	0	0	0	0	0	0	0	0	0	0
上网找一找集中注意力的方法，我要及时调整状态，马上就要考试了。	0	0	0	0	0	0	0	0	0	0	0	0
无论我付出多大的努力，我也知道我无法成功，是我能力不够吗？	0	0	0	0	1	0	0	0	0	0	0	0
一让我起早我就满身的怨气，早起毁一天，八点到岗是不科学的，是违背人类生理极限的	1	0	0	0	0	0	0	0	0	0	0	0
看了这么多电影，沮丧地发现这个世界上没人喜欢我们这样长得不够温柔的人	1	0	0	0	0	0	0	0	0	0	0	0
连个车都学不明白，我没有学习能力，我是个废物	0	0	1	0	0	0	0	0	0	0	0	0
都怪我没和老师还有负责评奖学金的人搞好关系，我才没评上！	0	0	0	0	0	0	0	0	1	0	0	0
我就是个麻烦精，在这个公司我是最烂的，我是累赘，工作上什么东西也不会	0	0	1	0	0	0	0	0	0	0	0	0
今天才知道她有多讨厌我，难怪之前说话我听着不舒服，现在想想都是在阴阳怪气吧。她一定在别人面前也这样说我。	0	0	0	1	0	0	0	0	0	0	0	0
我在心里对我自己有点小抱怨，自己还是有点丢三落四，下次一定要收拾好东西，不要再弄丢了。	0	0	0	0	0	0	0	0	0	0	0	0
怎么什么倒霉事请都发生在我身上，我很想跟他去吃饭 ，可是为什么我有约了	0	0	0	0	1	0	0	0	0	0	0	0
他就是个低情商的人，说什么话都不会考虑别人的感受。	0	0	1	0	0	0	0	0	0	0	0	0
哎，好久没回去陪孩子了，他不会怪我吧，都是这工作太忙了，我也没有办法，真的感觉有些对不起孩子，没能好好陪他	0	0	0	0	0	0	0	0	0	0	0	0
我总会因为无法买到想要的东西而难过，但看着父母疲惫的面容却一句抱怨也无法说出口。	0	0	0	0	0	0	0	0	0	0	0	0
来到新的学校，本以为在社团能交到朋友，结果连熟人都没有，我注定交不到朋友了。	0	1	0	0	0	0	0	0	0	0	0	0
呵，女孩子果然都是颜控，三观跟着五官跑的那种，看到帅哥就和人家聊上了 完全不考虑我的感受	0	0	1	0	0	0	0	0	0	0	0	0
我连这点工作强度都接受不了，我还谈何工作？我不如辞职在家摆烂算了。	1	0	0	0	0	0	0	0	0	0	0	0
最后我参加的那次交易绝对是压倒骆驼的最后一根稻草，如果那次的交易代表不是我的话就不会发生公司倒闭这种事情了吧	0	0	0	0	0	0	0	0	1	0	0	0
我失去了我最好的朋友，我这样的人将来肯定也不会拥有朋友的	0	0	0	0	1	0	0	0	0	0	0	0
这样的工作量也许同事可以完成，而我却做不到，我是一个无能的人，连这点事情都解决不好。	0	0	1	0	0	0	0	0	0	0	0	0
我连和领导正常沟通都做不到，我还怎么在公司待下去，我的职业生涯已经没希望了。	0	1	0	0	0	0	0	0	0	0	0	0
我就是一个永远长不大的孩子，我永远就只能让父母监视。	0	1	0	0	0	0	0	0	0	0	0	0
真的好难过，这个世界为什么这么对我啊，老天爷眼瞎了吧，我的财产谁来给我赔偿	1	0	0	0	0	0	0	0	0	0	0	0
我是死亡的火烈鸟，我是需要字幕的詹姆斯基，我是Succ杀神，欧耶，我是最成功的人。	0	0	0	0	0	0	0	0	0	0	0	0
对啊，我就是想离开这个家，他们都是疯子，我活在这里感受不到任何的温情，就好像生活在地狱一样，太痛苦了	0	0	0	0	0	1	0	0	0	0	0	0
写论文这么难，写出来了还要受批评，搞科研真是世界上最痛苦的事。	0	0	0	0	0	1	0	0	0	0	0	0
我就是个倒霉蛋，我就是运气不好，得了这个脑瘤也没什么好稀奇的	0	0	1	0	0	0	0	0	0	0	0	0
谁都难免犯错误，是正常现象	0	0	0	0	0	0	0	0	0	0	0	0
我之前不知道他很爱讲闲话，跟他说了好多秘密，现在恨不得抽自己两个嘴巴子	1	0	0	0	0	0	0	0	0	0	0	0
完了完了，没有文章，我这辈子都毕不了业了	0	1	0	0	0	0	0	0	0	0	0	0
天哪，我得赶紧去给伤口消毒，然后去打狂犬疫苗，可千万别染上狂犬病了。	0	0	0	0	0	0	0	0	0	0	0	0
她心里肯定在不断骂我呢，肯定还在背后偷偷散布我坏话想要孤立我	0	0	0	1	0	0	0	0	0	0	0	0
找不到心仪的人结婚生子，我这辈子只能算白活了，连狗都不如。	0	0	0	0	0	1	0	0	0	0	0	0
一旦拒绝了他，他就会从此记恨我，我们的友谊也就此走到了尽头。	0	0	0	0	0	1	0	0	0	0	0	0
他给我安排这么多工作估计就是想让我受不了，然后方便他潜规则我！	0	0	0	0	1	0	0	0	0	0	0	0
每次出门都感觉大家在看我，是不是他们都知道这件事了，大家一定都看到了，我没脸活着了。	0	0	0	1	0	0	0	0	0	0	0	0
老师严格点也是为了我们好，这次被罚了，下次就会记得要带作业了。老师肯定觉得我是个不学无术的学生，才会这么严厉惩罚我。	0	0	0	0	0	0	0	0	0	0	0	0
女人就是事情多，天天就知道买一些死贵又丑的衣服，女人只知道乱花钱	0	1	0	0	0	0	0	0	0	0	0	0
我同事昨天下班前看了我一眼，他肯定是想起来这件事故意不告诉我的，他真坏。	0	0	0	1	0	0	0	0	0	0	0	0
隔壁家虽然晚上经常吵闹，但是肯定是我睡眠有问题，我以后大脑会不会出现问题啊 。	0	0	0	0	1	0	0	0	0	0	0	0
我为什么不摔死，留在世上麻烦别人有什么好的	1	0	0	0	0	0	0	0	0	0	0	0
我只是老板的负担，我就不适合呆在这里，我以后再也不能写方案了	1	0	0	0	0	0	0	0	0	0	0	0
他们的嘲笑真的是让我很崩溃，我该怎么办啊	1	0	0	0	0	0	0	0	0	0	0	0
他们都找到了伴侣，我还是一个人，我好孤独难受，孤独与难受或许一直与我相伴。	0	0	0	0	0	0	0	0	0	0	0	0
我正好有想买的裙子，也没有机会买了，突然降低的薪水使我感到很伤心。	0	0	0	0	0	0	0	0	0	0	0	0
我在这个全新的社团里，似乎一切都陌生，这已经超出了我的社交圈子。	0	0	0	0	0	0	0	0	0	0	0	0
我为我的抑郁症感到羞愧	0	0	0	0	0	0	0	0	1	0	0	0
看吧！女孩子就是这样一个弱势的群体，明明是一种正常的生理现象，还是要被人百般嘲笑	0	0	1	0	0	0	0	0	0	0	0	0
我们平时都很忙碌，联系少是正常的。	0	0	0	0	0	0	0	0	0	0	0	0
你可能没有什么大问题，别把自己吓坏了。	0	0	0	0	0	0	0	0	0	0	0	0
我要快一点学一项技能，好养活自己	0	0	0	0	0	0	0	0	0	0	0	0
他们是不是不喜欢我，那当初为什么要生我下来呢，既然如此讨厌我就杀了我好了。	1	0	0	0	0	0	0	0	0	0	0	0
减肥路上磕磕绊绊很正常，但还是要努力克制就好啦。	0	0	0	0	0	0	0	0	0	0	0	0
同学们没投我票，他们不喜欢我，对我有意见。	0	0	0	1	0	0	0	0	0	0	0	0
无尽头的早到加班，我真的有点坚持不下去了，我最近睡眠都变差了	1	0	0	0	0	0	0	0	0	0	0	0
我见过其他女孩有这种病，从来没有人为之烦恼，但我只有我弄得很难堪。	1	0	0	0	0	0	0	0	0	0	0	0
大家都没事，就我感觉压力大，我真是一个抗压能力很差的人	0	0	1	0	0	0	0	0	0	0	0	0
投资失败一下子失去了自己的所有钱，我这一辈子都将以穷光蛋的身份生活下去了	0	1	0	0	0	0	0	0	0	0	0	0
在努力吧，这也不是我能决定的，认命吧	1	0	0	0	0	0	0	0	0	0	0	0
这个世界最疼爱我的人离开了，这个世界再也没有什么可以牵挂的了，我看不到任何生活下去的意义。	1	0	0	0	0	0	0	0	0	0	0	0
我有些难过，但回忆是保存在我心中的，我想做人要向前看，这点小事没什么。	0	0	0	0	0	0	0	0	0	0	0	0
受伤之后出行真的很不方便，以后一定要好好保护自己的身体尽量不要再受伤了	0	0	0	0	0	0	0	0	0	0	0	0
我就是个废物，连小狗都养不好，以后怎么养家糊口，养自己的小孩呢？真没用	0	0	1	0	0	0	0	0	0	0	0	0
是否我的每一个朋友都会像她一样，以这样的方式逐渐离我而去	0	1	0	0	0	0	0	0	0	0	0	0
发现她在暗中和我较劲之后我也不可控制地焦虑起来了，好像已经预见到被她超过的场景一样	0	0	0	0	1	0	0	0	0	0	0	0
我在事业上升期，加点班，也是为自己拼搏出一个未来。	0	0	0	0	0	0	0	0	0	0	0	0
做我的父母好累吧，我就是废物，什么也成功不了	0	0	1	0	0	0	0	0	0	0	0	0
我和母亲在某些事情上可能存在分歧，然而，她的深深爱意依旧如初，无处不在，让我感到无比幸福。	0	0	0	0	0	0	0	0	0	0	0	0
他说的一点也没错，我确实不重要	0	0	1	0	0	0	0	0	0	0	0	0
都是因为我对他们不够好，不够优秀，所以他们才看不上我，才不服我管	0	0	0	0	0	0	0	0	1	0	0	0
丈夫这么说我，他是不是不爱我了!	0	0	0	1	0	0	0	0	0	0	0	0
这点工资连养活自己都很难啊，更别说存钱了，真令人失望，不行，我一定要跳槽，虽然才来这家公司没多久，但我一定要跳槽	1	0	0	0	0	0	0	0	0	0	0	0
哈哈，我真的不应该在没有戴隐形眼镜或眼镜的情况下开车甚至走路。	0	0	0	0	0	0	0	0	0	0	0	0
肯定是因为我太胖了，才不会有人喜欢我，我就是一个肥猪，没有人会喜欢我的。	0	0	0	0	1	0	0	0	0	0	0	0
他们付了首付又怎么样，最终的结果还不是和我一样都成为房奴	1	0	0	0	0	0	0	0	0	0	0	0
这餐馆这样一定不是一次两次了，也许我之前来的每一次它家卫生质量都不过关也说不定	0	1	0	0	0	0	0	0	0	0	0	0
看来我在这部分知识的掌握上仍有些不足	0	0	0	0	0	0	0	0	0	0	0	0
我可真是个废物啊，一个运动会都能把腿摔断，还让同学们担心我。	0	0	1	0	0	0	0	0	0	0	0	0
我要怎么跟父母说啊！没找到工作，他们一定要狠狠责备我，觉得我不努力，觉得我没用，是个败家子	0	0	0	0	1	0	0	0	0	0	0	0
我太懦弱了，老师骂我都不敢反驳，任由他作威作福欺压我，真没用。	0	0	0	0	0	0	0	0	1	0	0	0
我是同性恋，我会孤独终老，一个人在孤独中死去	0	0	0	0	1	0	0	0	0	0	0	0
现在只有我醒着吧，接下来要干什么也不知道，只剩下疲惫和空虚。	1	0	0	0	0	0	0	0	0	0	0	0
老板是不是看我不顺眼啊，不然怎么会偏偏给我安排这么多任务，其他人却很闲在呢	0	0	0	1	0	0	0	0	0	0	0	0
或许，这是命运的方式，告诉我我不配被爱。	0	0	0	0	0	0	0	0	1	0	0	0
好端端的我怎么就难受呢，还给家人添麻烦，都怪我这破身体	0	0	0	0	0	0	0	0	1	0	0	0
我也会遇到自己的伴侣的，这只是时间问题	0	0	0	0	0	0	0	0	0	0	0	0
好倒霉啊，游泳抽筋的感受可太不美好了，真是让人心情低落	0	0	0	0	0	0	0	0	0	0	0	0
别再这样了，我现在只能感受到无尽的痛苦，我的世界都是透明的	0	0	0	0	0	1	0	0	0	0	0	0
父母这么大岁数了还担心着我的人生大事，我真是不能给他们争点气。	0	0	0	0	0	0	0	0	1	0	0	0
都是因为我的唐突才让新同学不自在，我就不该打招呼，我是个尴尬体，早知道不跟他打招呼了，让他刚来就受到我的伤害	0	0	0	0	0	0	0	0	1	0	0	0
我看这HR是来给自己选妃的吧！呵呵，真当我看不出来HR和那几个入选的暗送秋波啊？选的都是长得好看的，怎么，这公司是缺花瓶吗？	0	0	0	1	0	0	0	0	0	0	0	0
是我自己太胆小了，这么点小事都不敢去尝试，一定是我不够努力，所以才会这么糟糕。	0	0	0	0	0	0	0	0	1	0	0	0
她没来找我吃饭肯定是她不和我好了，她一定一会就要和我说绝交了！	0	0	0	0	1	0	0	0	0	0	0	0
我真是个废物，其他人都能在这种情况下正常工作生活，就我还接受不了。	0	0	1	0	0	0	0	0	0	0	0	0
我就是个冷漠的机器，我真失败，连友情都不会维持	0	0	1	0	0	0	0	0	0	0	0	0
这种只会拿学生撒气的老师能有什么作为，也就只敢对着学生耍耍威风罢了。	0	0	1	0	0	0	0	0	0	0	0	0
都瘦下来了，就我还是这样的，他们从同病相怜变成怜悯和嘲讽了	0	0	0	1	0	0	0	0	0	0	0	0
浪费了一学期时间，到最后连一个朋友也没认识，好难过，与人交际真是件难事	1	0	0	0	0	0	0	0	0	0	0	0
像我这种连零食都吃不起的人还有什么脸呆在学校，以后的日子里我肯定会一直受到别人的鄙视和排挤。	0	1	0	0	0	0	0	0	0	0	0	0
这次考试如果失利了，我就分不到喜欢的专业，分不到喜欢的专业我也不想念这个书了	0	0	0	0	0	1	0	0	0	0	0	0
我和她并无瓜葛，只是因为我是个软弱的人，所以她会处处针对我。	0	0	0	0	0	0	0	0	1	0	0	0
都怪我，我肯定还是没准备充分，肯定是我的错	0	0	0	0	0	0	0	0	1	0	0	0
我一生中的大部分时间都很沮丧。 这一次我不想变得更好。 因为如果我周围的其他人都不快乐，那么快乐就没有意义	1	0	0	0	0	0	0	0	0	0	0	0
大家都觉得我无聊，所以才不带我玩	0	0	0	1	0	0	0	0	0	0	0	0
很多人家的父母都愿意比较，习惯就好了	0	0	0	0	0	0	0	0	0	0	0	0
我哪里都比不过她，我以后在公司一定无法生存了，我会彻底失去作用变成废物。	0	0	0	0	0	1	0	0	0	0	0	0
我就是这么不重要，我对谁都不重要，说得对啊，既然大家都不在乎我，那我这样活着到底有什么意义呢？	0	0	0	0	0	1	0	0	0	0	0	0
我最近可是太累了，我要多注意休息了	0	0	0	0	0	0	0	0	0	0	0	0
我这么可能输所以的钱，一定是他们故意涉及我，我才会输掉的，都怪他们。	0	0	0	0	1	0	0	0	0	0	0	0
我已经无能为力，或许我应该放弃，让自己精疲力竭。	1	0	0	0	0	0	0	0	0	0	0	0
我长得不好看，以后还是不要照镜子了，照镜子太可怕了。	1	0	0	0	0	0	0	0	0	0	0	0
说我不符合要求，无非是托辞罢了。我看这么多人来面试，也就那一个人过了，看他还和HR眉来眼去的，走后门的吧！现在真是什么人都有，脸都不要了。	0	0	0	1	0	0	0	0	0	0	0	0
每天都累得连动都不想动，只想早点睡觉，也不知道这样的日子什么时候才能结束。	0	0	0	1	0	0	0	0	0	0	0	0
一想到要做手术，我就心惊胆战！人生中从来没做过手术，好害怕。	0	0	0	0	0	0	0	0	0	0	0	0
每当我想到没完成的工作我就好焦虑，我不如甩手不干这个项目了，省得操心了。	1	0	0	0	0	0	0	0	0	0	0	0
父母年事已高，我却找不到工作在家啃老，我觉得自己的一生太失败了，我是一个不孝子。	0	0	1	0	0	0	0	0	0	0	0	0
连个奖金都得不到，我以后还能得到什么呢？我的人生就是个失败的人生。	0	0	0	0	0	1	0	0	0	0	0	0
这份疼痛使我无法拥有下一代，我只能与痛苦共舞，独自老去。	0	0	0	0	1	0	0	0	0	0	0	0
好不干净的餐馆，下次不来了	0	0	0	0	0	0	0	0	0	0	0	0
落选太丢人了，我以后都不想参加了	0	0	0	0	0	1	0	0	0	0	0	0
孩子们都讨厌我，他们一定在告诉所有人我是个失败的母亲。	0	0	0	1	0	0	0	0	0	0	0	0
肯定是被人破坏了，不然怎么会打不着火	0	0	0	0	1	0	0	0	0	0	0	0
真的，我比较胖，我需要增加运动来控制我的体重。	0	0	0	0	0	0	0	0	0	0	0	0
凭什么别人轻轻松松就能学好，我怎么努力都学不好，还假惺惺的安慰我，他们真是一些可恨之人	1	0	0	0	0	0	0	0	0	0	0	0
我应该认命，有些东西学不会就是学不会，怎么学都不可能学会	0	1	0	0	0	0	0	0	0	0	0	0
没人打扰我，我乐得清静	0	0	0	0	0	0	0	0	0	0	0	0
我为什么要受这个罪啊，他们太欺负人了，我的难过和生气能不能看一眼呢，我好委屈。	1	0	0	0	0	0	0	0	0	0	0	0
今天要玩的东西很有趣诶，不来是她的损失	0	0	0	0	0	0	0	0	0	0	0	0
今天没来也没关系，我们下次再一起吃。	0	0	0	0	0	0	0	0	0	0	0	0
她一直都在和我比吧，不管我做什么她都想压我一头，好维持她那种莫名的高傲。她肯定觉得我配不上她。	0	0	0	1	0	0	0	0	0	0	0	0
我再也不想穿西装了，我要是穿西装肯定会穿反，我就不配穿这样的高级货	0	1	0	0	0	0	0	0	0	0	0	0
坏人！他这样的坏人就应该去死！他毁了我！我也没有脸活在世上了，我也应该去死！	1	0	0	0	0	0	0	0	0	0	0	0
我最近太忙确实忽视她了，等以后有机会再好好补偿她	0	0	0	0	0	0	0	0	0	0	0	0
我室友就是故意针对我，每次都找我事，她肯定不想让我好过	0	0	0	1	0	0	0	0	0	0	0	0
我觉得我对每个人都是一个负担，对不起，我是个糟糕的人。	0	0	0	0	0	0	0	0	1	0	0	0
小事都做不好，简直就是个废物，一点价值都没有。	0	0	1	0	0	0	0	0	0	0	0	0
孩子们公然反对我，开始顶嘴，让我觉得很伤心。	0	0	0	0	0	0	0	0	0	0	0	0
考不了好成绩要怎么面对父母，他们对我那么高的期待，好想找个坑把自己埋起来，永远不被发现。	0	0	0	0	0	1	0	0	0	0	0	0
我这辈子都不想再点外卖了，又贵又不安全，点一次丢一次	0	1	0	0	0	0	0	0	0	0	0	0
我什么都干不好，天天行尸走肉我真不知道活着干嘛	0	0	0	0	0	1	0	0	0	0	0	0
没有人能理解我，与其被世人唾沫淹死不如现在就去死	0	0	0	0	1	0	0	0	0	0	0	0
虽然最近真的特别累 有时候还蛮想大哭一场 我觉得大家应该会觉得我矫情吧	0	0	0	1	0	0	0	0	0	0	0	0
靠，今天真倒霉，喝凉水都塞牙，居然让狗给咬了。	0	1	0	0	0	0	0	0	0	0	0	0
我虽然现在没有钱，但我坚信只要我足够努力，我就能赚到钱，成为富有的人不再是梦	0	0	0	0	0	0	0	0	0	0	0	0
怎么会有如此寒酸的待遇？我还不如辞职不干了，谁爱去谁去。	1	0	0	0	0	0	0	0	0	0	0	0
我恨死我爸爸了，所有的男人都是喜欢家暴的人渣。	0	1	0	0	0	0	0	0	0	0	0	0
孩子晚上没回来，她对我有意见了，她不愿意回来见我。	0	0	0	1	0	0	0	0	0	0	0	0
努力也毫无意义了，也解决不了问题	0	0	0	0	0	1	0	0	0	0	0	0
哪有那么严重？我现在乐滋滋的玩手机不还是没事？	0	0	0	0	0	0	0	0	0	0	0	0
我无法理解为什么要这样对待我，我试图和他们商谈，得到的却是更大的冷暴力，我对他们感到失望。	1	0	0	0	0	0	0	0	0	0	0	0
我信心满满的以为会有我，现在其他人肯定都会笑话我	0	0	0	1	0	0	0	0	0	0	0	0
我是个没有能力的人，公司看不上我是正确的。	0	0	1	0	0	0	0	0	0	0	0	0
我永远是一片用来衬托“红花”的“绿叶”。	0	1	0	0	0	0	0	0	0	0	0	0
大家都愿意去关心比我优秀比我好的人，是我自己的问题，像我这样的人没有人愿意和我交朋友	0	0	0	1	0	0	0	0	0	0	0	0
无语了，外卖又没有送到！没有时间再等，只好空腹去上课。冬天就本来很冷，原本想要奖励自己一份羊肉汤，结果什么也没得到，感到十分失落。	0	0	0	0	0	0	0	0	0	0	0	0
感觉生活有了一个缺口，真的很难过。	0	0	0	0	0	0	0	0	0	0	0	0
车主好像很着急的样子，我们就先让他过去吧，要与人为善	0	0	0	0	0	0	0	0	0	0	0	0
是不是所有的同事都这样，根本不会为别人着想	0	1	0	0	0	0	0	0	0	0	0	0
又和舍友吵架了，本来可以避免的，都怪我不会沟通	0	0	0	0	0	0	0	0	1	0	0	0
我对我的要求就是让我成为最好的自己，但是平庸毫无意义。	0	0	0	0	0	1	0	0	0	0	0	0
我我筑起了墙又拆掉了它们，但是它们又在我周围堆积起来，我失去了视野，几乎无法呼吸。	1	0	0	0	0	0	0	0	0	0	0	0
有些失落，但我还是尊重他的决定	0	0	0	0	0	0	0	0	0	0	0	0
我为什么要为他们的嘲笑而感到生气，是他们不尊重女性，为什么要为别人的错误而买单呢？不气不气，对身体不好	0	0	0	0	0	0	0	0	0	0	0	0
他是个白痴吧，会不会说话啊，不能说就闭嘴	0	0	1	0	0	0	0	0	0	0	0	0
虫子也是一条生命，我跟虫子比起来又高贵在哪里呢	0	0	0	0	0	0	0	0	0	0	0	0
失败了，是的，但那只是成功路上的垫脚石。这一次，我失去了很多，但收获了无价的教训，给我未来的成功做好了准备。	0	0	0	0	0	0	0	0	0	0	0	0
领导批评我，一定是想找借口压榨我，他们都是恶劣的人。	0	0	0	0	1	0	0	0	0	0	0	0
所有多年来的朋友都不在乎我难过，连你也不在乎我难过。	0	1	0	0	0	0	0	0	0	0	0	0
我竟然拒绝别人的邀请了，我的生活不在绚丽多彩了	0	0	0	0	0	1	0	0	0	0	0	0
我失去了入睡的能力，我的人生像是走到了尽头。	0	0	0	0	0	1	0	0	0	0	0	0
明知道我钱不够买零食，他们还在我每天吃，都是故意在我面前炫耀的吧。	0	0	0	1	0	0	0	0	0	0	0	0
失败的感觉太痛苦了，我根本就不该参加这种竞选，它只会让我越来越糟糕。	0	0	0	0	0	1	0	0	0	0	0	0
原地踏步的成绩谁看了都不会开心吧，爸爸不高兴也是正常的啊。他一定觉得我永远都不会有进步。	0	0	0	0	0	0	0	0	0	0	0	0
被拿来和别人比较真的很伤人，每次这样我都好难过，我只是个普通的孩子啊。为什么我不能和其他人一样被爱和接受呢？	0	0	0	0	0	0	0	0	1	0	0	0
外面发生了火灾，仓鼠它又忽然找不到了，怎么办啊！不行，冒着再大的火势我也一定得找到它	1	0	0	0	0	0	0	0	0	0	0	0
就给我一个人压力，完了完了，要被公司开除了	0	0	0	0	1	0	0	0	0	0	0	0
这个公司我呆不下去了，我要跳槽，我受不了	1	0	0	0	0	0	0	0	0	0	0	0
我这么努力为什么还会遇到这样的事，这个世界真不公平	0	0	0	0	0	0	0	0	1	0	0	0
睡不着的话就静静躺着吧，明天还是得认真尽量不出错误。	0	0	0	0	0	0	0	0	0	0	0	0
我不敢讲这件事告诉妈妈，因为他一定会责骂我，我十分害怕的哭了起来。	0	0	0	0	1	0	0	0	0	0	0	0
怎么什么烦心事都找上我，什么头疼脑热我就非得都沾上呢	0	1	0	0	0	0	0	0	0	0	0	0
我又给家里添麻烦了，我老是生这样那样的病，总让爸妈操心	0	0	0	0	0	0	0	0	1	0	0	0
我的天呐，为什么我总是迟到，这个糟糕的习惯已经深深地刻在我的生活里了。	0	1	0	0	0	0	0	0	0	0	0	0
只有父母管教我的时候，我才觉得自己是有用的，自己的人生值得认可。	0	0	0	0	0	1	0	0	0	0	0	0
年轻的时候干活太累了，幸好现在年纪还不算大，有我在，接下来一定让他们好好享福。否则，我就是个失败的孩子。	0	0	0	0	0	1	0	0	0	0	0	0
我的抑郁症是我无法用这些东西解决的，我已经了解到这一点。	0	0	0	0	1	0	0	0	0	0	0	0
我再也不会相信任何人了，所有人都会背叛我，把我的秘密宣扬出去取乐！	0	1	0	0	0	0	0	0	0	0	0	0
他们都不关心我，一定已经对我很厌烦了吧，对我这么冷漠，还冷暴力，肯定在心里就没把我当成是他们的家人	0	0	0	1	0	0	0	0	0	0	0	0
小孩调皮一点也是正常的，作为老师要有耐心	0	0	0	0	0	0	0	0	0	0	0	0
是不是我最开始进门的时候没有礼貌地打招呼所以让hr觉得我不礼貌了啊，真是小肚鸡肠。	0	0	0	1	0	0	0	0	0	0	0	0
怪不得和父母感觉怪怪的，果然不是亲生的就不会对我好	0	0	0	1	0	0	0	0	0	0	0	0
都是我自己的原因，学不进去就是因为我胡思乱想	0	0	0	0	0	0	0	0	1	0	0	0
被人说成不重要的人让我很难受。	0	0	0	0	0	0	0	0	0	0	0	0
小孩子不懂事而已，好好教育会变好的	0	0	0	0	0	0	0	0	0	0	0	0
我止不住地哭，因为我想到我们再也不会发生了，我想念你，我想去，没有人会注意或在乎	1	0	0	0	0	0	0	0	0	0	0	0
作为新人，我预感到自己会被其他人瞧不起。	0	0	0	0	1	0	0	0	0	0	0	0
刚升职就有无穷尽的任务和舆论，这个世界总是充满成见	0	1	0	0	0	0	0	0	0	0	0	0
他离开了，我竟然不感觉到那么伤心，只是有一点空落落的，我是个冷血的人	0	0	1	0	0	0	0	0	0	0	0	0
既然他要与我较劲，那我就与他彻底决裂，毁掉一切。	0	0	0	0	0	1	0	0	0	0	0	0
别人多才多艺，而我一项才艺都没有，我是一头猪又懒又笨。	0	0	1	0	0	0	0	0	0	0	0	0
我肯定学不会游泳的，这么难，我老是抽筋，我学不会它的	0	0	0	1	0	0	0	0	0	0	0	0
一看手机就头晕，还感觉头重脚轻，我是不是要死了啊。	0	0	0	0	1	0	0	0	0	0	0	0
我没能保研，我的所以努力都白费了，我的未来一片黑暗	0	0	0	0	0	1	0	0	0	0	0	0
有冲突也正常，毕竟大家不可能一模一样	0	0	0	0	0	0	0	0	0	0	0	0
这次餐馆有虫子，我觉得这家餐馆永远都有虫子，这是他们的常态。	0	1	0	0	0	0	0	0	0	0	0	0
爸妈很多时候都对我的需求视而不见，我...我为什么要生活在这样的一个家庭里面？好崩溃，我就应该去死	1	0	0	0	0	0	0	0	0	0	0	0
万一失败了怎么办？真担心呀，但是我朋友劝我什么都要尝试尝试，我还是试试吧。	0	0	0	0	0	0	0	0	0	0	0	0
她构想的那么好，我怎么可能做到？我是一个没天赋的人，这些离我太遥远了	1	0	0	0	0	0	0	0	0	0	0	0
我看着满脸疲惫的父母，感到自己是个累赘，我给家里增添了太多负担。	0	0	0	0	0	0	0	0	1	0	0	0
看到同伴们扎实的基础，我意识到我需要更加努力。	0	0	0	0	0	0	0	0	0	0	0	0
衣服都湿透了，好讨厌，赶紧找一家店避避雨吧，反正等会就停了。	0	0	0	0	0	0	0	0	0	0	0	0
孩子恋旧是人之常情，需要用爱来融化他们的心理壁垒，慢慢被接受。	0	0	0	0	0	0	0	0	0	0	0	0
我吃鸭脖都会着急，我总是这么急急忙忙，我就不会从容稳重！我的人生只能是匆忙的结果	0	0	0	0	0	1	0	0	0	0	0	0
妈妈要是知道了会对我很失望的	0	0	0	0	0	0	0	0	0	0	0	0
我是一个戾气很重的人，这样开车容易出事。	0	0	1	0	0	0	0	0	0	0	0	0
我是个不重要的人，我可能是最紧张、最懒的人，我甚至不知道我是怎么做到的。	0	0	1	0	0	0	0	0	0	0	0	0
每逢新年，总是无尽的攀比和比较，新年对我来说，早已失去了原有的乐趣，成了一场让人痛苦的派对。	1	0	0	0	0	0	0	0	0	0	0	0
我很确定如果我申请耐克网站上的所有工作，至少会有一个会给我面试我很高兴面试哈哈	0	0	0	0	0	0	0	0	0	0	0	0
这虚假的生活，连天气预报都不可靠，我还能相信些什么。	0	1	0	0	0	0	0	0	0	0	0	0
我就不该出门，上天在阻拦我	0	0	0	0	0	0	0	0	1	0	0	0
他不喜欢我吗？有人给他说我的坏话吗？他凭什么这么看不起我？	0	0	0	0	1	0	0	0	0	0	0	0
生活中的每一次挫折，我都责怪自己没能使母亲感到自豪。我自觉不配是您孩子，我的存在似乎只是源源不断的让您操心。	0	0	0	0	0	0	0	0	1	0	0	0
房东明明就是看我是学生才这样对我的，他想逼我走	0	0	0	1	0	0	0	0	0	0	0	0
交不到朋友都是我的错，一定是我对别人不够友善，	0	0	0	0	0	0	0	0	1	0	0	0
我的家庭接下来会有很多变卦啊	0	0	0	1	0	0	0	0	0	0	0	0
都怪我太内向了，又无聊，不懂和人相处，同我聊天也不会让人开心，怪不得大家都不喜欢我	0	0	0	0	0	0	0	0	1	0	0	0
我在他面前抬不起头来，并且永远都是卑微的手下败将。	0	1	0	0	0	0	0	0	0	0	0	0
老师批评我是为了我好，打是亲骂是爱，老师对我真好	0	0	0	0	0	0	0	0	0	0	0	0
朋友对我这么好，等我好了一定好好报答他，我想成为一个长着啤酒肚的老人，坐在门廊上看着湖或约翰尼·德普。	0	0	0	0	0	0	0	0	0	0	0	0
如果我能事事都做得比别人好，那父母自然不会拿我跟别人对比	0	0	0	0	0	0	0	0	0	0	0	0
我就是那个无能、不能给父母提供舒适的生活，只能给他们制造麻烦的人。	0	0	1	0	0	0	0	0	0	0	0	0
医患纠纷仍未解决，拖累了医院，如果我能够治好他，这一切本不会发生，抱歉。	0	0	0	0	0	0	0	0	1	0	0	0
可能是我想多了，或许人家不是这么想的，没有什么证据的事情不要胡乱猜测	0	0	0	0	0	0	0	0	0	0	0	0
有比我优秀的同学当选，实至名归，我很开心，恭喜他	0	0	0	0	0	0	0	0	0	0	0	0
我需要一个宣泄的出口，这是我宣泄的方式。	0	0	0	0	0	0	0	0	0	0	0	0
我就应该答应他的吧，哎呀好后悔，要不干脆一不做二不休直接跟他绝交算了	1	0	0	0	0	0	0	0	0	0	0	0
为什么别人不疼就我这么疼啊，是不是上天要惩罚我啊。	1	0	0	0	0	0	0	0	0	0	0	0
我舍友也得到了奖学金，但是他平时学习也没有好，就是跟老师走得近，一定是他偷偷贿赂老师了。	0	0	0	1	0	0	0	0	0	0	0	0
他们都找到了伴侣，我还是一个人，都怪我不善言辞	0	0	0	0	0	0	0	0	1	0	0	0
现在和室友的关系就不好，那以后肯定也好不到哪去了。	0	0	0	0	1	0	0	0	0	0	0	0
我不能接受我爸会出轨，这不可能！我现在很恐慌，感觉我们家庭就要破裂了。	1	0	0	0	0	0	0	0	0	0	0	0
我平常总吃烧烤，不注意饮食，喜欢饮酒，让我得了脑肿瘤的，呜呜。	0	0	0	0	0	0	0	0	0	0	0	0
他可能没听到。	0	0	0	0	0	0	0	0	0	0	0	0
不慌不慌，我知道这叫做那个什么平台期，只要突破了立马就能瘦很多，加油，就快减肥成功了	0	0	0	0	0	0	0	0	0	0	0	0
塞翁失马，焉知非福，也许后面会有好事发生	0	0	0	0	0	0	0	0	0	0	0	0
我可能并不适应这里的气氛，我需要找个合适的地方。	0	0	0	0	0	0	0	0	0	0	0	0
她可能今天有事，比较忙，没来得及跟我说，所以没来找我吃饭，	0	0	0	0	0	0	0	0	0	0	0	0
他们出去玩了？周末娱乐娱乐好像确实是个不错的选择。	0	0	0	0	0	0	0	0	0	0	0	0
看在他喝醉酒的份上，我只能忍下来了，今晚还是去朋友家借宿一晚吧。	0	0	0	0	0	0	0	0	0	0	0	0
都是我平时努力的不够，所以只能可以保研而不是一定保研，我要是足够强也不用担心有这样的事	0	0	0	0	0	0	0	0	1	0	0	0
我连自己女友的生日都不能给她礼物陪她过，我真是一个废物	0	0	1	0	0	0	0	0	0	0	0	0
我在找工作这件事上做不好，我做不好任何一件事情。	0	0	0	0	1	0	0	0	0	0	0	0
新的任务接踵而至，还有一些未完成。但我相信，只要抓紧时间，提高效率，我可以按时完成。	0	0	0	0	0	0	0	0	0	0	0	0
社会对精神病的看法令我感到恐惧，我担心以后也会遭人非议，便认为自杀才是最好的出路。	1	0	0	0	0	0	0	0	0	0	0	0
我认为事已至此，我做什么都无法挽回我的眼睛，我彻底放弃了治疗。	0	1	0	0	0	0	0	0	0	0	0	0
我配不上他，我不配喜欢别人，我得不到别人的喜欢	0	1	0	0	0	0	0	0	0	0	0	0
我就是这么倒霉的人，我连啃鸭脖都会被卡住。	1	0	0	0	0	0	0	0	0	0	0	0
妈妈的担忧有一定的道理，但是目前的情况并不完全适用，我还需要结合自身情况再进一步规划	0	0	0	0	0	0	0	0	0	0	0	0
我算是看明白了，其实他不爱我，在这个家里我就从来没有快乐过	0	1	0	0	0	0	0	0	0	0	0	0
他们辛辛苦苦把我拉扯大，我却什么都比不上别人，什么都不能让他们满意，我真是罪该万死	1	0	0	0	0	0	0	0	0	0	0	0
同行的眼睛是雪亮的，还是我自己水平不够，还是要更加努力才行	0	0	0	0	0	0	0	0	0	0	0	0
反正也有病了，那我就肆意折腾自己的身体吧	0	0	0	0	0	1	0	0	0	0	0	0
父母工作比较忙，可能没有太多时间去与我沟通，我应该体谅。	0	0	0	0	0	0	0	0	0	0	0	0
我的父母虽然方式急躁了些，但也是为我着想，说明他们对我的生活很关心	0	0	0	0	0	0	0	0	0	0	0	0
我的孩子在家我好担心他们，怎么办呢，我是不是应该回家看看他们了，可工作又离不开，好焦虑。	0	0	0	0	0	0	0	0	0	0	0	0
他们居然这样顶撞我，目无尊长真是令人生气。但也是一种成长吧，也有一点欣慰，得让他们下次注意。	0	0	0	0	0	0	0	0	0	0	0	0
她最近照顾我太辛苦了，等我痊愈了一定要好好报答她	0	0	0	0	0	0	0	0	0	0	0	0
身高是一个硬伤，我以后的形象都不会变好了	0	0	0	0	1	0	0	0	0	0	0	0
应该是有急事走不开，来不及告诉我。	0	0	0	0	0	0	0	0	0	0	0	0
他为什么突然找我，难道是他原本约的人放他鸽子了，突然想起我了？果然我是备胎呗	0	0	0	0	1	0	0	0	0	0	0	0
都怪我太笨了连订酒店这样的小事都做不好，一定是个愚蠢的人。	0	0	1	0	0	0	0	0	0	0	0	0
我穿了短裙，这使他们注意到我，我完全应当接受这样的惩罚，这正是我应该受到的教训。	0	0	0	0	0	0	0	0	1	0	0	0
哈哈哈哈，看来我出门太着急啦，把衣服都穿反了，快去找个地方换回来哈哈哈哈。	0	0	0	0	0	0	0	0	0	0	0	0
我是不是什么地方做的让他感觉不舒服了，所以最后他们都离开我了。	0	0	0	0	0	0	0	0	1	0	0	0
我很难追上舍友的脚步了，不过还是为了家里继续学一下吧	0	0	0	0	0	0	0	0	0	0	0	0
输掉官司，委托人就会来找我的麻烦，官司没打赢反倒了结仇，不想继续干下去了。	0	0	0	0	1	0	0	0	0	0	0	0
都一上午了，这点工作都做不好，我可真是一个废物	0	0	1	0	0	0	0	0	0	0	0	0
我简直像个吸血虫！找不到工作，只能啃老，我真恶心	0	0	1	0	0	0	0	0	0	0	0	0
看着别人能聚精会神地学习真好啊，可惜我听不懂上课内容。	0	0	0	0	0	0	0	0	0	0	0	0
我的蛋糕店经营的不好，我的家人一定会对我失望，他们肯定会觉得我是个失败的妻子和母亲	0	0	0	1	0	0	0	0	0	0	0	0
下次一定要在他们眼前做家务，不然他们又要_嗦我一点家务不干了，哼！	0	0	0	0	0	0	0	0	0	0	0	0
我一定是快要死了，情绪很低落，有一些自杀的念头在蠢蠢欲动	0	0	0	0	1	0	0	0	0	0	0	0
我这次生病了，我觉得我身体再也不可能恢复过来了，我将一直生病。	1	0	0	0	0	0	0	0	0	0	0	0
我感到十分烦躁，就这样湿乎乎回家好难受，内心十分不开心。	0	0	0	0	0	0	0	0	0	0	0	0
天下所有领导都是这德行，不会从自己身上找原因就会批评员工。	0	1	0	0	0	0	0	0	0	0	0	0
到底想干嘛，还要知道什么，干脆直接把我从中间扒开给一下子看个够。	1	0	0	0	0	0	0	0	0	0	0	0
他总是在这种时候来邀请我，如果我拒绝他可能会导致我们关系破裂	0	0	0	0	1	0	0	0	0	0	0	0
竟然有患者来医闹，我真是一个不合格的医生	0	0	1	0	0	0	0	0	0	0	0	0
他一个人哪来的勇气干这种事？肯定是领导为了提拔他，把我的项目贴在他的履历上！	0	0	0	1	0	0	0	0	0	0	0	0
孩子见我这么久都不回去陪他，一定在心里埋怨我了，哎，他们这些小孩子都不懂事，不会体谅父母的辛苦。	0	0	0	1	0	0	0	0	0	0	0	0
我怎么解决没钱都问题啊，没办法解决，都是因为我的家庭，又不是我努力就有用的	0	0	0	1	0	0	0	0	0	0	0	0
老师一定对我很失望，老师永远也不会喜欢我了	0	0	0	0	1	0	0	0	0	0	0	0
我不知道该如何是好，未来的路令我绝望，我现在只能每日借酒消愁，靠着积蓄得过且过。	1	0	0	0	0	0	0	0	0	0	0	0
没人找我玩，没人在乎我，我在这世界上简直是可有可无	0	0	0	0	0	1	0	0	0	0	0	0
这是老天给我的启示吗，告诉我从现在开始什么都别做了，反正做什么都会失败的。	0	0	0	0	0	0	0	0	1	0	0	0
肯定是我的学习成绩低下，尽管我努力学习，也改变不了这个事实，因此大脑选择了惩罚我。	0	0	0	0	0	0	0	0	1	0	0	0
我真幸运，有一个这么好的妈妈，无论什么时候都时刻挂念着我	0	0	0	0	0	0	0	0	0	0	0	0
真烦，要跟他们讲清楚，我有自己的生活，不要总盯着我了。	0	0	0	0	0	0	0	0	0	0	0	0
一直加班到生病，这可能就是我人生的终结吧，责怪的全部都是这份工作，死了也罢，反正无人在乎我。	0	0	0	0	0	1	0	0	0	0	0	0
我希望自己能做好这些事情，但是我并不优秀，我就是很没用，根本做不好	0	0	1	0	0	0	0	0	0	0	0	0
我只要出门就会感觉周围的人窃窃私语，他们一定在嘲笑我肥胖的身体，我羞愧的低下了头。	0	0	0	1	0	0	0	0	0	0	0	0
算了反正晚都晚了，这节课我干脆不去了吧	1	0	0	0	0	0	0	0	0	0	0	0
我连一个骨折都要到处麻烦人，将来还能有什么出息？一辈子混吃等死罢了。	0	1	0	0	0	0	0	0	0	0	0	0
最近运气实在太差，不仅游戏把把输，还能被老师给逮住，真不知道接下来还会发生什么事。	0	1	0	0	0	0	0	0	0	0	0	0
莫非我真的是天煞孤星，命里没有另一半	0	0	0	0	1	0	0	0	0	0	0	0
就算我成功了大家也肯定不想和我这样性格的人玩	0	0	0	1	0	0	0	0	0	0	0	0
我很注重养生的，我很喜欢喝茶。	0	0	0	0	0	0	0	0	0	0	0	0
我连在家里都被看不上，那么我到了社会肯定也一样被看不上。	0	1	0	0	0	0	0	0	0	0	0	0
连句话都说不明白，我就是一个不善表达的笨蛋	0	0	1	0	0	0	0	0	0	0	0	0
我怪自己为什么当时不在她的身边！我自责自己为什么开车这么慢！我一直在想，要是我再早一点她就不会...都是我的错啊！	0	0	0	0	0	0	0	0	1	0	0	0
这场大病是上天对我的惩罚，是我不够孝顺，不够善良	0	0	0	0	0	0	0	0	1	0	0	0
她好幼稚啊，没有事闲的吧。	0	0	0	0	0	0	0	0	0	0	0	0
在这种下意识的比较之中，我渐渐地感觉到心理不平衡，工作似乎开始变得的没有以前吸引我，我好像对它失去了兴趣	1	0	0	0	0	0	0	0	0	0	0	0
镜子里的我简直像一只大老鼠，丑陋至极，我怎么这么恶心	0	0	1	0	0	0	0	0	0	0	0	0
怎么什么倒霉事都发生在我身上啊，简直就是祸事连端	1	0	0	0	0	0	0	0	0	0	0	0
他们故意让我听到这件事，就是为了当面看我的笑话。	0	0	0	1	0	0	0	0	0	0	0	0
我感觉他们根本不在乎我，我根本感受不到他们的爱，他们确实是不爱我的。	0	0	0	1	0	0	0	0	0	0	0	0
我都不是第一次被烫了，饮水机的这种设计存在很大的问题！	1	0	0	0	0	0	0	0	0	0	0	0
女儿长大了，有了自己的生活，我或许也应该学着放手让她自己去成长了	0	0	0	0	0	0	0	0	0	0	0	0
以后如果你们又什么需要帮忙的，我会尽力	0	0	0	0	0	0	0	0	0	0	0	0
万一表白成功了呢，而且就算不成功，我也把自己的心意表达了，至少不留遗憾了	0	0	0	0	0	0	0	0	0	0	0	0
每天干这些数不尽数的杂活，我什么都收获不了，只能一直被人嘲笑、排挤	0	0	0	0	1	0	0	0	0	0	0	0
我怎么这么不小心，不过没关系，我都没看出来，大家应该也看不出来啦！	0	0	0	1	0	0	0	0	0	0	0	0
我相信只要适应一段时间，我们的关系会很快恢复正常。慢慢来，不要着急。	0	0	0	0	0	0	0	0	0	0	0	0
同样都是精神病凭什么隔壁房的笑得那么开心，他一定是完全疯了！	0	0	0	1	0	0	0	0	0	0	0	0
减肥没坚持下去的话，我会被所有人嘲笑的，我将再也难以生存下去。	0	0	0	0	1	0	0	0	0	0	0	0
也许是因为我的能力还不足以处理这项工作，我应该去向前辈请教一下	0	0	0	0	0	0	0	0	0	0	0	0
我是你们的大姐你们还这样对我，以后你们的孩子肯定也会这样对你们的，冷漠的人不会有人爱的！	0	1	0	0	0	0	0	0	0	0	0	0
没事不用慌，法律保护我的权益，我的权益不会受到侵害。但这种保护也让我感到一丝无奈和悲伤，因为它证明了社会中存在许多不公和争议。	0	0	0	0	0	0	0	0	0	0	0	0
 我除了伤害爱我的人什么都不会。 我是个怪物	0	0	1	0	0	0	0	0	0	0	0	0
他和我关系不好，他一定会向别人说我的坏话的	0	0	0	0	1	0	0	0	0	0	0	0
有了病就要坦然接受并治好它，我一定要好好配合治疗，相信我很快就会痊愈的	0	0	0	0	0	0	0	0	0	0	0	0
我现在知道没有人真的会为我感到骄傲，因为我没有做过什么出色的事情，在学校处于平均水平以下。	0	0	0	0	0	0	0	0	1	0	0	0
我连吃个东西都吃不来，我还能干什么，呵呵，我做什么都不行。	0	1	0	0	0	0	0	0	0	0	0	0
可能是我无意中犯了个错，虽然没有什么大不了的，但这种被误解的感觉让我很难受。	0	0	0	0	0	0	0	0	0	0	0	0
我连加班这种事情都做不好，还不如躺在家里混吃等死	0	0	0	0	0	1	0	0	0	0	0	0
看来这种店面小的馆子卫生一定都不过关	0	1	0	0	0	0	0	0	0	0	0	0
我怎么这么不注意身体，把自己搞成这样，还害的家人朋友担心，我只会给别人添乱	0	0	0	0	0	0	0	0	1	0	0	0
我一定是生了重病，快活不长了，活着真难。	0	0	0	0	1	0	0	0	0	0	0	0
我最近玩手机太长时间了，肯定刺激到我神经了，以后得少玩点。	0	0	0	0	0	0	0	0	0	0	0	0
不会的，我的父母、我的朋友都告诉过我我很重要，我怎么会是不重要的人呢？	0	0	0	0	0	0	0	0	0	0	0	0
压力好大，我好痛苦，工作是给人带来痛苦的。	1	0	0	0	0	0	0	0	0	0	0	0
这次的试题真的很难，即使班里的学霸也没得到高分，老师还夸赞我有所进步，我应该对自己有信心。	0	0	0	0	0	0	0	0	0	0	0	0
难得和室友一起点一份铁锅炖一起吃，都是因为我的原因，害大家吃不上了。	0	0	0	0	0	0	0	0	1	0	0	0
我就是丧门星，让我工作的公司都倒闭了，靠近我的人啊事情啊都没有好结果	0	1	0	0	0	0	0	0	0	0	0	0
天天工作，烦死了，上班真是一件难熬又讨厌的事	1	0	0	0	0	0	0	0	0	0	0	0
我认为报告难度太大，这是我的原因，是我不够聪明。	0	0	0	0	1	0	0	0	0	0	0	0
都怪我不够努力，如果我再努力一点，就能过上美满的生活了。	0	0	0	0	0	0	0	0	1	0	0	0
他们是想关心我，只是方法用得不对	0	0	0	0	0	0	0	0	0	0	0	0
我就会一直被朋友背叛的，我不应该相信任何人	0	1	0	0	0	0	0	0	0	0	0	0
这次的工作报告好复杂啊，弄得我脑细胞死了一大片，全世界的工作都难得要死，都是用来难为人的	1	0	0	0	0	0	0	0	0	0	0	0
做了好多次，结果还是那块出了问题，这麻烦的实验做得没完没了。	1	0	0	0	0	0	0	0	0	0	0	0
这么多人定，怎么就我没定上呢，仿佛被人故意排斥，他们是不是因为我不是本地人，有意识地对我进行打压？	0	0	0	1	0	0	0	0	0	0	0	0
女儿肯定是讨厌我了，我该怎么办啊(┯_┯)	0	0	0	1	0	0	0	0	0	0	0	0
我再挺一段时间吧，挺一段时间就好了，过段时间一定不会像现在这样难受	0	0	0	0	0	0	0	0	0	0	0	0
我打算暂时离开这个家，去澳大利亚工作一段时间。	0	0	0	0	0	0	0	0	0	0	0	0
完了完了，我这个同学怎么是个大嘴巴，这太令人尴尬了	0	0	0	0	0	0	0	0	0	0	0	0
他们已经不把我当父亲了，要踩在我的头上对我颐指气使。	0	0	0	1	0	0	0	0	0	0	0	0
前一阵我就失眠过，现在又失眠了，这痛苦看来会永远地折磨我下去！	0	1	0	0	0	0	0	0	0	0	0	0
我将无法再次邂逅像它这样的狗狗，找不到比它更深爱我的，我的欢乐终将消逝。	0	1	0	0	0	0	0	0	0	0	0	0
今晚，我的过去中的某个人，我曾经认为是朋友，但事实证明不是，伤害了我。	0	1	0	0	0	0	0	0	0	0	0	0
我并不喜欢妈妈的观点，我认为我是成年人了可以有自己的想法了，我对她有些不满。	0	0	0	0	0	0	0	0	0	0	0	0
她没事吧？她不会也喜欢那个男生就故意把我的秘密说出来吧，不然这对她有什么好处吗？	0	0	0	1	0	0	0	0	0	0	0	0
无所谓，我一个人的生活也很好	0	0	0	0	0	0	0	0	0	0	0	0
大学什么东西都不教，大公司才不喜欢我们这种毕业生，我们什么都不会	0	0	0	0	1	0	0	0	0	0	0	0
还好没有撞到，感谢插队的人留我一条性命。	0	0	0	0	0	0	0	0	0	0	0	0
这样的语气让我十分受伤，我不能理解这是这种小错误为什么要对我发脾气，我感到十分伤心。	1	0	0	0	0	0	0	0	0	0	0	0
我都抽筋这么久了救生员怎么还不来，全世界的救生员一样效率低下	0	1	0	0	0	0	0	0	0	0	0	0
我就是这样的人，我永远都实现不了我的愿望	0	0	0	0	0	1	0	0	0	0	0	0
他们叫我了，但我拒绝了，因为我想要独处	0	0	0	0	0	0	0	0	0	0	0	0
那只流浪狗之所以咬我，一定是因为我给它传达了某种负面的信号。在它眼中，我一定做了什么让它觉得不安的事	0	0	0	0	0	0	0	0	1	0	0	0
她不来陪我肯定是我哪做的不对了，都怪我让她生气了	0	0	0	0	0	0	0	0	1	0	0	0
他就是个不理解我又大男子主义的人，我长大了，能自己保障自己的安全	0	0	1	0	0	0	0	0	0	0	0	0
每个人的想法都不一样，只需澄清误会，因为我们的思维方式都是独特的。	0	0	0	0	0	0	0	0	0	0	0	0
我感到有些惶恐，并且不敢继续做新的PPT，因为心里总是感觉还会忘记保存，整个人战战兢兢。	1	0	0	0	0	0	0	0	0	0	0	0
咱们可以和家人探讨一番，或者寻求朋友们的看法，看他们会提供何种建议。 真是遗憾，电子屏幕无法使用，我的任务还未完成呢。 恐怕是我近期过度投入工作，有些疲倦了。 或许我正好站在了卡车视线的盲点，司机没有注意到我。 或许我在某处操作失误了，下次只需改正就行了。 看来我并非天生就有驾驶才能，不如转行试试其它领域。 或许他们在假期已经提前预习了，只要我努力学习，也能赶上的。 似乎是最近工作强度过大，我需要找个机会放松一下自己。 似乎近期大家都在忙，我应该主动与他们保持联系。 有紧急情况的可能性较大，还好没发生事故，就这么让他超车吧。 这可能因为我在某处表现得不尽如人意，接下来我会努力改进。 可能我们之间的熟悉度还不够，多交流几次，就会熟络起来的。 也许是我学习方法存在问题，我需要深度反思，或者请教学霸。 可能是我近期缺乏良好的休息，忙完这一阵子后，我应该好好休息一下，情况就会改善的。 我或许想得太多了，她并不是那种人。 我可能过度揣测了，别人可能并非这样想的，没证据的事情不该随便猜疑。 我可能在无意中犯了一个小错，虽然并不严重，但这种被误解的感觉让我很不舒服。 可能是我在日常生活中忽视了人际交往，我应该主动和他们沟通。 可能是我的能力尚有欠缺，既然已经出来了就顺其自然吧。 可能我没有和她详细解释，我应该再找她谈一谈，她并不那么霸道，应该会理解的。 也许是有突发事件不能前来了，没事，我们下次再一起玩儿。 可能是失落了，也可能是临时找不到，不必担忧，或许哪天突然想起来了，也会是一份惊喜。 可能是吃得过快了，下次注意慢慢吃就可以了。	0	0	0	0	0	0	0	0	0	0	0	0
考试有起有落都是正常的，不是每件事付出和回报都要对等的，尽力就好。	0	0	0	0	0	0	0	0	0	0	0	0
家里条件不好，我现在上学又还在给家里添负担，父母肯定早就对我不满了，他们肯定想让我赶紧工作赚钱补贴家用	0	0	0	1	0	0	0	0	0	0	0	0
这样的工作强度我真的承受不住，我该怎么办	1	0	0	0	0	0	0	0	0	0	0	0
我考研这么辛苦了，女朋友还让我烦心，全世界的女朋友都这样，不懂事	0	1	0	0	0	0	0	0	0	0	0	0
我是胆小怕事，能力又差的无能者，不行不行，我干不了这个工作，还是跟老板说让我回去吧	0	0	1	0	0	0	0	0	0	0	0	0
我才不信呢，我怎么可能输运气明明一直那么好， 我只要再坚持几把，肯定能够再赢回来的	1	0	0	0	0	0	0	0	0	0	0	0
他们终于不整天盯着我了，我可以趁此机会好好打几天游戏了。	0	0	0	0	0	0	0	0	0	0	0	0
不要吃东西 吃东西是邪恶的 吃东西是致命的 吃东西会让你发胖	0	0	0	0	0	1	0	0	0	0	0	0
我想，也许是我过去的错误导致了我的疾病，这是对我行为的惩罚。	0	0	0	0	0	0	0	0	1	0	0	0
我所有的努力都白费了，我还是那个失败者	0	0	0	0	0	1	0	0	0	0	0	0
不谈恋爱的人多了去了，不多我一个不少我一个，别人谈恋爱就谈他的呗	0	0	0	0	0	0	0	0	0	0	0	0
妻子就是讨厌我了，不爱我了，所以才不愿意和我交流	0	0	0	1	0	0	0	0	0	0	0	0
我总是觉得他们在背后嘲笑我，认为我是在故意装出可怜的样子。 	0	0	0	1	0	0	0	0	0	0	0	0
我要是卷不动了，周围人就会嘲笑我	0	0	0	1	0	0	0	0	0	0	0	0
我当时就不该说这句话，我干嘛多此一举啊，服了，要是不说这句话这次一定能成功了。	0	0	0	0	0	0	0	0	1	0	0	0
被这种人侵犯过，我的身体再也不干净了，我活着还有什么意义，不如去死。	0	0	0	0	0	1	0	0	0	0	0	0
我那时候带那么多书回来，现在都会成为他们开玩笑的东西	0	0	0	1	0	0	0	0	0	0	0	0
我是不是得新冠了，我的天，不应该啊，我最近都去做核酸了啊。	0	0	0	0	1	0	0	0	0	0	0	0
现在这样狼狈，都是因为我自己没有提前做好准备。如果我常备一把伞在包里，也不会有这样的局面，都是因为我考虑不周全。	0	0	0	0	0	0	0	0	1	0	0	0
我是个不干净的人，我的身体以及我的心理都受到了玷污！	0	0	1	0	0	0	0	0	0	0	0	0
我希望取得好成绩，否则我所有的梦想就泡汤了	0	0	0	0	0	1	0	0	0	0	0	0
天天担心输官司，打官司真的是太累了太让人精神内耗了	1	0	0	0	0	0	0	0	0	0	0	0
也许他嫌我没钱才故意出这个办法刁难我，他一定是想让我觉得自己不够格，我还是打消这个结婚的念头吧。	0	0	0	1	0	0	0	0	0	0	0	0
我如此拼命地挣钱，却只能收支平衡，我努力的意义在哪里？我的人生根本没有意义。	0	0	0	0	0	1	0	0	0	0	0	0
父母没等我回去就走了，甚至不愿意再见我一面，他们根本没把我当儿子。	0	0	0	1	0	0	0	0	0	0	0	0
我有点感到疲惫，回家仍要照顾家庭，为了不让家人担心，我只能自己晚上哭一会来排解压力。	0	0	0	0	0	0	0	0	0	0	0	0
小张把我一天的心情都毁了，还不如坐着发呆	1	0	0	0	0	0	0	0	0	0	0	0
他如果把我的秘密都告诉别人的话我就没法活啦	0	0	0	0	1	0	0	0	0	0	0	0
我舍友和我闹矛盾，我真是又生气又难过，和我想象中的寝室关系完全不一样，我太失望了。	1	0	0	0	0	0	0	0	0	0	0	0
找不到理想的工作将使我的人生变得毫无意义，我可能会选择自伤，陷入抑郁的深渊。	0	0	0	0	0	1	0	0	0	0	0	0
我真太对不起大家了，老是说错话惹大家生气，如果没有我，他们每天都会有好心情	0	0	0	0	0	0	0	0	1	0	0	0
放眼望去，我的朋友没有一个想起我的，都是白眼狼。	0	1	0	0	0	0	0	0	0	0	0	0
他们应该很看不起我这种书呆子吧，所以不愿意问问我要不要一起走	0	0	0	1	0	0	0	0	0	0	0	0
我打这场官司事正确的吗？如果不符合社会期望，我一定会被民众所唾弃	0	0	0	0	1	0	0	0	0	0	0	0
工作好多，感觉被狠狠的压榨了，我这辈子肯定一直都要处于被压榨的状态中	0	0	0	0	1	0	0	0	0	0	0	0
商家看我不顺眼，别的商家肯定也这样对我	0	0	0	0	1	0	0	0	0	0	0	0
每天我都活在不幸之中，我的世界充满黑暗！	0	1	0	0	0	0	0	0	0	0	0	0
跟最好的朋友我都能跟他吵起来，我的脾气什么时候能改一改，我就是脾气太差了，我就是一个暴脾气的人。	0	0	1	0	0	0	0	0	0	0	0	0
我是一个被神抛弃的孩子！	0	0	1	0	0	0	0	0	0	0	0	0
我太不孝了，父亲母亲辛苦上班供我读书，我还不能给出好的成绩回报他们。我让他们失望了，他们一定觉得我不值得他们付出。	0	0	0	0	0	0	0	0	1	0	0	0
我真没用，胆小鬼，根本不配跟那些优秀兄弟姐妹们坐在一起吃年夜饭。	0	0	1	0	0	0	0	0	0	0	0	0
连我最亲的人都欺骗了我，这个世界任何人都不能相信	0	1	0	0	0	0	0	0	0	0	0	0
我感到疲惫，身体和精神都不堪重负	1	0	0	0	0	0	0	0	0	0	0	0
我只是喜欢在你心中的位置，这对我来说是一个很好的开始。	0	0	0	0	0	0	0	0	0	0	0	0
落选总是让人难过的，毕竟付出了很多努力，没有人想落选。	0	0	0	0	0	0	0	0	0	0	0	0
唉，怎么就管不住嘴呢，下次可不能再这样了。	0	0	0	0	0	0	0	0	0	0	0	0
他肯定都没时间谈恋爱过生活，只知道工作，这种日子过着多没意思	0	0	0	1	0	0	0	0	0	0	0	0
怎么就我的工作量最多，他们的任务都比我少，肯定是在背后搞小团体孤立我，串通一气欺负人	0	0	0	1	0	0	0	0	0	0	0	0
反正我这分都已经这么低了，第一印象很重要的，刚进来，我就没有给领导留下好的印象，以后的努力都是白费	1	0	0	0	0	0	0	0	0	0	0	0
虽然这样有点烦，但也是一种关心嘛，下次好好跟他们谈谈好啦。	0	0	0	0	0	0	0	0	0	0	0	0
都怪老师讲的不好，所以我才没像同学那样理解的快	1	0	0	0	0	0	0	0	0	0	0	0
每人都有自己的强项和弱项，这是无法在短时间内改变的事实。	0	0	0	0	0	0	0	0	0	0	0	0
肯定是那个男生知道了之后故意让人说的，为了就是让我难堪。	0	0	0	1	0	0	0	0	0	0	0	0
我脑子就是那么笨，无论我做什么都没有任何进步，就像是个无用之人。	0	0	1	0	0	0	0	0	0	0	0	0
无力回天之感沉重于心，父母的离世让我深感自责，一切的无能为力使我羞愧。	0	0	0	0	0	0	0	0	1	0	0	0
连爸妈都不关心我，这个世界上没有人会关心我	0	1	0	0	0	0	0	0	0	0	0	0
我总会和父亲产生争吵，我就是不明白怎么做才能让他满意，我无法理解他。	1	0	0	0	0	0	0	0	0	0	0	0
命运之轮似乎特别对我不利，难道这是宿命的安排，要我在此生弥补前世的过错？	0	0	0	0	0	0	0	0	1	0	0	0
工作使我心理压力很大，作息混乱，我讨厌工作讨厌上班	0	0	0	0	0	0	0	0	0	0	0	0
我觉得我能选上周围的人也觉得我能，但是我最后没有，肯定是有黑幕。	0	0	0	0	0	1	0	0	0	0	0	0
父母他们根本就是偏爱哥哥姐姐，他们只关心大孩子，只喜欢他们的大孩子们，从来就不会给我分一点点爱	0	0	0	1	0	0	0	0	0	0	0	0
疫情之下失业才是常态，就算我现在找到工作了，估计过不了几天又要失业	0	0	0	0	1	0	0	0	0	0	0	0
不论在庭上胜败，都是一次获得经验的机会，收获总在其中。	0	0	0	0	0	0	0	0	0	0	0	0
没人叫我出去玩更好反正我也讨厌和她们一起玩	0	0	0	0	0	0	0	0	0	0	0	0
他故意找茬，他一定很嫉妒我，就想让我痛苦。	0	0	0	1	0	0	0	0	0	0	0	0
诶？我的脸色有那么苦大仇深么？是不是我最近熬夜太多了，看来我得调整一下。	0	0	0	0	0	0	0	0	0	0	0	0
我以后的考试都不用复习了，反正复习了也不考，浪费那个时间干嘛不好。	0	1	0	0	0	0	0	0	0	0	0	0
我的父亲离开了，我活着也没意思了	0	0	0	0	0	1	0	0	0	0	0	0
妈妈当年怀我的时候是不是也是这样啊，我应该体量的，不应该动不动就跟她发脾气，真的知道错了。	0	0	0	0	0	0	0	0	0	0	0	0
这家公司都不要我，果然，我什么都不是，我的大学学历白费了。 	0	0	0	0	0	1	0	0	0	0	0	0
每天都需要她帮我我实在是太不好意思了，每次看见她疲惫的样子我都恨不得自己马上从这个世界上消失	1	0	0	0	0	0	0	0	0	0	0	0
我喜欢宅在家，不出去玩也挺好。	0	0	0	0	0	0	0	0	0	0	0	0
我最近都没有和家人好好联系，我以后也不会和家里人处理好关系了	0	0	0	0	1	0	0	0	0	0	0	0
就算我和他表白了，他也一定会拒绝我的，到时候我更难看了，还是不要自讨没趣了	0	0	0	0	1	0	0	0	0	0	0	0
我明天应该请假吗，同事会觉得我故意推脱工作吧，他们该在小团体里排挤我了，这样还要上班我好可怜。	0	0	0	1	0	0	0	0	0	0	0	0
我的孩子现在才十几岁我就管不好他们，以后肯定会变本加厉，我必须现在压制住他们，不然以后他们一定会打我	0	0	0	0	1	0	0	0	0	0	0	0
我同学肯定都会觉得我活不久了，不会想和我玩的了	0	0	0	1	0	0	0	0	0	0	0	0
我要赶去一个重要的会议，被超车打乱了我的思绪，我感觉一定会因此迟到，被开除变成一个乞丐。	0	0	0	0	1	0	0	0	0	0	0	0
孩子学了这么久还只能考这么点分数，是不是不喜欢我啊？他可能不喜欢我的教育方法，所以考这么个成绩来表达对我的不满	0	0	0	1	0	0	0	0	0	0	0	0
舍友就是个自私自利，以自我为中心的人	0	0	1	0	0	0	0	0	0	0	0	0
要不怎么说我是天生的倒霉蛋，就想吃个鸭脖都能被卡个够呛，运气真是够差的	0	0	1	0	0	0	0	0	0	0	0	0
又输了，为什么会这样呢，我已经非常努力了，是不是意味着我不配当律师，我这么配给被人当律师啊。	0	0	0	0	1	0	0	0	0	0	0	0
像我这种废物就不配上大学，学校一定会开除我的，我完蛋了	0	0	0	0	1	0	0	0	0	0	0	0
我亲手把我自己活的希望掐灭了，这个世界我毫无留恋了	0	0	0	0	0	1	0	0	0	0	0	0
如果我在此岗位上犯错，我就会被同事和上司嫌弃	0	0	0	0	1	0	0	0	0	0	0	0
大概是我这几天白天睡多了，晚上就睡不着了。	0	0	0	0	0	0	0	0	0	0	0	0
论文写不好还怎么毕业，还怎么找工作养活自己，我会流落街头无家可归的。	0	0	0	0	1	0	0	0	0	0	0	0
因为工作对孩子疏于照顾，我很无奈。	0	0	0	0	0	0	0	0	0	0	0	0
我虽然暂时找不到工作，但我没有停止学习，痛苦也是一种历练。	0	0	0	0	0	0	0	0	0	0	0	0
未遭受伤害，我感到十分庆幸！在肌肉痉挛时，我迅速作出反应，成功抵达了岸边。	0	0	0	0	0	0	0	0	0	0	0	0
我的丑让我担忧，我害怕这会影响我以后的事业与命运，似乎我已经看到了一个灰暗的未来。	0	0	0	0	1	0	0	0	0	0	0	0
我居然没有完美推进任务，接下来肯定得罪了老师，以后被针对，未来就完了	0	0	0	0	1	0	0	0	0	0	0	0
患者来闹事一定也有苦衷，我作为医生要与他理性沟通，不能让事态加剧。	0	0	0	0	0	0	0	0	0	0	0	0
我真讨厌，一切不好的事情都是因为我，我应该受到惩罚。	0	0	0	0	0	0	0	0	1	0	0	0
辅导员早就看我不爽了，这次要是被他抓到我迟到了肯定要借题发挥。他肯定会利用这个机会教训我，我得小心了。	0	0	0	1	0	0	0	0	0	0	0	0
我就是没办法拥有很多钱，我的一生注定贫困不会富有。	0	0	0	0	1	0	0	0	0	0	0	0
怎么办啊，为什么我会这么难受呢，，这是不是我已经陷入了某种无法自拔的抑郁症的困境呢？ 	0	0	0	0	1	0	0	0	0	0	0	0
我这么的负面，我觉得我不属于这个世界，我是家人和朋友的负担。	0	0	0	0	0	0	0	0	1	0	0	0
我始终因自己是女孩而深感内疚，如果我是男孩，父亲就不会抛弃我和妈妈了。	0	0	0	0	0	0	0	0	1	0	0	0
连路边的流浪狗都能来欺负我了，我真是个倒霉鬼啊！	0	0	1	0	0	0	0	0	0	0	0	0
喜欢一个人真是个痛苦的事情，但现在我只是，迷失了。 我不知道如何摆脱这种不属于这个世界的感觉。	1	0	0	0	0	0	0	0	0	0	0	0
我要是平时多努力锻炼不偷懒，怎么会抽筋，让我们队输掉接力赛，都是我不好。	0	0	0	0	0	0	0	0	1	0	0	0
是不是因为我总是和我的朋友说我没空，所以他们才不来找我	0	0	0	0	0	0	0	0	1	0	0	0
现在因为疫情，所有行业都不好做，所以老板降低我们的薪水，也是没有办法的事情。	0	0	0	0	0	0	0	0	0	0	0	0
我只能看着儿子跳水救人，但他自己没上来我却只能待在这轮椅上看着，我真是个废物父亲	0	0	1	0	0	0	0	0	0	0	0	0
赶紧报警说不定还能抓到小偷，可不能就这样放过他	0	0	0	0	0	0	0	0	0	0	0	0
我得赶紧想个办法补救一下	0	0	0	0	0	0	0	0	0	0	0	0
什么事都要比，她活得一定很累吧	0	0	0	0	0	0	0	0	0	0	0	0
调皮是孩子的天性，正需要我们人民教师来引导他们走上正轨。	0	0	0	0	0	0	0	0	0	0	0	0
我怎么就这么粗心啊，早上出门不是检查书包了吗	0	0	0	0	0	0	0	0	0	0	0	0
家里人不喜欢我，我在家里的存在度应该很低，他们都不关心我，不愿意跟我联系。	0	0	0	1	0	0	0	0	0	0	0	0
不论薪水如何降低，我仍须为了家庭持续工作。	0	0	0	0	0	0	0	0	0	0	0	0
父母做那么多家务，我才做几次，他们可能没看见，我怎么能怪他们呢	0	0	0	0	0	0	0	0	0	0	0	0
发生这种事都怪我自己在网上和别人聊天。如果我不相信他们也就不会发生这种事情了，都怪我自己。	0	0	0	0	0	0	0	0	1	0	0	0
室友看到我连零食都吃不起，一定会鄙视我，觉得我就是个穷人吧。	0	0	0	0	1	0	0	0	0	0	0	0
我没有自控能力，是大肥猪	0	0	1	0	0	0	0	0	0	0	0	0
回家就天天粘着我，每次都搞得我很难受，下次我真的不想回来了。他们一定是故意让我不想回家，想让我离开他们。	0	0	0	1	0	0	0	0	0	0	0	0
有时候我觉得每个人都暗地里讨厌我，觉得我很烦人，他们只是出于怜悯忍受我。	0	0	0	1	0	0	0	0	0	0	0	0
朋友一定对我失望透顶，她一定再也不想和我说话了	0	0	0	0	1	0	0	0	0	0	0	0
也许我可以尝试换一份更好的工作，但我需要为此而努力	0	0	0	0	0	0	0	0	0	0	0	0
我感觉完蛋了，他肯定会告诉我的家长，我的世界完全黑暗了	0	0	0	0	0	1	0	0	0	0	0	0
这样的父亲我已经接受，无论如何，他是我父亲。	0	0	0	0	0	0	0	0	0	0	0	0
人各有所长，这不会影响到我。	0	0	0	0	0	0	0	0	0	0	0	0
他太令我失望了，既然选择了和妈妈结婚，结了婚就有了约束和责任，我无法认同他这种行为	0	0	0	0	0	0	0	0	0	0	0	0
我就是死胖子，这一辈子都是死胖子，永远不可能瘦下来的，我不可能减肥成功	0	0	0	0	0	1	0	0	0	0	0	0
她以前不是这样的，是我昨天让她不高兴了？还是我之前得罪她了？肯定是我哪里做的不对了她才这样的。	0	0	0	0	0	0	0	0	1	0	0	0
那些知识都已经在我脑袋里了，下次我一定能发挥好	0	0	0	0	0	0	0	0	0	0	0	0
自信的人才是最美的，所以我是最美的。	0	0	0	0	0	0	0	0	0	0	0	0
一直升不上去搞得我心态一天比一天差，这个公司不适合我，我还是赶紧找好下家跳槽吧	1	0	0	0	0	0	0	0	0	0	0	0
妈妈愿意给我提许多意见，是希望我可以更快更轻松地走上社会，说明妈妈很关心我，爱我。	0	0	0	0	0	0	0	0	0	0	0	0
是不是所有女生都这么物质，要这么多钱，真是太拿自己当回事了	0	1	0	0	0	0	0	0	0	0	0	0
路过的人看到这一幕会在心里笑我热脸贴了冷屁股的	0	0	0	1	0	0	0	0	0	0	0	0
我完全能体会她的心情，下次的机会我会等待，我理解她，我可以等下一次机会	0	0	0	0	0	0	0	0	0	0	0	0
我这个想法一说出来，肯定会遇到他的鄙夷和嘲笑吧。	0	0	0	0	1	0	0	0	0	0	0	0
我以后还是再也不要投资了，我总是失败，一直亏钱，最后什么都没剩下。	0	1	0	0	0	0	0	0	0	0	0	0
我们性格不同，所以经常发生冲突，我觉得很焦虑	0	0	0	0	0	0	0	0	0	0	0	0
从小到大，都有人想跟我竞争，就是一个想让人产生竞争欲望的人。	0	0	1	0	0	0	0	0	0	0	0	0
整个公司只有我不努力，我已经可以看到未来了，我永远只能呆在基层拿着单薄的工资	0	1	0	0	0	0	0	0	0	0	0	0
当我变得如此悲伤和紧张时，我就会焦虑不安，这是最可怕的感觉，我无法停止颤抖和移动。	1	0	0	0	0	0	0	0	0	0	0	0
真的是不顺心的时候，做什么都感觉他在和你作对一样，我最近是陷入了什么怪圈？感觉什么都做不好	1	0	0	0	0	0	0	0	0	0	0	0
这么大雨，我还有这么长的路要走，肯定得感冒了，感冒了又准得影响我工作，到时候又会被上司扣工资、被领导指责，真是烦死人了！	0	0	0	0	1	0	0	0	0	0	0	0
减肥是为了让自己更健康，而不是计算每一口食物的卡路里摄入量。	0	0	0	0	0	0	0	0	0	0	0	0
我真没用，竟然能在运动会上摔断腿，真的好沮丧，我不如再也不参加运动会了。	1	0	0	0	0	0	0	0	0	0	0	0
大家要是知道我被卡住了，会笑话我的	0	0	0	1	0	0	0	0	0	0	0	0
拼命有什么用还不如在家躺着睡觉	0	0	0	0	0	1	0	0	0	0	0	0
她真的好虚伪，一边叫我们都别学，自己又偷偷在床上卷。她肯定是嫉妒我，想要让我落后。	0	0	1	0	0	0	0	0	0	0	0	0
好难受啊！我是不是挺不过去了，大概会变成死亡病例中的一个	0	0	0	0	1	0	0	0	0	0	0	0
肝了这么久还是没能写出来，但是好像大部分时间都是在摸鱼，我真是个样子货	0	0	1	0	0	0	0	0	0	0	0	0
我怎么这么穷，彩礼钱都没有，太丢人了	0	0	0	0	0	0	0	0	0	0	0	0
一闻到同学的零食香味，我就感觉备受煎熬，我不如离开这世界，这样还能给家里省点钱。	1	0	0	0	0	0	0	0	0	0	0	0
我接到电话就哭了，被同事看到同事们一定觉得我是个没用的人，遇到事情只会哭。爸妈去世我也不在家，村里人肯定都觉得我不孝顺，我没脸回家了。	0	0	0	1	0	0	0	0	0	0	0	0
我没有得到奖学金，我这半年的生活是毫无意义的。	0	0	0	0	0	1	0	0	0	0	0	0
我不太擅长和别人沟通，我的应酬肯定不会好的。	0	0	0	0	1	0	0	0	0	0	0	0
我不想这么负能量，但是我就是好emo啊!	0	0	0	0	0	0	0	0	0	0	0	0
亏我还跟朋友吹牛，要带他们致富，这下他们可以尽情嘲笑我了。	0	0	0	0	1	0	0	0	0	0	0	0
死的应该是我啊，为什么老天不能带走我！我这么没用，活着也没什么意思，让我替她死了吧	0	0	0	0	0	0	0	0	1	0	0	0
没能当选，但我准备的非常充分，我尽力了，只要尽力，就没有什么遗憾。	0	0	0	0	0	0	0	0	0	0	0	0
天天管那么多干嘛啊，我又不是小孩了，这样真的很打扰我，好烦啊。	0	0	0	0	0	0	0	0	0	0	0	0
能者多劳，我做的多一点也能学的更多，这也不失为一种好事。	0	0	0	0	0	0	0	0	0	0	0	0
总是说错话，别人肯定觉得我情商很低吧	0	0	0	1	0	0	0	0	0	0	0	0
当不上这个主席，我这么长时间的努力还有什么意义？我的人生还有什么意义？	0	0	0	0	0	1	0	0	0	0	0	0
这么多钱全部赔进去了，这下可怎么办才好啊！诶呀！当时怎么就脑袋一昏了呢！真是太焦虑了！	0	0	0	0	0	0	0	0	0	0	0	0
爸爸妈妈别着急，等我赚钱养你们，我要给你们幸福的生活	0	0	0	0	0	0	0	0	0	0	0	0
老师都是老迂腐，看不得我们打扮的光鲜亮丽	0	0	1	0	0	0	0	0	0	0	0	0
尽管心痛，它也无法回到我们身边，希望它在天堂过得快乐。	0	0	0	0	0	0	0	0	0	0	0	0
我应该是一个罪人，所以才会遭受这样的苦难	0	0	1	0	0	0	0	0	0	0	0	0
连续两周，我就是没有人关心的人，注定孤独终老了。	0	0	1	0	0	0	0	0	0	0	0	0
我无法控制自己的食欲，我根本就是一个毫无自制力的人。	0	0	1	0	0	0	0	0	0	0	0	0
就算去上课也不一定学得会，就安心在宿舍睡觉吧	1	0	0	0	0	0	0	0	0	0	0	0
身体健康是大事啊，我得赶紧去医院看看。	0	0	0	0	0	0	0	0	0	0	0	0
我再也不买鸭脖了！这么危险的东西可不能再吃了，下次吃真出事了怎么办。	0	0	0	0	0	1	0	0	0	0	0	0
压力这么大，还是只有我一个，以后在公司的日子肯定会很难熬的	0	1	0	0	0	0	0	0	0	0	0	0
室友家境比我好，她最近总是跟我生气，她一定是瞧不起我，一定很讨厌我。	0	0	0	1	0	0	0	0	0	0	0	0
他为什么会这么认为？我有哪点做得不好了，绝对就是瞧不起我。	0	0	0	1	0	0	0	0	0	0	0	0
我们的联系虽然稀疏，但至少我们没有断了联系。	0	0	0	0	0	0	0	0	0	0	0	0
他这次寻求空间，下次就会向我寻求自由了	0	0	0	0	1	0	0	0	0	0	0	0
如果小狗能看到，肯定也不希望我伤心了，我应该振作起来。	0	0	0	0	0	0	0	0	0	0	0	0
我会好好锻炼表达能力的，争取不再说错话	0	0	0	0	0	0	0	0	0	0	0	0
我也不是没有想法，以后还是当文案工作者吧，我想法还是比较多的，人各有所长，何必强求。	0	0	0	0	0	0	0	0	0	0	0	0
我感到与所有事物和每个人都脱节了：我真的不确定如何解释这一点，但无论我是独自一人还是在人群中，我都会感受到这种“差异化”的感觉。	0	1	0	0	0	0	0	0	0	0	0	0
他早就对我有意见了，不来赴约说明他对我很不满。	0	0	0	1	0	0	0	0	0	0	0	0
我最爱的孩子们居然这样对我，我太伤心了，为什么会变成这样呢。我再也不责怪他们了，我不配做一个好妈妈。	1	0	0	0	0	0	0	0	0	0	0	0
可恶，假期结束了，但是也只能接受现实，继续工作。	0	0	0	0	0	0	0	0	0	0	0	0
做不到体谅他人的人，我还是去跟老师沟通换宿舍吧	0	0	0	0	0	0	0	0	0	0	0	0
我是一个不受欢迎的人!我像过街老鼠一样。	0	0	1	0	0	0	0	0	0	0	0	0
我无法想象我能够陪伴爸爸妈妈走到老，他们不得不独自面对我离开他们的那一刻，他们的心一定会受到重创。 	0	0	0	0	0	1	0	0	0	0	0	0
不管我多么努力，最终我总是变成一个肥胖、沮丧、防备心强的人，内心充满着各种念头。	0	0	1	0	0	0	0	0	0	0	0	0
他给我布置这些任务是都是因为我之前的任务做得不好	0	0	0	0	0	0	0	0	1	0	0	0
既然他给我分配这些工作，那么在他的认知里这些就是可以做完的	0	0	0	0	0	0	0	0	0	0	0	0
我这个一事无成的人居然还学别人失眠，真的太可笑了	0	0	1	0	0	0	0	0	0	0	0	0
我连这点工作压力都接受不了，那我以后干什么都不行!	0	0	0	0	0	1	0	0	0	0	0	0
我果然是个透明人，不管在哪，我的存在感都这么低得可怕。我一定是个不值得关注的人，不论我做什么，都无法改变这个事实。	0	0	0	0	0	1	0	0	0	0	0	0
我根本不知道怎么办，我什么都做不了，除了难过我还能做什么呢，我又不能控制他们来爱我，我真的好痛苦。	1	0	0	0	0	0	0	0	0	0	0	0
或许可以努力把这种暗中较劲变成良性竞争，这样我们两个都会进步	0	0	0	0	0	0	0	0	0	0	0	0
这个社会都各忙各的，缺少联系是正常的	0	0	0	0	0	0	0	0	0	0	0	0
我现在和我的父母吵，将来我的孩子肯定也会和我吵，我的晚年将得不到幸福。	0	0	0	0	1	0	0	0	0	0	0	0
现在连我最好的朋友都可以一声不吭，以后岂不是所有人都会如此？	0	1	0	0	0	0	0	0	0	0	0	0
每次想要特地的吃什么东西的时候到我这里肯定没有了	1	0	0	0	0	0	0	0	0	0	0	0
我爸爸会向妈妈说坏话，妈妈也不会爱我了	0	0	0	1	0	0	0	0	0	0	0	0
能力越大责任越大，领导比较看重我，让我多做一点也是应该的。	0	0	0	0	0	0	0	0	0	0	0	0
我就是个失败的人，生活早已给我刻上了失败者的印记。	0	0	1	0	0	0	0	0	0	0	0	0
难道近期劳累过度了吗？我必须认真地考虑未来的休息情况。	0	0	0	0	0	0	0	0	0	0	0	0
看我在认真做题，不想打扰我所以才没有叫上我吧，这样安静的环境更适合学习了呢	0	0	0	0	0	0	0	0	0	0	0	0
我好孤独啊，我从来没有真正与一位浪漫伴侣建立过真正深厚的联系。	0	1	0	0	0	0	0	0	0	0	0	0
或许这只是父母无意识的行为，但他们一定是故意要让我痛苦，不然为什么一直这样对我呢？	0	0	0	1	0	0	0	0	0	0	0	0
今天是外卖被拿，明天就是偷我论文，后天直接入室抢劫了！有人想偷走我的一切！	0	0	0	1	0	0	0	0	0	0	0	0
我被人批评了，我觉得我是一个不讲礼貌的失败者	0	0	1	0	0	0	0	0	0	0	0	0
怎么这么倒霉啊！屋漏偏逢连夜雨，又是加班又是感冒，我就是世界上最倒霉的人！所有倒霉的事全让我遇着了！	0	1	0	0	0	0	0	0	0	0	0	0
是我大意了才把这件事给忘了，我可真是个不长心的人。	0	0	1	0	0	0	0	0	0	0	0	0
我出差在外，与家人的联系变得更少了。然而，这并不是我能够主观解决的问题，我无法左右外界的因素。	0	0	0	0	0	0	0	0	0	0	0	0
定酒店就是为了让我难堪的，我完全不知道怎么定酒店	1	0	0	0	0	0	0	0	0	0	0	0
我现在矮，以后也长不大，我会找不到对象而孤独终老	0	1	0	0	0	0	0	0	0	0	0	0
怎么外卖又被偷了啊？！每次都挑准了偷啊！我真是个衰仔	0	1	0	0	0	0	0	0	0	0	0	0
小事一件也难以完成，我自感人生充满了失败，活在世界上毫无价值。	0	0	0	0	0	1	0	0	0	0	0	0
这个救生员来的这么慢，肯定是工作不敬业的懒虫，就算这里人多，他也应该一眼看到我抽筋了来救我才对！	0	0	1	0	0	0	0	0	0	0	0	0
看她这么嚣张，肯定是那种攀上老总的妖艳女人，靠着几分姿色和身材，以为自己就飞上枝头变凤凰了？呵呵，等老总玩腻了，她不知道摔得比谁惨呢。	0	0	0	1	0	0	0	0	0	0	0	0
我这点小事都做不好，老师也对我失望了，我就是什么事也做不好的。我一定让所有人都失望了，我注定会一事无成。	0	0	0	0	0	1	0	0	0	0	0	0
母亲大病一场，全都是因为我没有尽到孝道，好好照顾她，我感到内疚和自责。	0	0	0	0	0	0	0	0	1	0	0	0
我感到委屈，但却因为怕家人担心只能憋在心里，我觉得我的人生很平庸，我的生活一团糟。	0	0	0	0	0	1	0	0	0	0	0	0
我现在要完成超额的工作，我以后肯定还会受到这种对待，我感觉未来一片灰暗。	0	0	0	0	1	0	0	0	0	0	0	0
我不能休息，不干活的人不能算是合格的人	0	0	0	0	0	1	0	0	0	0	0	0
我不仅自己痛苦，还给身边的人都带来了痛苦	0	0	0	0	0	0	0	0	1	0	0	0
我真的对他失望透顶了，我不如再也不教导他了，也就没这么多事了。	1	0	0	0	0	0	0	0	0	0	0	0
我做什么事情都紧张和自卑，我彻底没有未来了。	0	0	0	0	1	0	0	0	0	0	0	0
效率也太低了吧，这么长时间维修人员的影子都没见到，这家公司真是废物	1	0	0	0	0	0	0	0	0	0	0	0
她没来肯定是有急事，我就自己吃吧	0	0	0	0	0	0	0	0	0	0	0	0
今天走在海边的沙滩上，你们绝对享受不到这么美好的人生‘.	0	0	0	0	0	0	0	0	0	0	0	0
啊啊啊啊啊啊啊啊啊啊啊	0	0	0	0	0	0	0	0	0	0	0	0
虽然没得到奖学金很可惜，但我切切实实学到了知识，这学期我已经很满足了！	0	0	0	0	0	0	0	0	0	0	0	0
我过去不曾努力学习，争取保研的机会。现在的压力重重，都是我活该。	0	0	0	0	0	0	0	0	1	0	0	0
她的愤怒，可能是因为我做出了令她不悦的事情，我应该对自己的错误负责。	0	0	0	0	0	0	0	0	1	0	0	0
我努力了，但世界对我仍然不公，我怎么可能通过考试？	0	0	0	0	0	1	0	0	0	0	0	0
我连一个投资失败都要到处麻烦人，将来还能有什么出息？一辈子混吃等死罢了。	0	0	0	0	0	1	0	0	0	0	0	0
我们这帮考研不如保研的学生，我们就是一帮垃圾人。	0	0	1	0	0	0	0	0	0	0	0	0
相处这么多年我还以为她会懂我，原来只是我自作多情了，她对我们的关系根本就不重视	0	0	0	1	0	0	0	0	0	0	0	0
一想到可能会失败就紧张焦虑，我不如不报名，在寝室呆着。	0	0	0	0	1	0	0	0	0	0	0	0
我再也不想过年了，过年对我来说就是灾难	1	0	0	0	0	0	0	0	0	0	0	0
我到底是考研还是工作呢，做选择好难，好纠结。	0	0	0	0	0	0	0	0	0	0	0	0
我肯定被大家当成傻瓜，他们一定在暗地里嘲笑我。	0	0	0	1	0	0	0	0	0	0	0	0
有点难过，我好想念大家，但是分别也是一种成长，一期一会也很美好，期待我们某一天还能遇见！	0	0	0	0	0	0	0	0	0	0	0	0
我在家里累死累活他也不会看到的，我那么辛苦又有什么意义，不如直接撒手全都不管了。	0	0	0	0	0	1	0	0	0	0	0	0
连狗都养不好，我真的是一事无成的失败者。	0	0	0	0	0	1	0	0	0	0	0	0
我其实也挺想和她一起吃一次饭的，但是已经有约了也是没办法的事情	0	0	0	0	0	0	0	0	0	0	0	0
就算害怕，我也得报警，请警察帮助我，我相信坏人终将被绳之以法！	0	0	0	0	0	0	0	0	0	0	0	0
连课题都做不出来，我肯定会被老师嫌弃，会被他放弃的	0	0	0	0	1	0	0	0	0	0	0	0
为什么我总是融入不了他们，我就是一个在社交上有问题的人，这辈子注定一个人。	0	0	1	0	0	0	0	0	0	0	0	0
她们认识得更早，关系好一点是正常的	0	0	0	0	0	0	0	0	0	0	0	0
一直无法融入群体，我估计是社交恐惧者	0	0	1	0	0	0	0	0	0	0	0	0
连个酒店都订不好，我的人生就是一场彻底的失败，真是无药可救。	0	1	0	0	0	0	0	0	0	0	0	0
我和他们分享我的思想，让他们理解我。	0	0	0	0	0	0	0	0	0	0	0	0
我不喜欢人们说会给我一个机会，因为总是让我觉得又是我的错。	0	0	0	0	0	0	0	0	1	0	0	0
毁了毁了，他肯定会认为我是一个粗心大意的人然后讨厌我的。	0	0	0	1	0	0	0	0	0	0	0	0
别失望，我会有下次的机会表现出色的。	0	0	0	0	0	0	0	0	0	0	0	0
因为这件事我心情很差，全世界的人就该让着我，不然他们就是冷血	0	1	0	0	0	0	0	0	0	0	0	0
他们肯定都不想和我联系觉得我给他们丢脸了	0	0	0	1	0	0	0	0	0	0	0	0
对于我来说，确实富有挑战性，因此需要审慎行事，尽可能减少错误。	0	0	0	0	0	0	0	0	0	0	0	0
就是我去强行加入他们我也会被排挤嫌弃的	0	0	0	0	1	0	0	0	0	0	0	0
爸爸这么做都是为了报复我和妈妈，因为我们赚不到钱，所以他想扔了我们	0	0	0	0	1	0	0	0	0	0	0	0
同学们应该都是有事不在教室而已，或许我应该去看看有没有我能帮上忙的	0	0	0	0	0	0	0	0	0	0	0	0
我的人生已经毁了！我活着还有什么意义啊！这么丢脸的事，所有人对会耻笑我的，我只能死了！	0	0	0	0	0	1	0	0	0	0	0	0
学长早就看不惯我了，提出新需求是故意刁难我。	0	0	0	0	1	0	0	0	0	0	0	0
我可能在某些地方还需要进步，这的确是我的问题，我需要加倍努力学习。	0	0	0	0	0	0	0	0	0	0	0	0
我这么健康，一定会没事的	0	0	0	0	0	0	0	0	0	0	0	0
父亲都这把年纪了居然还会有这种事情发生在他身上，真是一个老色胚	0	0	1	0	0	0	0	0	0	0	0	0
没钱租房子，我就摆烂了，我去流落街头吧	1	0	0	0	0	0	0	0	0	0	0	0
我现在突然升职，其他人肯定对我多有不满，对我有意见	0	0	0	1	0	0	0	0	0	0	0	0
上后面听课太可怕了，他们肯定以后都看不起我了。	0	0	0	1	0	0	0	0	0	0	0	0
婚姻太让人痛苦了，我还不如不结婚	0	1	0	0	0	0	0	0	0	0	0	0
室友最近总是跟我有矛盾，跟室友打交道就是一件很麻烦的事情，我肯定处理不好，网上那些寝室复杂的关系肯定会发生在我身上，我肯定是被他们孤立了。	0	1	0	0	0	0	0	0	0	0	0	0
我几乎身体无法做任何事情。这不是懒惰，我不恨你，只是......	1	0	0	0	0	0	0	0	0	0	0	0
是不是我太敏感了，这只是父母的习惯吧，一定是我太脆弱了所以才会这样都受不了。我应该能够承受得住这些批评。	0	0	0	0	0	0	0	0	1	0	0	0
重点高中只适合一流初中的人去上，像我这样普通初中出来的人不配上重点高中	1	0	0	0	0	0	0	0	0	0	0	0
是不是只有我这么难受，我作为他的妈妈，肯定是没有照顾好他，我将来肯定也是没有能力照顾好他。	0	0	0	0	1	0	0	0	0	0	0	0
我又肥又难看，将来一定没人喜欢我。	0	0	0	0	1	0	0	0	0	0	0	0
社团，认识社长、部长和组长就够了。认识那么多人干嘛。	0	0	0	0	0	0	0	0	0	0	0	0
有没有人觉得，如果我无缘无故地消失了，有人会注意到吗？	0	0	0	1	0	0	0	0	0	0	0	0
我是不会参与的，如果我失败了，岂不是说明我就是个废物，不配在这世上呆着。	0	0	0	0	0	1	0	0	0	0	0	0
我好害怕，我不敢出门了，我怕遇到变态。	0	0	0	0	0	0	0	0	0	0	0	0
我连老板嘱咐我的订酒店都完不成，我的职业生涯已经结束了。	0	0	0	0	0	1	0	0	0	0	0	0
晚上失眠，白天也睡不着，感觉自己现在一身的病，马上就要死了	0	0	0	0	1	0	0	0	0	0	0	0
什么啊，不就是前几天吐槽他家菜不咋样吗，今天竟然故意在我碗里放虫子，真恶心真恶心。他们肯定是报复我，简直不能忍。	0	0	0	1	0	0	0	0	0	0	0	0
没有人真正关心我，他们只在乎我的分数	0	0	0	1	0	0	0	0	0	0	0	0
黑心的医院！就想着从我身上多捞钱，他们肯定早就知道我的病是什么，但就是不告诉我！	0	0	0	1	0	0	0	0	0	0	0	0
呵呵，养了我这么多年，说打就打，我就像他的玩具一样，我活着还有什么意义？	0	0	0	0	0	1	0	0	0	0	0	0
我心有余悸，交通工具就像移动的炸弹，我再也不想乘坐了。	0	1	0	0	0	0	0	0	0	0	0	0
失去亲人让我痛苦，我没法接受	1	0	0	0	0	0	0	0	0	0	0	0
有点想考研，但是别人都觉得我肯定考不上，到时候又会嘲笑我	0	0	0	1	0	0	0	0	0	0	0	0
或许我做错了一些事，我应该意识到并修正这个问题。	0	0	0	0	0	0	0	0	0	0	0	0
不知道贵重物品有没有丢失，我应该赶紧清点物品并且报警	0	0	0	0	0	0	0	0	0	0	0	0
喜欢他这件事，肯定全校都知道了，现在全校的人肯定都在嘲笑我。	0	0	0	1	0	0	0	0	0	0	0	0
到底是从什么时候开始的，我开始嫌弃我父母的唠叨，我是一个令父母心寒的孩子，我对不起我的父母	0	0	0	0	0	0	0	0	1	0	0	0
他们出去玩他们的，我自己待我自己的，互相不打扰。	0	0	0	0	0	0	0	0	0	0	0	0
这班有什么上的意义，根本就是乱谈	1	0	0	0	0	0	0	0	0	0	0	0
同事们都能完成任务，我却很难，可能是因为我的能力不足吧	0	0	0	0	0	0	0	0	0	0	0	0
干脆守着我的死工资吧，我一点也不适合这种投资	1	0	0	0	0	0	0	0	0	0	0	0
爸爸只知道骂我，回家晚了他要骂我，无论我干什么事他都不满意，他就是不喜欢我！	1	0	0	0	0	0	0	0	0	0	0	0
每次都说我，我再也不想干活了	0	1	0	0	0	0	0	0	0	0	0	0
我既不聪明，又不漂亮，也没任何特长，也难怪父母喜欢别人家的孩子。我永远都比不上别人。	0	0	0	0	0	1	0	0	0	0	0	0
迟到了该死，赶紧爬起来上课，下次一定定好闹钟再睡啊。	0	0	0	0	0	0	0	0	0	0	0	0
做不出课题，我很害怕，做课题写文章真的让人难受	1	0	0	0	0	0	0	0	0	0	0	0
总是麻烦周围的人为我担心，都怪我让大家气氛都沉寂了	0	0	0	0	0	0	0	0	1	0	0	0
我做的不好，让他觉得我不值得尊重，我一定要改进自己。	0	0	0	0	0	0	0	0	0	0	0	0
父母好烦啊，我的生活就不应该有他们的存在。	1	0	0	0	0	0	0	0	0	0	0	0
好青春啊，和自己喜欢的人一起出去玩，真的是溢出屏幕的快乐	0	0	0	0	0	0	0	0	0	0	0	0
即使家人安慰我没关系，我依旧无法接受这件事，心中无尽的懊恼和不甘。	1	0	0	0	0	0	0	0	0	0	0	0
怎么他们家要这么多彩礼，是不是故意的啊	0	0	0	1	0	0	0	0	0	0	0	0
不知道还好，知道了总感觉自己和他们有隔阂了，完了这种隔阂要伴随我一辈子	0	1	0	0	0	0	0	0	0	0	0	0
科研就是一个人焦虑就是对着老师挨骂，傻子才来读研	0	1	0	0	0	0	0	0	0	0	0	0
可能由于近期过于疲劳，我应该适当地放松，无需苛责自己。	0	0	0	0	0	0	0	0	0	0	0	0
我这么饿都是我的错，我活该	0	0	0	0	0	0	0	0	1	0	0	0
我一定是个失败的学生，奖学金都拿不到，我从此注定会一事无成，我这辈子都不会有所作为！	0	0	0	0	0	1	0	0	0	0	0	0
我费这么大劲做的ppt竟然没了，我真是要气死了，算了，不如躺床上开摆了。	1	0	0	0	0	0	0	0	0	0	0	0
毕业照不见了，我所有快乐的高中生活也全都没了	0	0	0	0	0	1	0	0	0	0	0	0
我暂时不能外出探索世界，但我会将这份渴望深植于心，让它在我儿女的心中扎根并生长。	0	0	0	0	0	0	0	0	0	0	0	0
睡眠不足每天都感觉很疲惫，看着自己生活的这个世界也觉得索然无味	0	0	0	0	0	1	0	0	0	0	0	0
我只是个分数机器，我活着根本没有意义	0	0	0	0	0	1	0	0	0	0	0	0
我被咬过很多次了，我认为我总是遇到类似的事情，经常摔倒流血，我感到很难过。	0	1	0	0	0	0	0	0	0	0	0	0
加班真的很累，但我的成长也真的很快啊，也算是有收获吧。我总是在努力，但总觉得自己还不够好。	0	0	0	0	0	0	0	0	0	0	0	0
嘿嘿，多打几次招呼他就会记得我啦！到时候可能会看见他不一样的一面吧	0	0	0	0	0	0	0	0	0	0	0	0
我一定要把那个偷外卖的人就出来，不把他揪出来我誓不为人	0	0	0	0	0	0	0	0	0	0	0	0
这群资本家一点人性都没有，布置工作的时候只顾着公司赚钱，不在乎我们这些员工干不干的完	0	1	0	0	0	0	0	0	0	0	0	0
我必须完美，我接受不了我的失败，不完美的我，他们可能不在乎。	0	0	0	0	0	1	0	0	0	0	0	0
也许是我做了什么坏事，老天降灾下来惩戒我吧	0	0	0	0	0	0	0	0	1	0	0	0
天气预报是晴天，因为我出了门才下雨的吧	0	0	0	0	0	0	0	0	1	0	0	0
我需要尽力报答朋友的帮助，他在过去的一段时间里帮助了我很多。	0	0	0	0	0	0	0	0	0	0	0	0
连小狗都养不好，也教育不好自己的小孩吧，要是我的孩子也离我远去，我这辈子就彻底完蛋了，我真是个彻头彻尾的失败者	0	0	0	0	0	1	0	0	0	0	0	0
在身体上吃的苦还不够多吗，为什么还我要一辈子受这种罪？我真的无法理解为什么我会如此倒霉，注定要承受这么多痛苦。	1	0	0	0	0	0	0	0	0	0	0	0
谁家的父母不都这样嘛，可以理解	0	0	0	0	0	0	0	0	0	0	0	0
何必再做无用功呢，反正我付出的努力总会被人轻易窃取，我无论怎么奋斗，好的结果都无法达成。 	0	1	0	0	0	0	0	0	0	0	0	0
就是有人在其中使坏招，不让怎么会发生这样的事情	0	0	0	1	0	0	0	0	0	0	0	0
我一辈子都逃脱不了这种生活了。	0	0	0	0	1	0	0	0	0	0	0	0
单位的人要么比我聪明要么比我努力，反正就算找遍全世界也没有比我更差劲的人了	0	1	0	0	0	0	0	0	0	0	0	0
我不管了，我要出去，再这样下去，我快要憋死了，感染就感染吧，反正都是一个死，不是死法不一样	1	0	0	0	0	0	0	0	0	0	0	0
我就像是屋子里的局外人，感觉我对任何人都一无是处。	0	1	0	0	0	0	0	0	0	0	0	0
看他们出去玩，我也想出去了，听说最近新开了家餐馆，可好吃了，马上联系好友跟我一起去尝尝，安排！	0	0	0	0	0	0	0	0	0	0	0	0
一切生命都是有限的，我的小狗也是如此，好好安葬他吧	0	0	0	0	0	0	0	0	0	0	0	0
我的小狗去世一定是因为我没有照顾好他，才让他生病去世的，都是我的错。	0	0	0	0	0	0	0	0	1	0	0	0
他们都觉得我很可怜吧，是不是恨我的人都在幸灾乐祸啊	0	0	0	0	1	0	0	0	0	0	0	0
他们的调皮捣蛋让我感到挫折和伤感。我希望能够与他们建立更深的理解和沟通，而不只是简单的教导。	0	0	0	0	0	0	0	0	0	0	0	0
我对指环王、霍比特人电影和哈利波特的音乐非常着迷	0	0	0	0	0	0	0	0	0	0	0	0
哎怎在这个时候感冒了，运气好差，工作都要做不完了身体还不舒服，好想哭。	0	0	0	0	0	0	0	0	0	0	0	0
关于我说话的技巧，我会竭尽全力去提升，以免说错话。	0	0	0	0	0	0	0	0	0	0	0	0
他因为我的安慰更生气了，我很难过和害怕，我再也不去安慰别人了。	0	0	0	0	0	1	0	0	0	0	0	0
我生活中很强势，她也不归宿不告诉我也正常吧。	0	0	0	0	0	0	0	0	0	0	0	0
我们家联系很少，这让我感觉很孤单	1	0	0	0	0	0	0	0	0	0	0	0
完了，我长得这么丑，肯定没有人喜欢我了以后，我的人生要孤独终老了。	0	0	0	1	0	0	0	0	0	0	0	0
他是很久之前就想跟我闹掰吧，这明明就是一件小事，根本没必要	0	0	0	1	0	0	0	0	0	0	0	0
我不会是灾星吧，我自己骨折就算了，我的朋友最近经常和我在一起运气也变得好差啊。我一定给他们带来了厄运。	0	0	0	0	1	0	0	0	0	0	0	0
我现在感觉很难受，我怕这种难受会持续一生，就像一场无法摆脱的恶梦。	0	1	0	0	0	0	0	0	0	0	0	0
我尊敬父亲如同尊敬一生中的伟人，他是我生活中的标杆，我志在成为一个正直的人。	0	0	0	0	0	0	0	0	0	0	0	0
我以后再也不会信任任何人了，没有任何一个人值得我信任	0	1	0	0	0	0	0	0	0	0	0	0
可能是学习方法有问题，还是要多反思一下自己，或者找学霸沟通一下	0	0	0	0	0	0	0	0	0	0	0	0
我存在感低，我怎么做都不会提高自己的存在感，我这辈子都只能充当不重要的角色。	0	1	0	0	0	0	0	0	0	0	0	0
我最好的朋友宁愿找别人出去玩，也不找我出去玩，她根本不在乎我！	0	0	0	1	0	0	0	0	0	0	0	0
我好难受，也没有人关心我，只能自己照顾自己，工作也完成不了，我真的不想工作了，我只想混吃等死。	1	0	0	0	0	0	0	0	0	0	0	0
面试都能穿反衣服，这份面试我肯定搞砸了，完了，我再也找不到工作了！	0	0	0	1	0	0	0	0	0	0	0	0
说好的要给她最好的结果却连彩礼钱都不起，她和她家人一定很瞧不上我吧。	0	0	0	1	0	0	0	0	0	0	0	0
我们还是先让对方冷静一段时间再沟通吧	0	0	0	0	0	0	0	0	0	0	0	0
这个世界上可能再也没有人像他那样爱我了，以后的路要我一个人走了	1	0	0	0	0	0	0	0	0	0	0	0
总会有人比我更好，那我的生活还有什么意义呢？	0	0	0	0	0	1	0	0	0	0	0	0
他们肆无忌惮地剽窃他人的劳动成果，我不禁在想，这个世界上所有的人都像他们一样毫无底线吗？	0	1	0	0	0	0	0	0	0	0	0	0
我们班的男生都很不理解，为什么女孩子会感到痛，甚至有的还会嘲笑我们女生，男生都是神经大条的混蛋	0	0	1	0	0	0	0	0	0	0	0	0
连我的父母都不在乎我，我在这个世界上活着还有什么意义	0	0	0	0	0	1	0	0	0	0	0	0
爸妈这么穷肯定是因为他们愚蠢还懒惰，我讨厌这样的父母	0	0	1	0	0	0	0	0	0	0	0	0
我要是不点这份饭，这个虫子是不是就不会死了，我太罪恶了。这可是生命啊。	0	0	0	0	0	0	0	0	1	0	0	0
如果输掉这次官司，我以后就再也没办法赢了。	0	1	0	0	0	0	0	0	0	0	0	0
啊气死我了，咋就没有了呢，我都把家里翻了个遍了还是没有	0	0	0	0	0	0	0	0	0	0	0	0
我还真是不幸啊，怎么就总是我难受呢，我就永远会这么不幸。	0	1	0	0	0	0	0	0	0	0	0	0
该死的资本！这老板根本没把员工当人看！他只知道无尽地压榨我的价值！	0	0	0	0	0	1	0	0	0	0	0	0
他总给我吵架，不跟别人吵架？是不是我身上有什么缺陷让他频频与我争辩？	0	0	0	0	0	0	0	0	1	0	0	0
他肯定是找其他人出去玩了，作为我的男朋友，他一定是背叛我了，谈恋爱果然是很可怕的，男人没有一个好东西。	0	1	0	0	0	0	0	0	0	0	0	0
我知道，美貌带来的红利我这辈子也享受不到	0	0	0	0	1	0	0	0	0	0	0	0
当大家都成功步入研究生的殿堂，而我若落榜，将会成为别人口中的笑柄吧。	0	0	0	1	0	0	0	0	0	0	0	0
似乎无论我做什么，总是会遇到困难，我无法顺利完成任何事情，我感到内心充满挫败感。	0	1	0	0	0	0	0	0	0	0	0	0
为什么她们都不和我玩？是我看起来太土了，她们不愿意同我玩吗？	0	0	0	1	0	0	0	0	0	0	0	0
衣服能穿住就好了，倒不需要买太多，但是给老人的钱多一点也很正常啊	0	0	0	0	0	0	0	0	0	0	0	0
反正干什么都是我的工作能力不足，大不了以后就辞职什么也不干。	0	1	0	0	0	0	0	0	0	0	0	0
如果这是最后一个酒店都没有房间，那我只能去找一家条件稍差的民宿住了。	0	0	0	0	0	0	0	0	0	0	0	0
都是因为我不专注，总被外界的声音打扰，才会被影响的	0	0	0	0	0	0	0	0	1	0	0	0
前两天还在朋友面前夸下海口说这次能大赚一笔，转眼间就成了穷光蛋，他们肯定会疏远我鄙夷我的	0	0	0	1	0	0	0	0	0	0	0	0
我相信我的女朋友看不得我有所成就，她觉得我考上研究生后，她将配不上我，她会感到羞愧。 	0	0	0	1	0	0	0	0	0	0	0	0
我一直这样改不过来呀怎么办？肯定因为我脸色不好，他们才会疏远我没人搭理我。	0	0	0	0	0	0	0	0	1	0	0	0
考个研而已，我这么担心，我抗压能力太差了	0	0	1	0	0	0	0	0	0	0	0	0
我这样懦弱自卑又无聊的人，人家不肯找我玩也是正常，我根本就不值得别人对我上心	0	0	1	0	0	0	0	0	0	0	0	0
我也很想融入他们，可我天生社恐，每次话到嘴边就紧张地说不出来，哎。	0	0	0	0	0	0	0	0	0	0	0	0
我好像就是那只被世界遗忘的落水狗，，我应该是最大的倒霉蛋了吧	0	0	1	0	0	0	0	0	0	0	0	0
一定是批卷老师针对我，故意多扣我分	0	0	0	1	0	0	0	0	0	0	0	0
对我来说租房子真是痛苦的事，搞不懂别人是怎么成功租房的	1	0	0	0	0	0	0	0	0	0	0	0
就是隔壁寝室那个混蛋！他一定一直记恨着以前那件事，于是把我的外卖偷了！	0	0	0	1	0	0	0	0	0	0	0	0
我四肢那么瘦弱才会被欺负，被拍裸照的，这是我平时没有锻炼，缺乏自我保护能力的结果	0	0	0	0	0	0	0	0	1	0	0	0
我的存在已经没有任何意义，无人理会，无人关心，我没有任何价值。	0	0	0	0	0	1	0	0	0	0	0	0
打喷嚏的时候老板老看我，估计又对我不满了，真讨厌，还不都是因为他老让我加班	0	0	0	1	0	0	0	0	0	0	0	0
没有人理解我，我永远都不会快乐，我将永远压抑的活下去	0	1	0	0	0	0	0	0	0	0	0	0
这次的考试结果并不如人意，但我坚信我的付出总会得到回报，我明白爸爸的急切和他不善表达的情绪。	0	0	0	0	0	0	0	0	0	0	0	0
投资本来就是充满风险的事情，失败是常有的，没什么大不了。	0	0	0	0	0	0	0	0	0	0	0	0
老板肯定不仅仅降员工薪水这么简单，今天减少工资，后面肯定还会有别的对我们不利的政策要施行，	0	0	0	0	1	0	0	0	0	0	0	0
让我好好睡一觉吧，等我醒来，这些就会像从来没有发生过一样，我就不会痛苦了，我会忘掉这一切	1	0	0	0	0	0	0	0	0	0	0	0
传话的人是不是也喜欢那个男生啊，我也真应该关注一下周围的人了。	0	0	0	0	0	0	0	0	0	0	0	0
病痛的折磨使我对生活的热爱大大下降了，我多想早点康复啊	0	0	0	0	0	0	0	0	0	0	0	0
烦死人了！这红彤彤的青春痘太扎眼睛了，我没脸见人了，我不如再也不出门了。	1	0	0	0	0	0	0	0	0	0	0	0
对孩子的愧疚，由于工作原因无法回家照看他们，这让我感到很无奈。	0	0	0	0	0	0	0	0	0	0	0	0
还要报警，还要抓人，还要调监控，还不知道能不能把钱追回来，这么麻烦我真是一点都不想管了。为什么总是发生在我身上，我的生活总是充满这种烦恼。	1	0	0	0	0	0	0	0	0	0	0	0
餐馆后厨的卫生情况不行啊，要和他们说说才行，这也的菜怎么能上给顾客呢。我看这家餐馆简直就是个卫生死角，以后再也不来了。	0	0	0	0	0	0	0	0	0	0	0	0
学习差的孩子以后都会成为危害社会的坏人，我的孩子千万不能变成这样。	0	1	0	0	0	0	0	0	0	0	0	0
他们都有朋友一起出去玩，就我没有，我本来就是一个没朋友的人。	0	0	1	0	0	0	0	0	0	0	0	0
不应该啊，我这么能干不可能出差错的，肯定是xx害我，他怕我答辩成绩比他好，所以偷偷删了我的PPT，一定是这样的	0	0	0	1	0	0	0	0	0	0	0	0
总有一天我会考的很好的，总有一天这些努力都会被看见	0	0	0	0	0	0	0	0	0	0	0	0
这么重要的成果被接了过去，我的人生彻底废掉了。	0	0	0	0	1	0	0	0	0	0	0	0
我就是个干什么都不行的死胖子，学习学不好，减肥减不掉	0	0	1	0	0	0	0	0	0	0	0	0
这么久都找不到工作，我真是个没人要的废物，干啥啥不行，学啥啥不会，怪不得没公司要我！	0	0	1	0	0	0	0	0	0	0	0	0
同事都不加班就我一个人加班，说到底还是因为我平时效率太低	0	0	0	0	0	0	0	0	1	0	0	0
原来我在老板眼里是那么不堪那我工作还有什么意义呢我再也不想工作了	0	0	0	1	0	0	0	0	0	0	0	0
我嫁给了我不爱的人，我以后怎么幸福呢	0	0	0	0	1	0	0	0	0	0	0	0
我觉得这个人肯定是我爸的秘书，我怀疑她是想破坏我们的家庭然后取而代之，我感觉所有的秘书都是小三。	0	1	0	0	0	0	0	0	0	0	0	0
都怪我，干了这么多年还这么穷，甚至连这些钱都凑不上，我可真是个废物。	0	0	1	0	0	0	0	0	0	0	0	0
我做家务是为了保持屋子整洁，又不是为了给父母看的，他们没看见也无所谓。	0	0	0	0	0	0	0	0	0	0	0	0
我已经好几天都起不来了，我肯定以后都起不来了，我的生物钟肯定彻底紊乱了。	0	1	0	0	0	0	0	0	0	0	0	0
我是如此沮丧和兴奋，我只需要生命中有人来爱我，我是一个破碎的混蛋。	0	0	1	0	0	0	0	0	0	0	0	0
他和我吵架了，他会向别人说我的坏话	0	0	0	1	0	0	0	0	0	0	0	0
看吧看吧，现在有一个超车的，一会肯定还有好多，车流秩序就是被这些人弄乱的	0	0	0	0	1	0	0	0	0	0	0	0
结了婚还找小三，爸爸就是这样一个朝三暮四、花天酒地的人！天天出入夜场，不知道怀里换了多少个女人！我真为他感到羞愧！	0	0	1	0	0	0	0	0	0	0	0	0
明天再减！开心最重要	0	0	0	0	0	0	0	0	0	0	0	0
每次论文都被老师批评，这样的工作永远都解决不了了	0	1	0	0	0	0	0	0	0	0	0	0
似乎已经没有人爱我了，或许我应该选择死亡。	1	0	0	0	0	0	0	0	0	0	0	0
我们家虽然经济状况比较差，但是父母也一直在努力赚钱，把我养大成人，虽然没有别人过的那么轻松，但是我依然感激他们	0	0	0	0	0	0	0	0	0	0	0	0
这两天家里出了点事，和老师解释一下，最近加加班吧	0	0	0	0	0	0	0	0	0	0	0	0
哎，运气真差，刚咬了一口就被食物卡住。	0	0	0	0	0	0	0	0	0	0	0	0
他肯定会在我背后散播我的坏话，然后所有人都会疏远我。 	0	0	0	0	1	0	0	0	0	0	0	0
没有人会想来主动认识我的，我也不会去主动认识别人的	0	1	0	0	0	0	0	0	0	0	0	0
今天也太倒霉了吧，吃个鸭脖也能卡喉咙，真无语了。	0	1	0	0	0	0	0	0	0	0	0	0
以后要多和别人交流，一定要提升自己的语言表达能力	0	0	0	0	0	0	0	0	0	0	0	0
她可能在很多方面都超过我，但我也有我自己的闪光点，她并不是无所不能，我有很多可以学习的地方。	0	0	0	0	0	0	0	0	0	0	0	0
他们周末去海边露营给他庆祝生日，看起来好开心，我还没有在在海边露营过呢，我跟他关系也挺好的，为什么他不叫我，他认为我跟我关系没有那么好，他一定是不把我当朋友了。	0	0	0	1	0	0	0	0	0	0	0	0
怎么这硬盘是坏的啊，真的是我每次买东西都一定会买到一些坏东西	1	0	0	0	0	0	0	0	0	0	0	0
被狗咬了，我不能反咬它一口。但冬天到了，是个狗肉火锅的好时节，看在这条狗太凶的份上，不如就炖了吧。	0	0	0	0	0	0	0	0	0	0	0	0
家里这么穷，现在这么发达的社会还只是仅仅能满足需要，总有一天我会被饿死的	0	0	0	0	0	0	0	0	1	0	0	0
我像一个冷血动物，对待女朋友无动于衷，只专注于学习。	0	0	1	0	0	0	0	0	0	0	0	0
很明显，她不希望我过得比他好	0	0	0	1	0	0	0	0	0	0	0	0
这种行为严重的侵犯了我的个人权利，目前来讲最好的途径是报警	0	0	0	0	0	0	0	0	0	0	0	0
我丧失了生命中挚爱的小狗，我的照顾方式是完全错误的。	0	0	0	0	0	0	0	0	1	0	0	0
看着他们每个人都有才艺，心里真不是滋味，我可能永远也没能力在别人面前进行才艺展示。	0	1	0	0	0	0	0	0	0	0	0	0
我一定要邀请他共进晚餐。他的生日也快来了，在网上选一份礼物送给他，表示我的谢意	0	0	0	0	0	0	0	0	0	0	0	0
没人叫我出去玩，我想要他们，但我觉得他们不再想要我	0	0	0	1	0	0	0	0	0	0	0	0
出门总是遇到各种各样的麻烦，不如留在家里	0	1	0	0	0	0	0	0	0	0	0	0
穷人多半是天生的，我的爸妈贫穷，我肯定也会一直贫穷	0	1	0	0	0	0	0	0	0	0	0	0
我或许需要和妻子讨论，筹办一个规模小一些的婚礼，我相信她会理解我。	0	0	0	0	0	0	0	0	0	0	0	0
新闻上看见很多同事下毒的，我不能是被人下毒谋害了吧。	0	0	0	0	1	0	0	0	0	0	0	0
我未来的道路一片漆黑，我失去了所有东西，连同我梦想中的光辉未来	0	0	0	0	1	0	0	0	0	0	0	0
估计还是我有些能力不足，没选上也没啥大不了的。	0	0	0	0	0	0	0	0	0	0	0	0
我想快点长大，这样就能逃离他们俩了	0	0	0	0	0	0	0	0	0	0	0	0
我没拿到奖学金，一定是因为我不够努力，不够优秀。	0	0	0	0	0	0	0	0	1	0	0	0
所有的社畜都是活该被剥削的，老板要是体会员工的难处，那就不叫老板了	0	1	0	0	0	0	0	0	0	0	0	0
奖学金都得不到，我一定是个彻底的失败者，别人一定会觉得我一无是处。	0	0	0	0	0	1	0	0	0	0	0	0
同事们是不是有什么提高工作效率的方法，一会儿去找他们取取经吧	0	0	0	0	0	0	0	0	0	0	0	0
很想跟老板大声理论，但是又怕店里的其他顾客觉得我是个泼妇	0	0	0	1	0	0	0	0	0	0	0	0
这件事传出去了我一定会被瞧不起，我这辈子抬不起头了！	1	0	0	0	0	0	0	0	0	0	0	0
婚姻是我们人生中的大事，但我却没法办好这件事，我的人生还有什么意义？	0	0	0	0	0	1	0	0	0	0	0	0
我的父母虽然收入不高，可是十分的爱护我、关心我，我们家虽然穷，但是我感到非常幸福能在这样的家庭里生活	0	0	0	0	0	0	0	0	0	0	0	0
如果不能克服困意，那我就是个废物，这点小事都办不到，肯定难成大事。	0	0	0	0	0	1	0	0	0	0	0	0
我就是个傻子，学习学不会，什么也装不进脑袋，我就是个失败的学生。	0	0	1	0	0	0	0	0	0	0	0	0
我们每天的交谈都越来越少，很快我们再也不会互相交流了。	0	1	0	0	0	0	0	0	0	0	0	0
我现在学习成绩不进步，我感觉我这辈子都不能进步了，好像我已经被困在一个永远无法逾越的墙壁前。	0	1	0	0	0	0	0	0	0	0	0	0
我的身体连健康都无法保证，我是否还应该留在这个世界上呢？我在黑暗与白日之间，似乎已经看不到色彩了。	0	0	0	0	0	1	0	0	0	0	0	0
我非常渴望被爱并且感到恶心，因为我知道再也没有人会爱我。我不想去追求需要工作的东西，因为我不再关心了。	0	1	0	0	0	0	0	0	0	0	0	0
连论文都写不好，都这么大了，我真是太失败了	0	0	0	0	0	1	0	0	0	0	0	0
就是因为我小时候不听话，才不长高的	0	0	0	0	0	0	0	0	1	0	0	0
我早就知道她看不惯我很久了，之前就总是明里暗里讽刺我，现在终于撕破脸了。她一定是心理一直嫉妒我，所以才找机会跟我决裂。	0	0	0	0	1	0	0	0	0	0	0	0
我就是个彻彻底底的废物，做不好论文的科研渣子	0	0	1	0	0	0	0	0	0	0	0	0
这件事令我痛苦不堪，几个小时后还是耿耿于怀，我认为是ppt的软件故意欺负我。生气的想要卸载它。	0	0	0	1	0	0	0	0	0	0	0	0
这个世界什么东西都不能相信，只有自己能相信	0	1	0	0	0	0	0	0	0	0	0	0
我这么迷茫，朋友也会嫌弃我优柔寡断，肯定烦死我了	0	0	0	1	0	0	0	0	0	0	0	0
什么破高中，我真的受不了了，我一分一秒都不想呆在这里	1	0	0	0	0	0	0	0	0	0	0	0
他们就是对我不满吧，这是在以另一种形式告诉我	0	0	0	1	0	0	0	0	0	0	0	0
都怪那群感染了还到处乱晃的人，要不是他们我也不会得病，他们都是纯纯的坏种。	0	0	1	0	0	0	0	0	0	0	0	0
他是不是讨厌我啊，所以才迟到	0	0	0	1	0	0	0	0	0	0	0	0
医生说我需要去大医院进一步检查病症，虽然暂时没查出来，但我相信一定可以治好的。	0	0	0	0	0	0	0	0	0	0	0	0
我太痛苦了，我什么都做不了了，就让我一直这么躺下去吧，让我和我的小狗一起死了吧	1	0	0	0	0	0	0	0	0	0	0	0
重要的回忆因我的疏忽而失踪，就像孩童失去最爱的玩偶。心中只剩悔恨，自己竟成了罪魁祸首。	0	0	0	0	0	0	0	0	1	0	0	0
我天生就是笨脑袋，我怎么学也学不好的	0	0	1	0	0	0	0	0	0	0	0	0
我真没用，家里人好不容易把我养大，我连一点钱都回报不了，一直被一个女人拿捏，我真丢脸	0	0	0	0	0	1	0	0	0	0	0	0
我的同龄人肯定都瞧不起我，觉得我什么都不是	0	0	0	1	0	0	0	0	0	0	0	0
我连论文都解决不了，会毕不了业的，我的未来完蛋了	0	0	0	0	0	1	0	0	0	0	0	0
妈妈自从怀孕都没怎么照顾我，好伤心，我应该阻止那个小生命的到来，让妈妈一心照顾我	1	0	0	0	0	0	0	0	0	0	0	0
跟老师道个歉吧，晚上不应谁的那么晚的。	0	0	0	0	0	0	0	0	0	0	0	0
他们就是想控制我，他们就是想把我禁锢在他们身边。	0	0	0	1	0	0	0	0	0	0	0	0
薪水怎么降低了这么多，哎，现在公司也不景气，我能力还行，要不要考量跳槽的事情呢	0	0	0	0	0	0	0	0	0	0	0	0
妈妈经历了社会的是是非非，比我更懂得什么才是最好的。	0	0	0	0	0	0	0	0	0	0	0	0
我那么用心地辅导，孩子却考成这样来寒我的心，他一定是故意气我啊。	0	0	0	1	0	0	0	0	0	0	0	0
背部疼痛，我肯定是脊椎出了问题，肯定会变成植物人的	0	0	0	0	1	0	0	0	0	0	0	0
上了大学，感觉一下子朋友少了很多，和室友说话也挺少，难过！	0	0	0	0	0	0	0	0	0	0	0	0
我处理不好这种事情，以后就算孩子上学了，我也无法做到两全其美，总是会出现这种问题的。	0	1	0	0	0	0	0	0	0	0	0	0
这算什么朋友？这是把我当仇人吧，我把她当朋友，她把我当乐子，呵呵。	0	0	0	1	0	0	0	0	0	0	0	0
前几天和我说话的朋友突然不理我了，我想这事好几天了睡不着，他是讨厌我了吧。	0	0	0	1	0	0	0	0	0	0	0	0
是我没有保护好她！为何不能更提前一步，让她错失良机，责任全在我。	0	0	0	0	0	0	0	0	1	0	0	0
全是我的疏忽导致了这个错误，我真是太笨了。	0	0	0	0	0	0	0	0	1	0	0	0
我不会直视男人的眼睛，因为害怕他们会认为我是“下流的”。 我不会直视女性的眼睛，生怕她们认为我是一个脾气暴躁的女同性恋。 我害怕在任何层面上进行社交，因为我不适合我的身体，我害怕人们会觉得奇怪或对我说些什么。	0	0	0	1	0	0	0	0	0	0	0	0
好痛苦每天被人盯着找茬，是谁都会很痛苦的	1	0	0	0	0	0	0	0	0	0	0	0
是不是我最近太用功了，让他产生焦虑了	0	0	0	0	0	0	0	0	1	0	0	0
连他们都完全不在乎我，像我这样活着真的有意义吗	0	0	0	0	0	1	0	0	0	0	0	0
我觉得我的余生都在追赶人们在他们十几岁时所做的事情。 我会充满遗憾。	0	1	0	0	0	0	0	0	0	0	0	0
我的论文没有拿优秀，我的未来彻底没有希望了。	0	0	0	0	1	0	0	0	0	0	0	0
总会有一些没素质的人，我认为没必要对这种事生气，自己做好文明行车就够了。	0	0	0	0	0	0	0	0	0	0	0	0
呵，我果然都是颜控，三观跟着五官跑的那种，看到帅哥就和人家聊上了 完全不考虑我的感受	0	0	1	0	0	0	0	0	0	0	0	0
不如意之事接连发生，连吃鸭脖也像是在和我作对，真是祸不单行	0	0	0	0	1	0	0	0	0	0	0	0
吃一堑长一智吧，下一次一定要记得带作业。	0	0	0	0	0	0	0	0	0	0	0	0
我女儿肯定是遇到坏人了，我要去救她，我的女儿不能出事，我这就报警。	0	0	0	0	1	0	0	0	0	0	0	0
彻底结束了，啥也没有了，我的生活也结束了。	0	0	0	0	0	1	0	0	0	0	0	0
他们都在看着我呢，我要是说错话他们肯定会笑话我，怎么办怎么办，我应该要说点什么？	0	0	0	0	1	0	0	0	0	0	0	0
她们要是真的关心我的话就会主动来看我了，这么久我不主动，她们就不联系我，这意思已经很明显了啊。她们肯定是觉得我骨折太麻烦，根本不愿意花时间在我身上。	0	0	0	1	0	0	0	0	0	0	0	0
我感受不到一丝关心，没有人在乎我，那不如就这样堕落下去吧，反正没人在意	1	0	0	0	0	0	0	0	0	0	0	0
总结经验，不可冒进，这算是花钱买了个教训	0	0	0	0	0	0	0	0	0	0	0	0
他有电话？那我们赶紧把这事结束吧，我谈了一下午也挺累的了，赶紧的吧	0	0	0	0	0	0	0	0	0	0	0	0
平时早上起来迷糊的后果出来了！完全是我这个神智不清一会儿的习惯导致了这一切的发生	0	0	0	0	0	0	0	0	1	0	0	0
我遭受的疾病，是我不重视自身健康的结果，我本该知道，这是我的报应。	0	0	0	0	0	0	0	0	1	0	0	0
我此后将成为所有人的笑柄	0	1	0	0	0	0	0	0	0	0	0	0
糟糕的睡眠使我本来就讨厌的工作雪上加霜，生理上痛苦，心理上也痛苦，我到底是招谁惹谁了	0	0	0	0	0	0	0	0	1	0	0	0
加班加班，一定是我工作做得太差了，老板才会让我经常性的加班的，为什么我当时不好好做呢？	0	0	0	0	0	0	0	0	1	0	0	0
这次失败了，我在业界的名声肯定会臭了，我将来接不到任何工作，我一定会饿死的。	1	0	0	0	0	0	0	0	0	0	0	0
朋友都是慢慢来的，我才不要快餐式友情	0	0	0	0	0	0	0	0	0	0	0	0
他们就是讨厌我，不希望我待在这里，他们巴不得我马上消失	0	0	0	1	0	0	0	0	0	0	0	0
每晚的睡眠都是痛苦的，常常半夜醒来，持续这样下去，我怕自己将无法承受。我的身体肯定有什么严重问题，未来可能会更加糟糕。	0	0	0	0	1	0	0	0	0	0	0	0
我不知道应该怎么办，这个世界这么大，怎么就没有一条活路能给我走呢	1	0	0	0	0	0	0	0	0	0	0	0
我的长相，就像恶魔的嘲笑，这辈子我可能永远都无法拥有幸福了。	0	0	1	0	0	0	0	0	0	0	0	0
我们平时习惯了不怎么联系，偶尔聊一聊知道彼此的近况就好。	0	0	0	0	0	0	0	0	0	0	0	0
每一年过去，我都会想起迄今为止我在生活中取得的成就是多么的少。 我将 3: 乱贴标签3: 乱贴标签 岁，我的财务状况终于稳定下来。 我能想到的就是我有多悲惨。	0	0	0	0	0	1	0	0	0	0	0	0
这次不过还有下一次，老师不会故意为难我们的，只要努力一定能过的。	0	0	0	0	0	0	0	0	0	0	0	0
患者都是王八蛋，一群忘恩负义的东西	0	0	1	0	0	0	0	0	0	0	0	0
我很早就把我的生活搞砸了，我再也无法用它做任何事了。 搞砸了关系。 我想结束它。	0	0	0	0	1	0	0	0	0	0	0	0
我这几天怎么这么倒霉，出个门都能碰到老师	1	0	0	0	0	0	0	0	0	0	0	0
我真的一点都不喜欢和别人竞争，这样的竞争会给我带来压力，连工作的心情都没有了，就好像拖着一具行尸走肉一样	1	0	0	0	0	0	0	0	0	0	0	0
我连孩子都陪伴不了，我以后只会是一个孤家寡人。	0	1	0	0	0	0	0	0	0	0	0	0
前天我看见我同事拿着我的水瓶，是他给我下药了吧。	0	0	0	1	0	0	0	0	0	0	0	0
爱人与我天人永隔，我好悲伤，不想说话了。	1	0	0	0	0	0	0	0	0	0	0	0
即使多次经历这样的场合，我仍旧会感到不安。我想知道我何时能变得更勇敢。	0	0	0	0	0	0	0	0	0	0	0	0
可能是我能力还不够，既然已经出来了就既来之则安之吧	0	0	0	0	0	0	0	0	0	0	0	0
对于她而言，我只是个可有可无的人而已，以前也是我主动联系她，我一停下，她也不继续了，果然是我在自作多情	0	0	0	1	0	0	0	0	0	0	0	0
抑郁告诉我没有人在乎，我也知道并没有人在乎我。	0	1	0	0	0	0	0	0	0	0	0	0
我怎么就不能有自己的想法了，他们怎么比我还着急	0	0	0	1	0	0	0	0	0	0	0	0
本来组长就因为瞧不上我的专业能力才让我做PPT，现在连PPT都忘了保存，组长肯定觉得我一窍不通是个蠢货，更加瞧不起我了。	0	0	0	0	1	0	0	0	0	0	0	0
毫不犹豫地尝试吧，只有尝试才能知道结果，我不想给自己留下任何遗憾。	0	0	0	0	0	0	0	0	0	0	0	0
算了算了，这孩子就是傻，我也不指望他能考得好了	0	0	1	0	0	0	0	0	0	0	0	0
女孩们，准备好来和我一起派对了吗？一起享受一整个晚上。	0	0	0	0	0	0	0	0	0	0	0	0
我会尽我所能好好学习，然后改变我的家庭，我总有一天会回报我的父母	0	0	0	0	0	0	0	0	0	0	0	0
我们之间一定是有什么误会，我应该积极沟通	0	0	0	0	0	0	0	0	0	0	0	0
这次任务太多了，太不体谅我了。	0	0	0	0	0	0	0	0	0	0	0	0
我要是跟他表白失败肯定会被人嘲笑的啊，大家会觉得我异想天开	0	0	0	0	1	0	0	0	0	0	0	0
我会不会妨碍到他工作了，他不会是希望快点和我结束交谈然后再去回电话吧，完了，我还是赶紧结束这事吧	0	0	0	0	1	0	0	0	0	0	0	0
有些懈怠，我要开始努力做项目和写论文了。	0	0	0	0	0	0	0	0	0	0	0	0
这下好了，大家肯定都等着看我笑话吧	0	0	0	1	0	0	0	0	0	0	0	0
我真是太失败了，连彩礼钱都拿不出，我这辈子都不会有出息，一定会被家人朋友看不起的。	0	0	0	1	0	0	0	0	0	0	0	0
钱难挣屎难吃，我能怎么办，我就是一个社畜。	0	0	1	0	0	0	0	0	0	0	0	0
我还是要尝试，可是我觉得会失败	0	0	0	0	0	0	0	0	0	0	0	0
如果有时间的话，我会抽空去医院检查一下，尽早做出诊断。	0	0	0	0	0	0	0	0	0	0	0	0
好丢人啊，因为玩手机不节制被医生说，旁边的助手一定在偷偷嘲笑我，尴尬死了，我简直就是个笑话。	0	0	0	1	0	0	0	0	0	0	0	0
我就是个失败的爸爸，没有教导孩子学好的能力	0	0	0	0	0	0	0	0	1	0	0	0
好想我的小狗，我感觉我会难过好久	0	0	0	0	0	0	0	0	0	0	0	0
脑子太乱，太烦，怎样才能不焦虑	1	0	0	0	0	0	0	0	0	0	0	0
孩子教养问题我没法解决，这真的让我困扰	1	0	0	0	0	0	0	0	0	0	0	0
我平常好像总是问她，都怪我，老是管孩子，让她烦我了，有事也不和我说了，我好不称职啊！	0	0	0	0	0	0	0	0	1	0	0	0
我所有的储蓄都打水漂了，那一切都意味着我生活的稳定都将瓦解，我以后的日子只能过得像风中的孤叶一样，我的生活，全都失去了。	0	0	0	0	0	1	0	0	0	0	0	0
我这么冷漠的人怎么可能找到男朋友，这东西这辈子可能实现不了了，还是下辈子吧!	0	1	0	0	0	0	0	0	0	0	0	0
之前甜言蜜语都是假的，显然，爱情不适合我，我什么时候才能停止爱你？	0	1	0	0	0	0	0	0	0	0	0	0
他们看着都好难接近的样子啊，肯定不会喜欢和我这种唯唯诺诺的人的一起玩的	0	0	0	1	0	0	0	0	0	0	0	0
太可怕了，我以后再也不要在别人面前发表观点了，我就做个倾听者吧。	1	0	0	0	0	0	0	0	0	0	0	0
都要马上高考了，我竟然还是这样整天浑浑噩噩，我真的太菜了，我这么就是学不进去，烦死了。	0	0	0	0	0	1	0	0	0	0	0	0
我的男朋友不向我寻求安慰了，我的人生太失败了	0	0	0	0	0	1	0	0	0	0	0	0
反正那个男生现在是我男朋友，他们爱讨论讨论去吧	0	0	0	0	0	0	0	0	0	0	0	0
本来就是因为工作不顺心才买鸭脖来吃，现在连鸭脖都不想吃了！好烦啊，我天天劳苦奔波，到头来还不如躺在家里睡大觉来得舒服。	1	0	0	0	0	0	0	0	0	0	0	0
好可惜，果真是人外有人，天外有天，我要继续努力提高自己。	0	0	0	0	0	0	0	0	0	0	0	0
所有我期待的事都不会有结果，我就不该傻傻地期待着什么。	0	1	0	0	0	0	0	0	0	0	0	0
我感到我走动时感到紧张。感觉好像不应该在那里。	1	0	0	0	0	0	0	0	0	0	0	0
我就是命不好，克倒了前公司，我要是去找工作，估计又要祸害人家	0	0	0	0	0	0	0	0	1	0	0	0
诶我去，咋回事这是？还好没人发现，一会得赶紧去找个公共厕所扭转一下	0	0	0	0	0	0	0	0	0	0	0	0
我好想小狗，我想它陪我久一点，太突然了，真的好难过，好想它。	0	0	0	0	0	0	0	0	0	0	0	0
这不可能！我怎么可能有精神疾病，不！不可能！我很正常，我没有病！	1	0	0	0	0	0	0	0	0	0	0	0
我需要尽力争取早日脱离他的控制。	0	0	0	0	0	0	0	0	0	0	0	0
我容易说错话，每个人都不愿意是我的朋友，事实如此。	0	1	0	0	0	0	0	0	0	0	0	0
好运气永远不会来到我身边，我接受命运的安排。	0	1	0	0	0	0	0	0	0	0	0	0
偷外卖的人都偷了这么多次了还没有抓到，这次还偏偏偷的我的，气死我了，一定是保卫处的人都没干什么实事	0	0	0	1	0	0	0	0	0	0	0	0
全天下的父母一个样，他们从来不会在乎小孩的情绪	0	1	0	0	0	0	0	0	0	0	0	0
真是倒霉，碰上这样的事情，哎，想办法租一间房间过度吧	0	0	0	0	0	0	0	0	0	0	0	0
跑步消耗的卡路里全还回去了，我怎么就控制不住我的嘴呢，今天跑步的成果被我自己毁了，我竟然没有任何的节制，真是令人生气！	0	0	0	0	0	1	0	0	0	0	0	0
怎么会有人说话这么不堪入耳，我当年刚大学毕业进公司也没这样啊。	0	0	0	0	0	0	0	0	0	0	0	0
战争是如此的残酷，肯定会有人死去，而我肯定不会活着的。	0	0	0	0	1	0	0	0	0	0	0	0
常被父母与他人比较，自觉在懂事上不如人，似乎我之不足成了他们进行比较的依据。	0	0	0	0	0	0	0	0	1	0	0	0
越临近deadline我就越焦虑，也许有拖延症的人就是不适合搞科研	1	0	0	0	0	0	0	0	0	0	0	0
我没达到父母的期望，因为我太无能，一无是处。	0	0	0	0	0	1	0	0	0	0	0	0
就我这样怎么会有公司敢用我，我肯定会没有工作挨饿受冻而死，我的人生就是个笑话。	0	0	0	0	1	0	0	0	0	0	0	0
我这么难受去了医院，医生还不告诉我得了什么病，估计是得了绝症不敢告诉我吧。	0	0	0	0	1	0	0	0	0	0	0	0
我的友情未来无望了，我的人生会一直孤单下去	0	1	0	0	0	0	0	0	0	0	0	0
我太震惊了，甚至脑袋一片空白，不知道如何面对，可冷静下来后立马收拾好行李赶回老家，至少要要尽最后一份孝，我要振作起来让天堂的他们不用担心。	0	0	0	0	0	0	0	0	0	0	0	0
继子本来就跟我不亲，加上青春期难免有些叛逆，我应该更有耐心	0	0	0	0	0	0	0	0	0	0	0	0
绝对是妈妈丢的，她昨天在我卧室打扫完，今天就找不到照片了，肯定是她故意扔了，她早就觉得我的这些东西没用了	0	0	0	1	0	0	0	0	0	0	0	0
吃点小饼干可以调剂心情啊，总是吃素都没心情减肥啦！心情好了才能更好的减肥。	0	0	0	0	0	0	0	0	0	0	0	0
如果我是北京人，人力资源部门就不会对我有意见了，这份工作落选是因为我的出生环境不够好。	0	0	0	0	0	0	0	0	1	0	0	0
长大了才发现早已与梦想渐行渐远，甚至背道而驰，世界上没有能守住自己最初的梦的成年人了	0	0	0	0	1	0	0	0	0	0	0	0
朋友之间，开个玩笑很正常	0	0	0	0	0	0	0	0	0	0	0	0
我最近正在忙大项目，时间少是正常的，等忙完这一阵我会好好陪家人的	0	0	0	0	0	0	0	0	0	0	0	0
从小到大我都没谈过恋爱，我觉得我这辈子都不可能摊上恋爱了	0	1	0	0	0	0	0	0	0	0	0	0
我真是太让人失望了，我怎么总是说错话呢	0	0	1	0	0	0	0	0	0	0	0	0
他们不会相信我抑郁的，我的家人会认为我是装的，或者每个人有时都会感到情绪低落	0	0	0	1	0	0	0	0	0	0	0	0
我今天没答应他，都不能为了他拒绝掉别人的约定，我这样还算是他最好的朋友吗？	0	0	0	1	0	0	0	0	0	0	0	0
若认真努力地去练习，铭记每个重点，再一次尝试，定能顺利无误。	0	0	0	0	0	0	0	0	0	0	0	0
我惹她生气了，一定是我哪里做得不对。我应该更加注意我的行为。	0	0	0	0	0	0	0	0	1	0	0	0
连自己的孩子异常的状态都察觉不到，我可真是一个失败的家长。	0	0	1	0	0	0	0	0	0	0	0	0
这才游了多大一会啊就抽筋了，我真是一个弱不禁风的人	0	0	1	0	0	0	0	0	0	0	0	0
我感觉我要被压死了，我的生活再不会有光明了	0	0	0	0	0	1	0	0	0	0	0	0
希望我下辈子可以生活在一个和平的年代，和平的国家，再见了，这个世界	1	0	0	0	0	0	0	0	0	0	0	0
我一直不陪孩子，孩子性格会很孤僻，甚至自闭，这都是我一手造就的，无法挽回。	0	0	0	0	0	0	0	0	1	0	0	0
和父母吵架并不是我想要的结果，下一次我应该更加冷静，避免吵架。	0	0	0	0	0	0	0	0	0	0	0	0
这就是一家吃人血馒头的黑心公司，我当初真是脑袋被驴踢了才选择了这家	0	0	1	0	0	0	0	0	0	0	0	0
因为工作太忙了，不小心感冒是正常的。	0	0	0	0	0	0	0	0	0	0	0	0
我太堕落了，在这寝室只会影响别人努力，委屈他们和我住在一起，真的好愧疚。	0	0	0	0	0	0	0	0	1	0	0	0
完了，我游泳时抽筋了，周围无人，我真会就这样沉入水底吗？我还有亲人，他们怎么能承受我这样的去世呢。	0	0	0	0	1	0	0	0	0	0	0	0
生活中的冲突和摩擦，只是每个独立个体必然要面对的人性挑战。	0	0	0	0	0	0	0	0	0	0	0	0
维持人际关系也是重要的社会活动，我可以尝试融入一下	0	0	0	0	0	0	0	0	0	0	0	0
不得不承认我的同事真的很厉害	0	0	0	0	0	0	0	0	0	0	0	0
一吵架就没人管我了，好难过，也要考虑一下我的感受呀，我也会很孤单的。	0	0	0	0	0	0	0	0	0	0	0	0
我知道孩子们缺少了我的陪伴，但我相信赚到的钱会让家庭生活更加幸福。现在的牺牲，是未来幸福的铺垫。	0	0	0	0	0	0	0	0	0	0	0	0
输掉官司一定会给我的委托人造成难以估量的损失，而这一切都是因为我	0	0	0	0	0	0	0	0	1	0	0	0
应该只是最近没休息好，我的手臂也在因为今天的锻炼而酸痛。	0	0	0	0	0	0	0	0	0	0	0	0
哎呀，我可得赶紧去医院打针了，这狗可别带什么狂犬病毒了。	0	0	0	0	0	0	0	0	0	0	0	0
谁还没有个失眠的时候了，其实我非常擅长晚上工作，因为这实际上是我的标准睡眠模式。	0	0	0	0	0	0	0	0	0	0	0	0
抽筋了好难受啊，还好没溺水，我真是太厉害了这样还能游回岸边！	0	0	0	0	0	0	0	0	0	0	0	0
人生就是这样，起落落落落落，我看不到又什么变好的希望	0	1	0	0	0	0	0	0	0	0	0	0
我不活了，这也太尴尬了吧，我这辈子都不要上街了，我的形象在今天全都毁完了	0	0	0	0	0	1	0	0	0	0	0	0
我可真是个什么都干不了的废人，连一个社团主席都选不上，我未来还能干些什么？	0	0	0	0	0	1	0	0	0	0	0	0
我真的很崩溃，我没办法解决和室友的关系	1	0	0	0	0	0	0	0	0	0	0	0
都是我不好，我不适合安慰人，如果我不安慰她就好了	0	0	0	0	0	0	0	0	1	0	0	0
我被拍了裸照，全世界都会看到，我的人生已经毁了，我这种人不配活着。	0	0	0	0	0	1	0	0	0	0	0	0
试了这么多方法还是没有用，真是烦人，看来我必须得减肥手术了，这是我唯一的希望。	0	0	0	0	0	1	0	0	0	0	0	0
好担心啊，我要是做不好工作怎么办，老板想立刻撤职我。	0	0	0	0	1	0	0	0	0	0	0	0
根本就没人欠我钱！为什么大家都这么说？真的好烦！控制脸色真的好难	1	0	0	0	0	0	0	0	0	0	0	0
今天发生了一些事，我希望它永远不会发生，为什么我生来就如此社交尴尬	0	0	0	0	0	0	0	0	1	0	0	0
怎么总是这样，每次想要约人吃饭，要不就是没人理我，要不就是一起找我，我是什么特殊体质吗	1	0	0	0	0	0	0	0	0	0	0	0
是不是我昨天说话哪句话得罪她了，所以她今天不来找我吃饭	0	0	0	1	0	0	0	0	0	0	0	0
我感到孤独，我无法改变这一点，我掉进了深渊，如此彻底。	1	0	0	0	0	0	0	0	0	0	0	0
他会不会最近出事了，我这段时间要多加关心他了	0	0	0	0	0	0	0	0	0	0	0	0
本来大学生活就一团乱麻，现在又骨折了，我的大学生活简直就是一片黑暗。从此只会越来越糟。	0	0	0	0	0	1	0	0	0	0	0	0
我这件事做不好，我以后什么事也不会做好	0	1	0	0	0	0	0	0	0	0	0	0
我觉得同事在排挤我啊，为啥只有我这么累	0	0	0	1	0	0	0	0	0	0	0	0
希望能早点结束这种痛苦	0	0	0	0	0	0	0	0	0	0	0	0
她精力好旺盛，工作这么久都不会累	0	0	0	0	0	0	0	0	0	0	0	0
我绝对会死的，治疗要花好多钱，医生他们一定是让我等死而不是治我。	0	0	0	1	0	0	0	0	0	0	0	0
他们就应该去整容，出来吓人干嘛	1	0	0	0	0	0	0	0	0	0	0	0
哈哈，我可真是个大废物，连路过的野狗都能冲过来咬我一口欺负我一下。	0	0	1	0	0	0	0	0	0	0	0	0
我收到了一封的录取通知，告诉我接下来的两年将是纯粹的地狱，现在我很害怕。	0	0	0	0	1	0	0	0	0	0	0	0
他肯定是有外遇了，企图用这样的话术来摆脱我	0	0	0	1	0	0	0	0	0	0	0	0
我一辈子都不可能成功了，我最后会散尽家财而亡。	0	0	0	0	1	0	0	0	0	0	0	0
妈妈根本就不在意我的感受，她只想满足她的控制欲	0	0	0	1	0	0	0	0	0	0	0	0
都怪我太粗心了才会把这么重要的事都忘了	0	0	0	0	0	0	0	0	0	0	0	0
我好崩溃，好无助，不知道自己该干嘛了，也没有人可以帮助我	0	1	0	0	0	0	0	0	0	0	0	0
嘶，好疼，我最怕狗了，怎么这么倒霉啊，这狗的牙齿可真尖	0	0	0	0	0	0	0	0	0	0	0	0
我的疾病给家人带来了困扰，让朋友担心，我对不起他们，我真的很对不起。	0	0	0	0	0	0	0	0	1	0	0	0
每次我一失败父亲就这副表情对我，他永远都不愿意鼓励鼓励我。他肯定觉得我没救了。	0	0	0	1	0	0	0	0	0	0	0	0
什么狗屁公司，这是拿人当数据机器吗，这工作不要也罢	1	0	0	0	0	0	0	0	0	0	0	0
他们肯定不要我了，我只能孤苦无依一个人了，因为我把他们伤害得太深。	0	0	0	1	0	0	0	0	0	0	0	0
我得这个病是要死了吧，完了完了，这可是脑瘤啊，我活不了几天就要死了	0	0	0	0	1	0	0	0	0	0	0	0
我就是个没有的人，我付出这么多还是没有当选主席。	0	0	1	0	0	0	0	0	0	0	0	0
烦死了，开个车还能让别人超过去，遇到这么没素质的司机，我今天一天真是糟糕透了	0	0	0	0	0	1	0	0	0	0	0	0
看别人家的孩子成绩都是一个比一个的好，别的家长心里肯定再说，你看***他的家长还是老师呢，成绩却那样，真叫我面上无光	0	0	0	1	0	0	0	0	0	0	0	0
这不废了吗？我连这么简单的舍友关系都搞不好，那之后的人际关系我也一样搞不定。	0	1	0	0	0	0	0	0	0	0	0	0
狗狗跟着我历尽艰辛，为我做了那么多的事情，积下了那么多的德。	0	0	0	0	0	0	0	0	0	0	0	0
当父亲不对我生气，我才会觉得自己有价值，否则我就是一个无用的存在。	0	0	0	0	0	1	0	0	0	0	0	0
我现在就点个外卖，这样等我到家就可以吃到热乎乎的饭了	0	0	0	0	0	0	0	0	0	0	0	0
我好失败啊，果然像我这样失败的人，根本就不会有公司想接纳我吧	0	0	1	0	0	0	0	0	0	0	0	0
是不是我死了大家就开心了，老板也会很快乐再也不用给我这个废物发工资了。我一定是这个公司的累赘，没有我大家都会更好。	0	1	0	0	0	0	0	0	0	0	0	0
果然，我就是学校里的废物，该被淘汰的那个人。	0	0	1	0	0	0	0	0	0	0	0	0
跟这样的室友生活真烦人，我大学四年生活全被她毁了，一件好事都没有，摆脱不了她我就完蛋了	0	1	0	0	0	0	0	0	0	0	0	0
我再也不要和她们说我的秘密了！什么人啊，什么事都往外说，和她说了她下次一定会再去说给别人听的	0	0	0	0	1	0	0	0	0	0	0	0
友情，那只是年少时的浮云，可有可无，它的存在与否并不能改变我未来孤独的命运。	0	0	0	0	1	0	0	0	0	0	0	0
一直活在这种封闭的与外界没有什么交流的状态里，我还不如一开始就没有来到这个世界上	1	0	0	0	0	0	0	0	0	0	0	0
这次项目要是表现不好，我肯定会丢了工作，所以我绝对不能休息。	1	0	0	0	0	0	0	0	0	0	0	0
街上的人没有在看我把，这附近哪里有卫生间，我赶紧进去换一下	0	0	0	0	0	0	0	0	0	0	0	0
年也是这个样子？我体会到我爸妈当年的感觉了	0	0	0	0	0	0	0	0	0	0	0	0
一旦疫情有所缓解，我相信业务肯定会回暖。	0	0	0	0	0	0	0	0	0	0	0	0
是我无能，总是说错话让别人生气，我真是让人厌恶	0	0	0	0	0	0	0	0	1	0	0	0
我是个另类，是个怪物，连我自己都受不了这样的自己。	0	0	1	0	0	0	0	0	0	0	0	0
居然没有如期推进，我就是是个科研废物，被人嫌弃的人	0	0	1	0	0	0	0	0	0	0	0	0
肯定是因为我的蛋糕做的不好吃，疫情下没人买，疫情之后肯定也不会有人想买我的蛋糕的，都是我的问题	0	0	0	0	0	0	0	0	1	0	0	0
这个工作处理不好的话，领导和同事肯定会笑话我，觉得我没能力	0	0	0	1	0	0	0	0	0	0	0	0
融不进去也没关系，我还有其他朋友，和室友保持正常的室友关系即可	0	0	0	0	0	0	0	0	0	0	0	0
我的家里人都不愿意主动和我联系，他们是不喜欢我了。	0	0	0	0	1	0	0	0	0	0	0	0
每次我准备离开都会有事情发生，这样的事情永无止境，，把我牢牢的锁住	0	1	0	0	0	0	0	0	0	0	0	0
这该死的小偷一定是没父母教育的野种，怎么能干出这么缺德的事。他们都是一群不道德的败类。	0	0	1	0	0	0	0	0	0	0	0	0
分配个工作量都这么不均匀，这家公司一定会完蛋的	0	1	0	0	0	0	0	0	0	0	0	0
表达能力不强是我的客观条件，顺其自然就好	0	0	0	0	0	0	0	0	0	0	0	0
一个生理期就痛得我什么也不想干，我可真是个彻头彻尾的废物。	0	0	1	0	0	0	0	0	0	0	0	0
就和我一个人这样吧，就会挑软柿子捏	0	0	0	0	0	0	0	0	0	0	0	0
我对孩子有很高的期望，我希望孩子能变得更好。	0	0	0	0	0	0	0	0	0	0	0	0
如果能提前洞察，我绝不会选择在这样一家距离遥远的公司工作，每日疲于奔命，工作繁重，无疑就是他们对我敌视的体现。	0	0	0	0	0	0	0	0	1	0	0	0
遇到这种不好处理的情况了，我好烦躁。	0	0	0	0	0	0	0	0	0	0	0	0
我感觉每个人都讨厌我。 我觉得我一文不值，一无是处。	0	0	0	1	0	0	0	0	0	0	0	0
嗯？电话响了？不是我的就行，接着谈我们的事吧，赶紧谈赶紧完事了。	0	0	0	0	0	0	0	0	0	0	0	0
我就是个事妈，怎么这点工作压力都承受不了，不就是早到吗	1	0	0	0	0	0	0	0	0	0	0	0
唉，怎么就定不上呢，我也太倒霉了	0	0	0	0	0	0	0	0	0	0	0	0
社团的新环境中我没有找到朋友，或许我应考虑调整自己的方式来结交新朋友。	0	0	0	0	0	0	0	0	0	0	0	0
都怪我没跟医生说清楚我的症状，我还不会描述我的情况，才让他们到现在都没查出来我的病。	0	0	0	0	0	0	0	0	1	0	0	0
奇怪，我到底把它放哪去了？明明记得就在这里的啊，好奇怪，怎么找不到了	0	0	0	0	0	0	0	0	0	0	0	0
我太懦弱，太好欺负了，孩子们看不起我，同事们也挤兑我，无论在哪我都没有一点点发言权。	0	0	0	0	0	0	0	0	1	0	0	0
或许是我最近没睡好？	0	0	0	0	0	0	0	0	0	0	0	0
我看着账户上越来越少的钱，我哭了很久，我觉得生活的一切都是在针对我，	1	0	0	0	0	0	0	0	0	0	0	0
空虚的心，破碎的心，伤痕累累的心，无望的心，我的心情一片痛苦。	1	0	0	0	0	0	0	0	0	0	0	0
自己的身材都管理不好，我还能做好什么事情呢？我知道的，我什么都做不好，坚持不下来，再努力也是白费！	0	0	0	0	0	1	0	0	0	0	0	0
现在发个文件给老师能搞错，将来发文件参加比赛什么的说不定也能搞错，我这一辈子都要被粗心困扰了	0	0	0	0	1	0	0	0	0	0	0	0
不要紧，只是一次小插曲，看在那个车主可能有急事的份上，我就原谅他好了。	0	0	0	0	0	0	0	0	0	0	0	0
我十分害怕，即使父母一直在安慰我，我仍旧就无法接受这个事实，我是一个精神疾病患者。	1	0	0	0	0	0	0	0	0	0	0	0
如何面对这个意外的局面？我该如何应对？爸爸妈妈会离婚吗？	0	0	0	0	0	0	0	0	0	0	0	0
我始终无法原谅自己，过错都在我身上。	0	0	0	0	0	0	0	0	1	0	0	0
我的家人从来不关心我，对于他们而言我只是可有可无的存在吧，或许是累赘也说不定。	0	0	0	1	0	0	0	0	0	0	0	0
哎，没保存也没办法，趁着还有点时间，我还记得大概内容，再重新做一个吧。	0	0	0	0	0	0	0	0	0	0	0	0
如果我输掉官司我的人生就毁了，我再也没法当律师了	0	0	0	0	0	1	0	0	0	0	0	0
与人相处太麻烦了，还是一个人比较舒服，我不需要跟人相处。	1	0	0	0	0	0	0	0	0	0	0	0
竞选失败的滋味也太难受了，我根本不适合参加竞选，它只会让我感到痛苦。	0	0	0	0	0	1	0	0	0	0	0	0
全世界的父母都是一样的，他们只关心我们的缺点和错误，从来不会夸奖我们做对的事情！	0	1	0	0	0	0	0	0	0	0	0	0
我啥也学不明白，基本上不知道什么时候可以再做这些事情，想知道有什么意义。	0	0	0	0	1	0	0	0	0	0	0	0
偏偏上天把这两件事安排到一起，我就是不值得一个好运气	0	0	0	0	0	0	0	0	1	0	0	0
这不是我的错，我要振作起来，没什么大不了的。	0	0	0	0	0	0	0	0	0	0	0	0
他是在尽力更正我们这段关系中不正确的地方，他心里是想维持这段关系的	0	0	0	0	0	0	0	0	0	0	0	0
我一点也不想接下这个任务，这简直就是借刀杀人的实验，他就是想用这个实验来嘲笑我	1	0	0	0	0	0	0	0	0	0	0	0
错过这次升职机会，我真就是彻底失败了	0	0	0	0	0	1	0	0	0	0	0	0
一个漆黑的深洞，无尽的。 无尽的回忆和叙述，但接受并为重新开始和新的希望而高兴。	1	0	0	0	0	0	0	0	0	0	0	0
我现在经营不好蛋糕店，说明我的能力有问题，以后肯定也经营不好，我就是工作能力有问题	0	1	0	0	0	0	0	0	0	0	0	0
被老师批评好羞愧。我要化悲愤为力量，好好表现。	0	0	0	0	0	0	0	0	0	0	0	0
这件事情很难，我不想继续浪费时间了，放弃这项任务吧	0	0	0	0	0	0	0	0	0	0	0	0
我可是靠这个工作养家糊口的，要是在新岗位出了差错，饭碗也丢了，家人也跑了，我就不会再有今天的好运了	0	0	0	0	1	0	0	0	0	0	0	0
我没有学习的天赋，生的这么笨，考试永远都不会有好成绩。	0	1	0	0	0	0	0	0	0	0	0	0
我这么没用无能，他们还不如没有我中国累赘呢。	1	0	0	0	0	0	0	0	0	0	0	0
我的妆都花了，路人肯定都在心里笑话我，太丢脸了，我想马上逃回家。	0	0	0	1	0	0	0	0	0	0	0	0
我怎么不定个闹钟再睡！我真蠢，被骂也是活该，一点自知自明都没有。我根本就是一个愚蠢的懒鬼。	0	0	1	0	0	0	0	0	0	0	0	0
知道你为什么买不到蛋糕吗？因为你是个干啥啥不行的蠢货，不配用蛋糕来犒劳自己	0	0	1	0	0	0	0	0	0	0	0	0
急死我了，我就说骑电瓶车比开车方便吧	1	0	0	0	0	0	0	0	0	0	0	0
我完全就是失宠了，我这个讨厌的孩子的世界里只有奔溃，我从来没被疼爱过	0	0	0	0	0	1	0	0	0	0	0	0
都怪我懦弱不堪，承受了过多的任务却没勇气反驳，我真的活该被人欺负。	1	0	0	0	0	0	0	0	0	0	0	0
是不是我昨天吃饭的时候说了什么让她不舒服了？还是我做了什么事让她觉得我是个不值得交的朋友？她才连吃饭都不愿意来。	0	0	0	0	0	0	0	0	1	0	0	0
我的妈妈是世界上最烂的妈妈，她根本不在乎我的感受	1	0	0	0	0	0	0	0	0	0	0	0
我得管住嘴啊，要不然怎么减肥啊。	0	0	0	0	0	0	0	0	0	0	0	0
好了，被卡这一下，我的坏运气就全被带走了，剩下的都是好运了！	0	0	0	0	0	0	0	0	0	0	0	0
儿时那么纯粹的梦想现在却已被我抛在了脑后，为了那微不足道的几两金银疲于奔命，我真是个功利主义者	0	0	1	0	0	0	0	0	0	0	0	0
我又胖又难看，还做梦想嫁给王子，真是癞蛤蟆想吃天鹅肉。	0	0	0	0	0	1	0	0	0	0	0	0
学分绩又下降了，我已经看不到我的未来了，我很害怕，这个问题无法解决	1	0	0	0	0	0	0	0	0	0	0	0
最近经常头晕，感觉身体状况糟透了，领导一定会开除我这种体质差的人。	0	0	0	0	1	0	0	0	0	0	0	0
我总是败者，如果我早上醒来心情好，那么肯定会有什么事情发生，我又回到了起点。	0	0	0	0	1	0	0	0	0	0	0	0
他们肯定是故意让我难堪的，为了让我在大家面前出丑！	0	0	0	1	0	0	0	0	0	0	0	0
我已经赶不上他们的效率了，我已经是个不中用的废物了	0	0	1	0	0	0	0	0	0	0	0	0
他生气的时候，我明白是因为爸爸担心我在夜晚的外面不安全，他真的很爱我。	0	0	0	0	0	0	0	0	0	0	0	0
我太过冲动，如果我当时能够谨慎一点，多思考一下，可能就不会有今天的结果了。我真是恨死我自己了。	0	0	0	0	0	0	0	0	1	0	0	0
我就出来吃个饭都能这么倒霉，我以后肯定做什么都很倒霉。这倒霉的生活永无止境。	0	1	0	0	0	0	0	0	0	0	0	0
我在家里一直被亲戚催找工作，他们下次见到我一定会对我破口大骂，我感到无比抓狂。	0	0	0	0	1	0	0	0	0	0	0	0
如果我可以分裂出另外一个人格，这样，就不会孤单了	1	0	0	0	0	0	0	0	0	0	0	0
我甚至无法控制自己的体重，生活对我来说已经失去了所有的意义，我无法找到任何生存的理由。	0	0	0	0	0	1	0	0	0	0	0	0
每天白天做的坏事总是在这个时候报复我让我睡不着	0	0	0	0	0	0	0	0	1	0	0	0
我是一个什么都搞不定的大傻瓜！	0	0	1	0	0	0	0	0	0	0	0	0
我刚加入这个社团，我要多和别人交流，尽快交朋友	0	0	0	0	0	0	0	0	0	0	0	0
我要努力学习，丰富自己，争取下一次奖学金。	0	0	0	0	0	0	0	0	0	0	0	0
还好我被救生员救上来了，及时止损了。	0	0	0	0	0	0	0	0	0	0	0	0
虽然只是轻度精神疾病，但它不会痊愈的，它一定会伴随着我一辈子的	0	0	0	0	1	0	0	0	0	0	0	0
起早贪黑的工作，疯狂加班，感觉身心俱疲，哎，生活真不容易啊。	0	0	0	0	0	0	0	0	0	0	0	0
这么不顾及别人感受的人惹不起躲得起，去别的地方学吧	0	0	0	0	0	0	0	0	0	0	0	0
这么多的工作我要做到什么时候去，每天都是这样枯燥乏味无趣的痛苦生活	0	1	0	0	0	0	0	0	0	0	0	0
连和室友的关系都处理不好干脆，死了得了。	0	0	0	0	0	1	0	0	0	0	0	0
就算我继续努力也赶不上他们的工作效率，所以不如继续摆烂	0	0	0	0	1	0	0	0	0	0	0	0
老师是因为信任我，但我这样的人一定会辜负她的信任	1	0	0	0	0	0	0	0	0	0	0	0
他给这个家带来的快乐很少，痛苦却很多，在东亚家庭环境中父亲总是扮演这样的角色	1	0	0	0	0	0	0	0	0	0	0	0
这狗怎么这不长眼色，见人就咬。	0	0	0	0	0	0	0	0	0	0	0	0
经历持久的疼痛后，我前往医院进行诊疗。诊断结果表明只是轻度的肌肉酸痛，于是我安心接受治疗。	0	0	0	0	0	0	0	0	0	0	0	0
我身边的人肯定都会指责我没照顾好它	0	0	0	1	0	0	0	0	0	0	0	0
无论我多么努力成为一个优秀的学生，一个乐于助人的朋友，别人都不会真正喜欢我 ，没有人在乎我的存在。我没有真正的朋友，也从未谈过恋爱。	0	0	0	0	1	0	0	0	0	0	0	0
无论我做什么，都无法成功。我的世界，就像瓦解的玻璃，碎片残酷地割伤我。	0	0	0	0	0	1	0	0	0	0	0	0
我什么都比不上他的，就算在一起，也只是无尽的痛苦	0	1	0	0	0	0	0	0	0	0	0	0
我真没用，身体这么差，隔三差五就要生病。	0	0	1	0	0	0	0	0	0	0	0	0
生物钟混乱了，我明天上班一定会很疲惫，效率也一定很低下	0	0	0	0	1	0	0	0	0	0	0	0
预计中的奖学金落空了，那么我努力学习的原因究竟是什么呢？	1	0	0	0	0	0	0	0	0	0	0	0
我身体本身就有问题，这才会轻轻摔一下就骨折了。我的身体是不堪一击的。	0	1	0	0	0	0	0	0	0	0	0	0
要不就是说我不能成功呢，我连早起都做不到	0	1	0	0	0	0	0	0	0	0	0	0
兄弟姐妹都那么有才，他们肯定都在心里看不起我，觉得我一事无成，根本不愿意和我玩。	0	0	0	1	0	0	0	0	0	0	0	0
我以前从来没出现过这种症状，也许我应该去医院做个检查。	0	0	0	0	0	0	0	0	0	0	0	0
糟了，肯定是游戏导致的，所有的游戏都会让人沉迷进去！我可不能再碰游戏了，游戏会毁了我的一辈子！	0	1	0	0	0	0	0	0	0	0	0	0
没有钱了，老婆和孩子知道我赌博了，一定会把我清理门户，我做了错事，他们肯定不会再原谅我了，父母肯定也会觉得有我这个儿子，他们面上无光	0	0	0	0	1	0	0	0	0	0	0	0
只要参加了就一定会失败，那我为什么还要去参加呢？我根本就不值得成功。	0	0	0	0	1	0	0	0	0	0	0	0
就当加餐了，能补充蛋白质	0	0	0	0	0	0	0	0	0	0	0	0
好羡慕他们这么自律，要请他们带带我，早起的时候也叫叫我，不能继续堕落下去了。	0	0	0	0	0	0	0	0	0	0	0	0
没有吧，我看我脸色挺好的啊	0	0	0	0	0	0	0	0	0	0	0	0
我只有在化妆时才会得到赞美，这让我感到我非常丑陋。	0	0	0	0	0	1	0	0	0	0	0	0
过度干涉真的不是很好的相处状态，我找个时间和他们好好谈谈吧。他们肯定会觉得我是个不懈感恩的孩子，想要摆脱他们。	0	0	0	0	0	0	0	0	0	0	0	0
我不足以抵挡淘汰的洪流，因为我本人能力太过匮乏。	0	0	0	0	0	0	0	0	1	0	0	0
它脏了，就算洗干净了也是脏了，一切都改变不了了，被衣服掩盖的我也是一样的脏	0	0	0	0	1	0	0	0	0	0	0	0
虽然不是亲生孩子，但是这么多年来爸爸妈妈一直把我当亲生孩子看待，这个其实无所谓了	0	0	0	0	0	0	0	0	0	0	0	0
怎么对他们培养都得不到好，大不了彻底不管他们。	1	0	0	0	0	0	0	0	0	0	0	0
我现在去上学然后好好跟老师道歉，没准还有挽回的余地	0	0	0	0	0	0	0	0	0	0	0	0
我的朋友太可爱了，我向她要了 Moana 的圣诞节配乐，她给了我一张带有礼品卡的卡片和 th httpstcoFWpmGGHKc	0	0	0	0	0	0	0	0	0	0	0	0
熬夜开黑一时爽，早起眼干火葬场，我真是自作孽呜呜呜呜	0	0	0	0	0	0	0	0	0	0	0	0
上有老下有小，真的好难啊，全世界的中年人都被生活压迫的想死	0	0	0	0	1	0	0	0	0	0	0	0
我真是个灾星，肯定是我克死了他，我就不应该跟他在一起，要不是遇上我，他肯定有更长更好的人生	0	0	0	0	0	0	0	0	1	0	0	0
他一点都不帮我，任我自生自灭还要来踩一脚，我感觉自己在泥潭里越陷越深，就让我沉下去吧。	0	1	0	0	0	0	0	0	0	0	0	0
我毛手毛脚的，简简单单的发个文件都能搞错，我真是个蠢蛋	0	0	1	0	0	0	0	0	0	0	0	0
一切责任均在我，对方的评论刺痛了我的自尊，一定是我做的太差了，他才这么说的。	0	0	0	0	0	0	0	0	1	0	0	0
他或许是遇到什么烦心事没心情和我打招呼吧，希望他没遇到什么大事	0	0	0	0	0	0	0	0	0	0	0	0
同行肯定会抓着我输掉的官司不放来打压我，所以我一定不能输官司	0	0	0	0	1	0	0	0	0	0	0	0
在别人表演时我尴尬的要命，一定是亲戚们都对我投来了鄙视的目光，以后再也不要参加这种场合了	0	0	0	1	0	0	0	0	0	0	0	0
我咋还在纠结啊，我真是一个畏手畏脚的胆小的人	0	0	1	0	0	0	0	0	0	0	0	0
凌晨三点起床，脑袋都是昏昏沉沉的，很累，一动也不想动	0	0	0	0	0	0	0	0	0	0	0	0
父母的期望压在我身上，我必须挺直腰板。	0	0	0	0	0	0	0	0	0	0	0	0
去后面听课也挺好，距离老师还比较远，这样我没有听课他也不知道，哈哈哈。	0	0	0	0	0	0	0	0	0	0	0	0
呵呵，我的外卖在南方根本就没丢过，东北人就是素质差！连外卖都要偷！落后地区就是这样，穷山恶水养刁民！	0	1	0	0	0	0	0	0	0	0	0	0
学习是我的责任，我要让父亲看到我的改变。	0	0	0	0	0	0	0	0	0	0	0	0
我怎么好不容易有一个朋友还这样啊，我真是失败	0	0	0	0	0	1	0	0	0	0	0	0
为什么天空不能不下雨，好让我路考顺利进行。现在我要失败了	0	0	0	0	1	0	0	0	0	0	0	0
他最近更年期了，我不能跟他一样。	0	0	0	0	0	0	0	0	0	0	0	0
怎么会这样，父亲一直都是憨厚老实，我无法理解他为什么会做出这样的行为。	0	0	0	0	0	0	0	0	0	0	0	0
这世界的公司一个样都是这么烂，根本配不上我	1	0	0	0	0	0	0	0	0	0	0	0
他要跟我绝交，我不应该跟他吵架的，我这么可以跟他吵架呢，都是我不好，我不应该和他吵架的，都是我的错。	0	0	0	0	0	0	0	0	1	0	0	0
我和家人抱怨此事，他们却只是冷嘲热讽，无尽的压力将我压垮，我认为只有自杀才能得到真正的快乐。	1	0	0	0	0	0	0	0	0	0	0	0
同事这么努力，我也不可能被拉下，我也要比他们更努力。加油！	0	0	0	0	0	0	0	0	0	0	0	0
偏偏等要下班了给我新任务，领导或同事真是一个不讲究的坏蛋	0	0	1	0	0	0	0	0	0	0	0	0
我的妻子要是知道我支付不起彩礼钱，一定会打心底瞧不起我吧！	0	0	0	0	1	0	0	0	0	0	0	0
常常觉得，我要是个男孩，他们肯定会高兴得合不拢嘴，找各种方式去宠爱我。	0	0	0	0	0	0	0	0	1	0	0	0
几个小时前我完全打算上床睡觉，但我想我现在还不如再睡几分钟。	0	0	0	0	0	0	0	0	0	0	0	0
我受到过侵犯，我不配再爱了，也不配接受别人的爱。	0	0	0	0	0	1	0	0	0	0	0	0
我不能任人欺负，我要用合理合法的方式反抗	0	0	0	0	0	0	0	0	0	0	0	0
上次去的医院看起来就不靠谱，周末还是去大医院仔细检查一下吧。	0	0	0	0	0	0	0	0	0	0	0	0
太伤心了，我们是最好的朋友，她怎么能说出那样的话	0	0	0	0	0	0	0	0	0	0	0	0
室友本来学习比我好还比我努力，我永远也不可能比他们学的好	0	1	0	0	0	0	0	0	0	0	0	0
学区房也太贵了吧，单凭工资根本负担不起，怎么办啊，唉，真懊恼，要不上次王总说的那批货就接下来吧，虽然有被抓住的危险，但收益却很惊人	1	0	0	0	0	0	0	0	0	0	0	0
我的薪酬虽不丰厚，但我对物质的欲望并不强烈。只要家人围桌欢声笑语，这就是我心中的幸福。	0	0	0	0	0	0	0	0	0	0	0	0
我的眼睛为什么不能再大一点，鼻子再高一点，这样大家都会喜欢上我了。如果我长得更好看，我的人生就会完美了。	0	0	0	0	0	1	0	0	0	0	0	0
我的妻子能力真强，她这么优秀，我能娶到他可真是幸福啊	0	0	0	0	0	0	0	0	0	0	0	0
孩子以后也就是这样的成绩，他就是学不好习，永远只能考这么低的分数，我就是这样的命运。	0	1	0	0	0	0	0	0	0	0	0	0
我竟然连这么简单的事都说不明白，这么简单的话都听不懂，我活着还有什么意思。	0	0	0	0	0	1	0	0	0	0	0	0
以后再也不能走这条路了，不然肯定又要被狗咬	0	1	0	0	0	0	0	0	0	0	0	0
他们交流都要吵架，好好交流也不听，真的委屈。	0	0	0	0	0	0	0	0	0	0	0	0
这次考得这么差，回到家拿出成绩单的那一刻爸妈肯定会狠狠的批我一顿	0	0	0	0	1	0	0	0	0	0	0	0
妈妈竟然连自己规划未来的权力都不给我，我连试错的机会都没有了，我注定做不了自己想做的事情	0	0	0	0	1	0	0	0	0	0	0	0
我在家就是个拖累，家里经济条件本来就不好，我还不能赚钱只能花钱，我真没用，对不起我父母	0	0	0	0	0	0	0	0	1	0	0	0
难道是我最近做了什么恶事错事，才让我这几天都倒霉透顶。我肯定受到了什么惩罚，这个世界一定在惩罚我。	0	0	0	0	0	0	0	0	1	0	0	0
如果得不到父母的原谅，我就注定一辈子痛苦，我真不配活在这个世界上。	0	0	0	0	0	1	0	0	0	0	0	0
我就是个社交废物。	0	0	1	0	0	0	0	0	0	0	0	0
我是不是脑子生了什么病	0	0	0	0	1	0	0	0	0	0	0	0
就像现在这样，我总是经常给别人带来麻烦。	0	1	0	0	0	0	0	0	0	0	0	0
人活着到底是为了什么呢，就为了受这些苦难才活着的吗	1	0	0	0	0	0	0	0	0	0	0	0
小孩子真是无法理解我们工作的忙碌，他们只想找人陪玩，跟他们解释也没用，他们根本不会懂得体谅我们。	0	1	0	0	0	0	0	0	0	0	0	0
电影里的温暖情节和反派改正简直就是瞎扯，我最讨厌这种情节里	1	0	0	0	0	0	0	0	0	0	0	0
救命，每次想着多睡一会的结果一定是会迟到！下次再也不要偷懒了。一旦犯错，就注定会一直重复这个错误，我无法改变。	0	1	0	0	0	0	0	0	0	0	0	0
他现在都还没有来，看来，以后他是不愿意跟我一起完了，他不想有我这个朋友了。他肯定是讨厌我了。	0	0	0	1	0	0	0	0	0	0	0	0
不行，抽筋了，得赶紧上岸休息一会，再在水里呆着可能会出问题	0	0	0	0	0	0	0	0	0	0	0	0
这么多的工作量简直是打消工作热情的最好方法	0	0	0	0	0	0	0	0	0	0	0	0
我从前对人那么温和有礼貌都是错的，我要也要对别人恶语相向，我要报复	0	0	0	0	0	1	0	0	0	0	0	0
最近的状况让我困扰，或许我应该去医院进行检查，以求心安。	0	0	0	0	0	0	0	0	0	0	0	0
抱歉，下次我会保证花更多的时间陪伴孩子，我实在是太忙了。	0	0	0	0	0	0	0	0	0	0	0	0
和家人的交流真的挺少的，有时候感觉还挺孤立无援的。	0	0	0	0	0	0	0	0	0	0	0	0
职场到处都是内卷行为，工作真是太可怕了，拒绝竞争。	0	1	0	0	0	0	0	0	0	0	0	0
沮丧、感觉自己一文不值、不被爱，就像坏事永远不会停止发生在我身上。	0	1	0	0	0	0	0	0	0	0	0	0
真是令人尴尬，怎么打招呼这么难呢！	0	0	0	0	0	0	0	0	0	0	0	0
我的大脑长了一个肿瘤，完了，天塌下来了，我的精彩人生结束了。我的人生到此为止了。	0	0	0	0	0	1	0	0	0	0	0	0
他还把我当知心好友和我说他的想法，它果然是个自以为是的人。	0	0	1	0	0	0	0	0	0	0	0	0
老师是针对我，没带作业只是他惩罚我的理由	0	0	0	1	0	0	0	0	0	0	0	0
女儿跟我有隔阂了，我什么都做不到，我只能在这干担心，我太没用了。	0	0	0	0	0	1	0	0	0	0	0	0
我的孩子怎么会变成这样，他们小时候那么可爱乖巧。我真是个失败者，我连孩子都教不好，孩子变成这么没礼貌的样子都怪我没有教育好他们，我真有罪过啊。	0	0	0	0	0	0	0	0	1	0	0	0
连做孩子都这么差劲，对父母这么不好，我长大了肯定也是个差劲的人。	0	0	1	0	0	0	0	0	0	0	0	0
我这么难受，我不能让别人好受，我要到商场里，我要把病毒传给更多的人	1	0	0	0	0	0	0	0	0	0	0	0
这件事肯定已经传得人人皆知了，他会因此而厌恶我，甚至可能会在公开场合与我划清界限。	0	0	0	0	1	0	0	0	0	0	0	0
跟我关系好的朋友都很宅，不出来也正常。	0	0	0	0	0	0	0	0	0	0	0	0
都说福无双至祸不单行，接下来肯定还有更坏的事等着我	0	0	0	0	1	0	0	0	0	0	0	0
又饿又渴又累，快撑不住了，上帝是故意和我作对吧。这简直是一场折磨！	1	0	0	0	0	0	0	0	0	0	0	0
害怕看到时钟跳到0: 非此即彼0: 非此即彼：0: 非此即彼0: 非此即彼，害怕第二天的太阳升起，不敢面对第二天。	1	0	0	0	0	0	0	0	0	0	0	0
坏，抽筋游不动了，我的朋友们肯定会想我跟个傻子一样停在中间是要干嘛	0	0	0	1	0	0	0	0	0	0	0	0
每次和她交流都会吵起来，我是真的很讨厌她，天哪，完全不可能和她产生有效交流吧	0	0	0	0	0	1	0	0	0	0	0	0
父母过问我是因为觉得我不让人放心，我有时候挺粗心大意的。	0	0	0	0	0	0	0	0	1	0	0	0
半年都没工作了，每天走在街上，都感觉那些人特别瞧不起我，用异样的眼光看我，真让人心烦！	0	0	0	1	0	0	0	0	0	0	0	0
让父母失望有点伤心，虽然他们不太满意，但这不代表我能力不足，我以后继续努力就好，相信自己！	0	0	0	0	0	0	0	0	0	0	0	0
都是因为我这个人意志力太差，所以才会这么胖	0	0	0	0	0	0	0	0	1	0	0	0
我处于被遗弃的孩子的状态，整天都在经历闪回，大哭不止，不想独处，但又害怕人群。	1	0	0	0	0	0	0	0	0	0	0	0
连一块饼干的诱惑都忍受不了，将来有更大的诱惑我也不可能忍住。	0	1	0	0	0	0	0	0	0	0	0	0
人家只是今天恰巧有事而已，我自己一个人也可以很开心地享受午餐	0	0	0	0	0	0	0	0	0	0	0	0
我已经连续好几天在凌晨醒来了，睡眠状态差似乎已经成为我生活的常态，并且将一直延续下去了	0	1	0	0	0	0	0	0	0	0	0	0
我已经当老师很久了，我害怕今天上课，今天的课程一定会很糟糕。	0	0	0	1	0	0	0	0	0	0	0	0
我真马虎，都怪我没有及时保存，我怎么连这种小事都做不好，现在这样都是我自作自受	0	0	0	0	0	0	0	0	1	0	0	0
我的孩子不听我的话，都是因为我太无能，我一点威信都没有。	0	0	0	0	0	0	0	0	1	0	0	0
外面是出了什么事吗？怎么大家都不在？我要不要出去看一看啊	0	0	0	0	0	0	0	0	0	0	0	0
太心疼了，我的存款全都没了。我以后投资一定要小心谨慎，再也不能让自己损失这么多钱了。	0	0	0	0	0	0	0	0	0	0	0	0
大家都是独立的个体，缺少联系就缺少吧	0	0	0	0	0	0	0	0	0	0	0	0
家人朋友们都在帮我走出困境，但我还是很难受，接受不了他的离开。	0	0	0	0	0	0	0	0	0	0	0	0
这样的人肯定无人喜欢，他们的存在总让人感到不舒服，我相信他们会孤独终老。	0	1	0	0	0	0	0	0	0	0	0	0
还不是为了在亲朋好友面前显摆自己有个好孩子，真恶心。	0	0	0	1	0	0	0	0	0	0	0	0
我的同事嘲笑我，今天顶着个黑眼圈吃饭。	0	0	0	0	0	0	0	0	0	0	0	0
没有人懂我，他们只会对我指指点点，议论纷纷，笑话我，指责我。	0	0	0	1	0	0	0	0	0	0	0	0
看着父母的辛劳，全都是因为我没能挣钱养家，我感到羞愧和自责。	0	0	0	0	0	0	0	0	1	0	0	0
我好害怕医院会不会没有认真检查我	0	0	0	0	0	0	0	0	0	0	0	0
跟她讲讲我的想法，我们一起讨论，比较利弊，做出最好的选择。	0	0	0	0	0	0	0	0	0	0	0	0
天哪，好险好险，差点就要出事了，还好我机灵，咳了出来，我真是太幸运了！	0	0	0	0	0	0	0	0	0	0	0	0
我一定要更加努力才可以，争取下次考得更好	0	0	0	0	0	0	0	0	0	0	0	0
疫情是不会结束的，永远不会，这种活生活太可怕了，我要离开他。	1	0	0	0	0	0	0	0	0	0	0	0
我就是他们说的娘炮吧，不够强壮高大，我这个样子根本没法保护我身边的人。	0	0	1	0	0	0	0	0	0	0	0	0
我这辈子永远都不可能得到别人的关爱了，连我最爱的家人们也不关心我	0	1	0	0	0	0	0	0	0	0	0	0
没有人能够理解我，他们都恨我，他们想晚上杀了我。	0	0	0	0	1	0	0	0	0	0	0	0
她大概今天没空来找我去吃饭吧，整挺好，刚好可以自己去吃那家她不喜欢的牛肉面啦！	0	0	0	0	0	0	0	0	0	0	0	0
令老师生气、父母感到羞愧的错误行为，全都是我一手造成的。	0	0	0	1	0	0	0	0	0	0	0	0
在新环境里我很难适应，我会一直在这样的压抑环境里生活了	0	1	0	0	0	0	0	0	0	0	0	0
全天下家长一个样，他们不会满足的	1	0	0	0	0	0	0	0	0	0	0	0
我拒绝她次数一多，我们的关系就会渐行渐远，但时候朋友就做不成了	0	1	0	0	0	0	0	0	0	0	0	0
无论做什么都是一场空，我已经一无是处，前方的道路看不见任何光明，我的生命已经失去了希望。	0	0	0	0	0	1	0	0	0	0	0	0
浓缩的才是精华，尽管有点难受，但我相信矮也会有好处的	0	0	0	0	0	0	0	0	0	0	0	0
不气不气，也不是和她过日子，一年也就一起呆这么两天，忍一忍就过去了。	0	0	0	0	0	0	0	0	0	0	0	0
我的论文还有很多不足，需要再花时间去改改，要多咨询他们的意见。	0	0	0	0	0	0	0	0	0	0	0	0
如果我不能集中注意力，我就再也无法成为自己理想中的样子。	0	0	0	0	0	1	0	0	0	0	0	0
一般都是她主动来找我的，没找我可能就是有事，不用担心了。	0	0	0	0	0	0	0	0	0	0	0	0
从我来到这家公司开始，我就一直被他这样针对，以后也不知道什么时候是个头	0	1	0	0	0	0	0	0	0	0	0	0
我还是回老家吧，大城市的快节奏生活压力我承受不了，我终究走不出我本来的城市，这就是证据	0	0	0	0	1	0	0	0	0	0	0	0
抽筋这事一定要注意，我以后游泳一定要小心	0	0	0	0	0	0	0	0	0	0	0	0
这家不行，就找下一家，这几年来我踏踏实实地学过专业了，也得了一些奖，一定会有公司慧眼识珠的！	0	0	0	0	0	0	0	0	0	0	0	0
哎，没办法，只能花钱再点一份了，这种小事情报警了也不会有警察管的，只能自认倒霉	0	0	0	0	1	0	0	0	0	0	0	0
我无数次的辅导他还是只考了7: 非歪曲0: 非此即彼分，如果没我辅导，他可能连1: 情绪化推理0: 非此即彼分都拿不到，这个孩子真是像他爸一样，他们一家人都是废物，笨的可以。	0	0	1	0	0	0	0	0	0	0	0	0
我每时每刻都为我的相貌而烦恼，这将成为我的心病	0	1	0	0	0	0	0	0	0	0	0	0
他这么恶毒吗，都能在我面前说出这种话，他在背后肯定说得也不算少了吧。	0	0	0	1	0	0	0	0	0	0	0	0
我都这么大年纪了还没买房，所有人都在嘲笑我的无能	0	0	0	1	0	0	0	0	0	0	0	0
慢慢来，总有人要经历这一步的，逐渐锻炼自己，提升自己的能力	0	0	0	0	0	0	0	0	0	0	0	0
无论何时，都会觉得是自己太迟钝了，动作不够迅速，说话也不够直接，所以人们都对我不屑一顾。	0	0	0	0	0	0	0	0	1	0	0	0
这也太无理取闹了，我好心来安慰你你给我整这出？得，我懂了，我以后远离，人生真理就是别靠近无理取闹的人	0	0	0	0	0	0	0	0	0	0	0	0
我以后的女朋友肯定会因为我的身高瞧不起我	0	0	0	0	1	0	0	0	0	0	0	0
我家里人一再提醒我别在外面吃饭，我非不听，这也是我咎由自取	0	0	0	0	0	0	0	0	1	0	0	0
每一次都这样，从来所有人没有履行过自己的承诺，真无语，放鸽子上瘾是吧？	0	1	0	0	0	0	0	0	0	0	0	0
为什么我会有这样一个爸爸，我这辈子都会在他的阴影下生活，永远无法摆脱他的影响。	0	1	0	0	0	0	0	0	0	0	0	0
她看起来可能更加愤怒，但只要找到出口，就能解决这个问题，毕竟有时候释放一下负面情绪也是必要的。	0	0	0	0	0	0	0	0	0	0	0	0
我真的没有办法，我改不了，我试了很多次了，但还是不行，我大概会一直这个样子了	1	0	0	0	0	0	0	0	0	0	0	0
我和她之间可能有一些差距，但我清楚地知道我自己的魅力，我相信所有的问题都将得到解决。	0	0	0	0	0	0	0	0	0	0	0	0
完蛋了，我怎么这么健忘，我真没用，看来我根本没法胜任这个工作。	0	0	1	0	0	0	0	0	0	0	0	0
他讨厌我，所有人都讨厌我，这样活下去已经毫无意义可言了	0	0	0	0	0	1	0	0	0	0	0	0
都怪我不好好收拾屋子，如果我放好的话，肯定不会找不到，我真是太没用了。	0	0	0	0	0	0	0	0	1	0	0	0
她又和男朋友吵架了吧，早知道那个男人不是什么好东西，劝都劝不住，还不能说，一说还和我急。	0	0	0	0	0	0	0	0	0	0	0	0
他就是那我当出气包，生我就是为了折磨我	0	0	0	1	0	0	0	0	0	0	0	0
他要么和我上床，要么我就不关心，事情就是这样。	0	0	0	0	0	1	0	0	0	0	0	0
连朋友都拒绝，我真是个铁石心肠的人，没有人愿意和我这样的人相处。	0	0	1	0	0	0	0	0	0	0	0	0
我或许容貌平平，但我的智慧和勤奋会让我长久的闪耀，因为美貌终会消逝，只有智慧能永恒。	0	0	0	0	0	0	0	0	0	0	0	0
今天他是怎么了，是不是生病了，不舒服，不行我得去看看她。	0	0	0	0	0	0	0	0	0	0	0	0
我其实也有做的不对的地方，我应该跟他们道个歉，一家人和和气气最重要。	0	0	0	0	0	0	0	0	0	0	0	0
我要是表现不好，领导肯定会说我没用的	0	0	0	0	1	0	0	0	0	0	0	0
我连按时上班这种事情都做不好，还不如躺在家里混吃等死，这儿各公司我是呆不下去的	1	0	0	0	0	0	0	0	0	0	0	0
最近和舍友经常有矛盾，因为我是多么的一文不值，甚至没有人会注意到我已经离开了。	0	0	0	0	0	0	0	0	1	0	0	0
天气预报也不能全信，以后出门还是多倍小心吧	0	0	0	0	0	0	0	0	0	0	0	0
我要是出门前听妈妈的话带上雨伞就好了，现在后悔有什么用，都是我自作自受，我真活该。	0	0	0	0	0	0	0	0	1	0	0	0
才几周没联系而已，我们可是有着两年的友谊呢	0	0	0	0	0	0	0	0	0	0	0	0
我的父亲是一直都不喜欢我的，我只会让他操心	0	0	0	1	0	0	0	0	0	0	0	0
压力很大，也没休息好，感冒趁虚而入了。不过，否极泰来，我相信只要脚踏实地，一切都会越来越好！	0	0	0	0	0	0	0	0	0	0	0	0
打官司太可怕了，我无法克服我内心的恐惧，我承受不了，我还是去做其他行业吧。	1	0	0	0	0	0	0	0	0	0	0	0
有压力才会更有动力，我要继续努力呀	0	0	0	0	0	0	0	0	0	0	0	0
如果你爱的不是我，会少很多麻烦，我很抱歉。	0	0	0	0	0	0	0	0	1	0	0	0
我为了这个项目熬了一周的夜，结果奖赏是别人的，那我这段时间的努力还有什么意义？	0	0	0	0	0	1	0	0	0	0	0	0
我不如死了算了，反正这个世界没人是为了我停留。	0	1	0	0	0	0	0	0	0	0	0	0
我的朋友们会怎么看我啊，软饭男？谁知道背地里怎么嘲笑我，都看不起我。	0	0	0	1	0	0	0	0	0	0	0	0
由于疫情的影响，我预见到蛋糕店经营会遇到挑战。	0	0	0	0	0	0	0	0	0	0	0	0
饿得快死了，我的脸色一定看起来很差，是路过的人都会怀疑我的精神状态的程度	0	0	0	0	1	0	0	0	0	0	0	0
他为什么说我是不重要的人，我是一个性格软弱的人	0	0	1	0	0	0	0	0	0	0	0	0
他们都找到了伴侣，我是最后一个人了，我再也找不到了	0	1	0	0	0	0	0	0	0	0	0	0
我只是达不到父母的要求他们就对我不满，他们根本不爱我，我只是他们用来炫耀的工具人	0	0	0	1	0	0	0	0	0	0	0	0
我连让父母放心都做不到，我是一个差劲的人！	0	0	1	0	0	0	0	0	0	0	0	0
小小年轻就在外面鬼混，也从不来不和家里说，这孩子已经完了！她以后只能早早嫁人，肯定没有什么好工作，也赚不到钱	0	1	0	0	0	0	0	0	0	0	0	0
这么简单的考试我却错这么多，我是不是真的很笨啊，是不是永远都是那个愚笨的我。	0	0	1	0	0	0	0	0	0	0	0	0
怀孕会带来一些不适，但这都是正常的，只需忍耐一下，就会好的。我们都是这么熬过来的，不是吗？	0	0	0	0	0	0	0	0	0	0	0	0
我最近都没有和家人好好联系，我的父母老人一定对我很失望	0	0	0	1	0	0	0	0	0	0	0	0
老师肯定以为我在为不想学习找借口，又该说我了	0	0	0	0	1	0	0	0	0	0	0	0
我在这个家根本呆不下去了，这是要逼死我才甘心啊，死给你们看，这样子就满意了吧。	1	0	0	0	0	0	0	0	0	0	0	0
怎么现在醒了，明天铁定迟到啊这，不迟到也会困死，服了。我就是个失败者，无法控制自己的作息。	0	0	1	0	0	0	0	0	0	0	0	0
要是早点决定了做什么，如今就不会这么迷茫，连这么简单的决定都做不出来，真离谱。	0	0	0	0	0	0	0	0	1	0	0	0
或许这个人一定是非常非常饿了吧，但是偷外卖也是不对的，希望他能悔改吧	0	0	0	0	0	0	0	0	0	0	0	0
我会勇敢地面对这件事，并更加努力保护自己。	0	0	0	0	0	0	0	0	0	0	0	0
我好痛苦啊，出生在一个这样的家庭里，我生来就是肮脏的	0	0	0	0	0	1	0	0	0	0	0	0
没有衣服我还怎么见人啊！别的女人穿的那么光鲜亮丽，我要是不穿好一点，没人理我的	0	0	0	0	0	1	0	0	0	0	0	0
他们怎么这么恶心人啊，总问这些没用的干什么，果然人到中年就事多，真烦。	0	1	0	0	0	0	0	0	0	0	0	0
我连伞都不知道带，我以后肯定是别人的拖累！	0	1	0	0	0	0	0	0	0	0	0	0
怀孕根本就是上天给女人的惩罚，不然怎么会这么痛苦呢	1	0	0	0	0	0	0	0	0	0	0	0
考试又考得这么不理想，我很难受，学习就是一件令人难受的事	1	0	0	0	0	0	0	0	0	0	0	0
父亲的行为彻底毁掉了我对家的美好幻想，我开始不信任任何人，认为所有的美好总会离我而去的。	0	1	0	0	0	0	0	0	0	0	0	0
我性格中的尖锐棱角，或许正是源源不断争执的罪魁吧。	0	0	0	0	0	0	0	0	1	0	0	0
我的爱人一定是不爱我了，他都不安慰我	0	0	0	1	0	0	0	0	0	0	0	0
我在这里没朋友是正常的，顺其自然就好了	0	0	0	0	0	0	0	0	0	0	0	0
老板给我安排这么多任务，一定是想提拔我，没想到老板这么看重我哈哈哈哈哈	0	0	0	0	0	0	0	0	0	0	0	0
又把麻烦的事推给我，我应该在哪里得罪了他，他在给我穿小鞋	0	0	0	0	1	0	0	0	0	0	0	0
他们肯定觉得我刚才在水里的样子很滑稽，我在这里待不下去了，只能换个游泳馆了。	0	0	0	1	0	0	0	0	0	0	0	0
每个人都要经历孤独的洗礼才能更加成熟	0	0	0	0	0	0	0	0	0	0	0	0
我对这种疼痛感到委屈，没有人能来照顾我，我觉得世界上没有人爱我，我十分孤独。	0	1	0	0	0	0	0	0	0	0	0	0
他根本不在乎我和妈妈，他只在乎他自己高不高兴、快不快活！这个家对他来说，只是呼之即来、挥之即去的东西罢了！我只是个不合时宜的意外！	0	0	0	1	0	0	0	0	0	0	0	0
既然别人都可以这么不劳而获，那我老老实实兢兢业业的为这个社会做贡献，又是为了什么呢，后来还不是被骗，	1	0	0	0	0	0	0	0	0	0	0	0
我被世界遗忘了吗，没有一个人记得我、在乎我，所有人都把我忽略了。这样下去，我会孤独一生，终老于寂寞。	0	1	0	0	0	0	0	0	0	0	0	0
我在社团都没有朋友，寝室关系也一般，平时上课也不说话，我这辈子注定孤独。	0	1	0	0	0	0	0	0	0	0	0	0
我才不要跟那些家里有钱的同学说话呢，他们有钱人都狂妄自大，冷酷无情，看不起我们这些来自贫困家庭的孩子，觉得我们配不上他们。	0	1	0	0	0	0	0	0	0	0	0	0
继续留在这里还有什么意义呢，人嫌狗不爱，只会惹人烦。	0	1	0	0	0	0	0	0	0	0	0	0
让风暴来的更猛烈些吧，我可以试试，实在做不完的话，，，，，那就做不完吧	0	0	0	0	0	0	0	0	0	0	0	0
虽然还有很多梦想未实现，虽然家人还需要我的陪伴，但我必须坚持生活。	0	0	0	0	0	0	0	0	0	0	0	0
他们可能并不是完美的父母，但我依旧深深地爱着他们，我希望我们能通过沟通找到解决问题的办法。	0	0	0	0	0	0	0	0	0	0	0	0
我不该这样顶撞父母，和他们争执不休，他们这么爱我，我还说这么难听的话，真是白白辜负了他们，要是没有我，他们就不会这样伤心了。	0	0	0	0	0	0	0	0	1	0	0	0
我这副倒霉样子，连卡车看了都要泼我一身脏水，居然还有脸活下去。	0	1	0	0	0	0	0	0	0	0	0	0
凭什么他可以一声不吭地抢走我的劳动成果？好不甘心，上班果然令人厌烦。	1	0	0	0	0	0	0	0	0	0	0	0
这几年辛辛苦苦赚来的存款刹那间就变成了泡沫，我感觉我一下子被抽走了灵魂	0	0	0	0	0	1	0	0	0	0	0	0
我的同学现在收入都比我多，过得都比我好，他们要是知道我的现状一定会嘲笑我吧。	0	0	0	0	1	0	0	0	0	0	0	0
和我约好了但是临时不来，肯定是因为我哪儿做的不对，得罪到他了。	0	0	0	0	0	0	0	0	1	0	0	0
我天生就是笨脑袋，这些我都学不会的，我怎么学也学不好的	1	0	0	0	0	0	0	0	0	0	0	0
我得病了，我的人生要结束了	0	0	0	0	0	1	0	0	0	0	0	0
刚才那个扶我上岸的人一定是觊觎我的身体，他肯定是个变态，没有人会对我善良的，我要远离他才行。	0	0	0	1	0	0	0	0	0	0	0	0
我实在不想再在这里工作了，我想要逃到别的地方，可是在这个世界上根本没有老板能和员工共情的公司	1	0	0	0	0	0	0	0	0	0	0	0
靠，倒霉死了，今天一天的好心情算是全毁了，我什么也不想干，就想躺着	1	0	0	0	0	0	0	0	0	0	0	0
糟糕，刚换的新衣服回去又得重新去洗	0	0	0	0	0	0	0	0	0	0	0	0
上级领导是不是为了难为我，故意安排这老多工作给我，就是不想让我休息。	0	0	0	0	1	0	0	0	0	0	0	0
事情已经发生了，眼下当务之急是要赶紧想办法让他删了照片，千万不能让他拿着我的照片害我	0	0	0	0	0	0	0	0	0	0	0	0
我脸上的丑陋，让他们都不愿与我交朋友，这样的状况真的让我感到十分无助。	0	0	0	0	0	0	0	0	1	0	0	0
是我不够优秀不够，努力才导致了今天的结果	0	0	0	0	0	0	0	0	0	0	0	0
劳动最光荣，我做家务也不是为了给别人看的，没看见就没看见。	0	0	0	0	0	0	0	0	0	0	0	0
我还没说什么呢，那个孩子就急着向着他爸，果然全天下的小孩都是白眼狼一个。	0	0	1	0	0	0	0	0	0	0	0	0
她这次也太过分了，我把她当朋友才和她说的，她竟然说出去了。	0	0	0	0	0	0	0	0	0	0	0	0
我什么事情也做不好，这都是我的报应，都是我自己的问题	0	0	0	0	1	0	0	0	0	0	0	0
我以后再也不想吃鸭脖了，下次吃一定又会被卡，我这辈子都不想再碰这种东西了	0	1	0	0	0	0	0	0	0	0	0	0
这家饭店没事吧，他们从来不打扫卫生吗，不然怎么会放进来一只这么大的虫子	0	0	0	1	0	0	0	0	0	0	0	0
若我能成为一个更让他骄傲的孩子，也许一切都会不同。	0	0	0	0	0	0	0	0	1	0	0	0
我都这么大了，还让父母感受到劳累，我太没有用了，我的人生太失败了。	0	0	0	0	0	1	0	0	0	0	0	0
这个社会就是这么黑暗啊，同事之间也只有竞争，我们将永远处于这种竞争中	0	1	0	0	0	0	0	0	0	0	0	0
明明周围人那么相信我能当上，我辜负了他们的期待我没脸见他们。	0	0	0	0	0	0	0	0	1	0	0	0
我说错话了？看他表情不太对劲啊，待会去道个歉吧，我确实是不太擅长交流啊。	0	0	0	0	0	0	0	0	0	0	0	0
游泳游了这么一小会就抽筋了，我就不适合游泳这项运动	0	0	1	0	0	0	0	0	0	0	0	0
故意不还的吧，这年头怎么还会有人这样	0	0	0	1	0	0	0	0	0	0	0	0
我应该在他离开之前再多花时间陪陪他，和他一起去看看不曾见过的风景。	0	0	0	0	0	0	0	0	0	0	0	0
应该是最近压力太大了吧	0	0	0	0	0	0	0	0	0	0	0	0
一起努力一起进步啊！这也才有动力能够更好地投入学习。	0	0	0	0	0	0	0	0	0	0	0	0
孤独不是当你独处时的感觉，而是当没人在乎时的感觉。	1	0	0	0	0	0	0	0	0	0	0	0
人生完了，没有希望了，这可能是地球上最糟糕的工作。	0	0	0	0	0	1	0	0	0	0	0	0
我总是出这样或那样的状况，不是骨折就是生病，害得身边人不得安生	0	1	0	0	0	0	0	0	0	0	0	0
女儿最近怎么满嘴谎话，我要是不管她，任由她一直这样骗我，肯定会成一个大骗子的	0	0	1	0	0	0	0	0	0	0	0	0
等有空了找个大夫看看，吃点药调理调理就好了	0	0	0	0	0	0	0	0	0	0	0	0
孩子没有考好，我真是一个失败的母亲，连最基本的辅导孩子都做不好，我不配做母亲。	0	0	1	0	0	0	0	0	0	0	0	0
我想到我应该从这里去哪里或我应该做什么，除了黯淡的未来，我什么都想不到。	0	0	0	0	1	0	0	0	0	0	0	0
考试太难了，我还不如上床发呆打游戏。	0	0	0	0	0	0	0	0	0	0	0	0
我真是个废物啊，他们这么把奶奶及还不能享福，还要去干农活	0	0	1	0	0	0	0	0	0	0	0	0
我减肥的努力全都毫无价值了，这就是我失败的终结。	0	0	0	0	0	1	0	0	0	0	0	0
有什么大不了的，我下次再努力努力	0	0	0	0	0	0	0	0	0	0	0	0
好难受，鼻子塞塞的，老是流鼻涕，真的很讨厌感冒了	0	0	0	0	0	0	0	0	0	0	0	0
青年人的激情我看在眼里，但岁月的智慧仍旧是独特的。我的经历和经验同样珍贵。	0	0	0	0	0	0	0	0	0	0	0	0
我独自承受着无法言说的事情，我感到崩溃，或许应该放手一搏，这个世界没有我值得留恋的东西。	1	0	0	0	0	0	0	0	0	0	0	0
真是太可惜了，毕业照上还有我和兄弟唯一的合照呢，再也找不到了，心里空落落的，不是滋味。	0	0	0	0	0	0	0	0	0	0	0	0
我担心考研没法上岸，找不到好的工作，如果失败了，别人会多么瞧不起我	0	0	0	0	1	0	0	0	0	0	0	0
我感觉累了，一定是因为我根本不适合当母亲。	0	0	0	0	0	0	0	0	1	0	0	0
我真的好痛苦好难受，我不想回家，爸爸骂就让他骂我吧，只有在外面我才能感受到我是活着的	1	0	0	0	0	0	0	0	0	0	0	0
他不理我应该是我说错话了，全是我的嘴不好	0	0	0	0	0	0	0	0	1	0	0	0
真是不巧，出门的时候忘记带伞了，衣服都湿了。 	0	0	0	0	0	0	0	0	0	0	0	0
连我的父母这把年纪还在努力，而我一天天的没个正经，我就只适合躺在床上，我不会成功的	0	0	0	0	1	0	0	0	0	0	0	0
这顿饭又没忍住吃了这么多东西，我的减肥计划要永远泡汤了，我坚持不下去的	0	0	0	0	0	1	0	0	0	0	0	0
我没法处理，我完全不会处理这种事情	0	0	0	0	0	1	0	0	0	0	0	0
虽然工作有点多，但我一定能完成这些任务	0	0	0	0	0	0	0	0	0	0	0	0
我根本不知道如何走出父亲离世的阴影，我的一生都要活在这种悲伤中了！	1	0	0	0	0	0	0	0	0	0	0	0
世上男人一个样，刚谈恋爱和你海誓山盟长长久久，这才几天就腻了，我呸	0	1	0	0	0	0	0	0	0	0	0	0
现在工作都不好找，我这样也正常，这段时间先将就着生活，在努努力，会好的。	0	0	0	0	0	0	0	0	0	0	0	0
我不干净了！我是一个脏女人！我现在应该赶快死了！	0	0	1	0	0	0	0	0	0	0	0	0
我和室友的矛盾永远都会困扰我，即使我换寝室了也一样	0	0	0	0	1	0	0	0	0	0	0	0
这个女人不一定用了什么法子勾引父亲呢。她肯定是想借着父亲的权力快速升职	0	0	0	1	0	0	0	0	0	0	0	0
我坐的时间可能过长，我应该经常活动休息一下。	0	0	0	0	0	0	0	0	0	0	0	0
这么努力也没有收获，我的人生不会有出息了	0	0	0	0	0	1	0	0	0	0	0	0
他这是针对我吧，怎么没见他敢抢别人的功劳呢，觉得我好欺负吗	0	0	0	1	0	0	0	0	0	0	0	0
我安慰别人别人就会生气，那我不要安慰别人好了	0	0	0	0	0	0	0	0	1	0	0	0
拼命工作有什么用，还不如在家躺着睡觉，这样的生活才是最理想的。	0	0	0	0	0	1	0	0	0	0	0	0
早知道这么麻烦，当初我还要什么孩子啊？	1	0	0	0	0	0	0	0	0	0	0	0
都怪我自己不努力，要是我能早点找一个有钱人，就不必过这么拮据的生活了。	0	0	0	0	0	0	0	0	1	0	0	0
都怪女朋友，要不是她匆匆忙忙要我出来给她买东西，我也不至于这么狼狈，女人就是事情多	0	0	1	0	0	0	0	0	0	0	0	0
我只想好好上班，我不想在自己工作的时候遇到这种闹心的事情。	0	0	0	0	0	0	0	0	0	0	0	0
完了完了，这次年夜饭被同辈的兄弟姐妹彻底比下去了，真是彻头彻尾的失败，我在亲戚面前都抬不起头来了	0	0	0	0	0	1	0	0	0	0	0	0
与室友的矛盾不是生活的全部，不用因此过分焦虑	0	0	0	0	0	0	0	0	0	0	0	0
我有我的自由，就算他们问我也要做。我做得事情是我喜欢的。	0	0	0	0	0	0	0	0	0	0	0	0
社团里有活动也不叫我，有工作也不给我分工，感觉我根本不被重视，我就是个废物	0	0	1	0	0	0	0	0	0	0	0	0
一定是努力不够，今天再晚点睡。	0	0	0	0	0	0	0	0	0	0	0	0
要不叫上他一起？还是得讲究先来后到，他要是愿意还能认识新朋友呢	0	0	0	0	0	0	0	0	0	0	0	0
我完全不知道怎么减肥了，我肯定会一直胖下去	0	1	0	0	0	0	0	0	0	0	0	0
我必须全力以赴工作，以让他们过上好日子。	0	0	0	0	0	0	0	0	0	0	0	0
她们很合得来_，真幸运，这样就不用逼着我去社交啦，我比较喜欢自己一个人呆着。	0	0	0	0	0	0	0	0	0	0	0	0
怎么这么多事情啊，烦死了，我一定得去老板办公室提出抗议实在不行就辞职	1	0	0	0	0	0	0	0	0	0	0	0
女朋友为什么总是抱怨，一点都不会体谅我，不能体会我的感受	0	0	0	1	0	0	0	0	0	0	0	0
她应该只是好心的提醒我一下。	0	0	0	0	0	0	0	0	0	0	0	0
肯定是有人在老板面前说我坏话了不然不会这样	0	0	0	1	0	0	0	0	0	0	0	0
我本来就是个内向的人，现在的状态是正常的，慢慢来	0	0	0	0	0	0	0	0	0	0	0	0
不一起来玩就提前说一声啊！害得我在这么冷的雨天里等了半个小时，呜呜	0	0	0	0	0	0	0	0	0	0	0	0
我渴望远离家庭，去闯荡世界，但母亲的身体状况让我不放心。等她康复后，我再离开。	0	0	0	0	0	0	0	0	0	0	0	0
连上下楼梯都走不好还把腿摔断了，我可真是一个失败的人。	0	0	1	0	0	0	0	0	0	0	0	0
他这么想是不是说明别人也有这种想法，那岂不是别人也觉得我平时态度很差很讨厌？	0	1	0	0	0	0	0	0	0	0	0	0
这么多钱全都没了，我将要穷困潦倒一辈子了	0	0	0	0	0	1	0	0	0	0	0	0
任务没完成好，我就是这么拉跨，我以后是干啥啥不行，我是社会的负担。	0	1	0	0	0	0	0	0	0	0	0	0
我的乖宝怎么会干这样的事，肯定是她新认识的那个朋友教唆她的，我就知道那个女的不是什么好东西，长那么好看就会勾引人	0	0	0	0	1	0	0	0	0	0	0	0
我身体怎么这么若不惊风，稍微累一点就这样，学习的时候连注意力都集中不了，我怎么这么废物	0	0	1	0	0	0	0	0	0	0	0	0
我仅有的朋友也疏远我了，我的人生彻底孤独了	0	0	0	0	0	1	0	0	0	0	0	0
我是个大笨蛋，什么事都做不好，婆媳关系也处理不好，像我这么笨的人活着有什么意思。	0	0	1	0	0	0	0	0	0	0	0	0
我的亲戚不主动关心我，我很生气，所以我也不会主动关心他们	0	0	0	0	0	0	0	0	1	0	0	0
我在教育孩子上的失败使我不应该存在在这个世界，我完全没有任何存在的价值。	0	0	0	0	0	1	0	0	0	0	0	0
就算我努力融入，他们也永远不会喜欢我	0	0	0	0	1	0	0	0	0	0	0	0
这个工作太烦人了，工作真的是世界上最烦人的事情	0	1	0	0	0	0	0	0	0	0	0	0
我就是个没有能力的废物	0	0	1	0	0	0	0	0	0	0	0	0
我就是想放松一下，为什么阻止我，老师就有权利吗？什么人与人平等，师生关系亲密，全是笑话	0	0	0	0	0	0	0	0	0	0	0	0
原来我一直在争一个本来也不属于自己的东西，我真是个跳梁小丑，可笑至极	0	0	1	0	0	0	0	0	0	0	0	0
这就是婚姻的矛盾，结了婚就要和幸福快乐说拜拜	0	1	0	0	0	0	0	0	0	0	0	0
如果不熟识的人就别强求，志趣不合便难以共谋。	0	0	0	0	0	0	0	0	0	0	0	0
父母去世了，心情好难过。感觉自己就是个孤独的可怜虫，没人会在乎我。	1	0	0	0	0	0	0	0	0	0	0	0
家庭条件不同，我应该更加努力	0	0	0	0	0	0	0	0	0	0	0	0
这孩子活着都是浪费资源，这么简单的事情都做不好，他有什么存在的意义？ 	0	0	0	0	0	1	0	0	0	0	0	0
那个人怎么做这么危险的事情，还好我没有撞到他，捡回一命。	0	0	0	0	0	0	0	0	0	0	0	0
我真的太没用了，努力那么久连一点钱都没攒下	0	0	1	0	0	0	0	0	0	0	0	0
我是什么倒霉蛋，这世界上再也没人能像我一样十个重点全压错了吧。我一定是个无药可救的失败者。	0	0	1	0	0	0	0	0	0	0	0	0
也是我运气不好，别人都没吃到虫子，就我吃到了，都是我太霉了。我一定是世界上最倒霉的人，什么好事都遇不到。	0	1	0	0	0	0	0	0	0	0	0	0
我现在应该立马报警！要用法律的手段解决这件事情！	0	0	0	0	0	0	0	0	0	0	0	0
明明我同事和我做的是一样的，他为什么就说我，他就是想增加我的内疚感，然后让我给他白打工。	0	0	0	1	0	0	0	0	0	0	0	0
他们不想跟我成为朋友，我还是自己玩吧，我总是觉得我不够，我觉得我总是在浪费朋友们的时间	0	1	0	0	0	0	0	0	0	0	0	0
我是废人，不仅没有目标没有理想，也没有能力。	0	0	1	0	0	0	0	0	0	0	0	0
如果当初我选择了另一条回家的道路，就不会被那只狗咬了，这真是我自找的麻烦。	0	0	0	0	0	0	0	0	1	0	0	0
我好害怕自己交不上朋友，交朋友是不可能的事情。	0	0	0	0	0	1	0	0	0	0	0	0
感觉我不能把事情做对：即使我知道我在某件事上是对的，也没有人听，他们不理我。感觉就像每个人都认为我是一个不可能是对的白痴	0	0	0	1	0	0	0	0	0	0	0	0
先找同学借一下吧，婚礼总是要有的	0	0	0	0	0	0	0	0	0	0	0	0
我身体不适，咳嗽了很久才咳出一个鸭脖，觉得运气真的很差，以至于难过得哭了出来。	0	0	0	0	0	0	0	0	0	0	0	0
我的同学真厉害，以后要多跟他学习交流，早日和他一样厉害	0	0	0	0	0	0	0	0	0	0	0	0
我就是个彻底的废物，明明什么事情都在做，却什么事情都做不好	0	0	1	0	0	0	0	0	0	0	0	0
领导指出我的问题肯定是有他的考量，也许我应该先看看是不是我哪里做得不好。	0	0	0	0	0	0	0	0	0	0	0	0
我再也瘦不下来了，我注定就是个胖子，我永远无法改变。	0	1	0	0	0	0	0	0	0	0	0	0
又降薪水，天天降，年年降，现在的比起刚来已经少了好多了，这破公司我是一天都呆不下去了	0	1	0	0	0	0	0	0	0	0	0	0
这么热的天，我在外面跑，做这么多苦差，你们倒是舒舒服服吹空调了？真是烦死人了！那我还做什么做啊？我看大家都别干了，我今天就啥都不做，什么合作，我看都别想了！	1	0	0	0	0	0	0	0	0	0	0	0
我这个问题没办法解决了，还不如在床上躺着发呆	1	0	0	0	0	0	0	0	0	0	0	0
他从来没有爱过我、爱过她、爱过任何人或任何事物	0	1	0	0	0	0	0	0	0	0	0	0
我很虚弱，我没有任何抱负，我的抱负和目标都是假的，它们不是真的，那不是我。	1	0	0	0	0	0	0	0	0	0	0	0
肯定被好多人看到了吧，丢死人了哇，他们肯定在想这个人怎么那么奇怪	0	0	0	1	0	0	0	0	0	0	0	0
女生是真的嘴碎，什么事都往外说，真是大舌头，好八卦啊，无语了。	0	1	0	0	0	0	0	0	0	0	0	0
有关系户插队了吧，最讨厌这样的人	0	0	0	1	0	0	0	0	0	0	0	0
其他人不会认可我的，他们会举报我，我会被降职。	0	0	0	1	0	0	0	0	0	0	0	0
我真是个不负责的人，我对所有事都不会负责	0	0	1	0	0	0	0	0	0	0	0	0
如果我认为我有问题，但又不敢告诉任何人因为他们认为我是好的。	0	0	0	1	0	0	0	0	0	0	0	0
家里没什么钱，参加不了那些补习班，那我怎么去和其他同学拼分数啊？拼不赢分数，也上不了什么好大学，那我不是一直比人家差一截？	0	0	0	0	1	0	0	0	0	0	0	0
减肥真的好痛苦，我只想吃一块饼干奖励自己一下，哎，减肥就是一件不可能的事。	1	0	0	0	0	0	0	0	0	0	0	0
从目前的状况来看，他应该是像以前一样又迟到了	0	0	0	0	0	0	0	0	0	0	0	0
我很愧疚，让她伤心我也很伤心，但是我现在确实不能像之前那样整天陪着她	0	0	0	0	0	0	0	0	0	0	0	0
我一定是他们捡来的，我的亲生父母不可能是这么贫穷的人	0	0	0	1	0	0	0	0	0	0	0	0
考研太可怕了，如果可以我这辈子都不想考研	0	0	0	0	0	0	0	0	0	0	0	0
多休息多喝水，我肯定会好起来的	0	0	0	0	0	0	0	0	0	0	0	0
都是因为我，如果不是为了让我过上好日子，他们也不用这么拼命	0	0	0	0	0	0	0	0	1	0	0	0
我近期的确过于繁忙，等我忙完这阵，我会花更多的时间陪伴孩子，我相信他会理解我的困扰。	0	0	0	0	0	0	0	0	0	0	0	0
我就是个废人，每天都要让朋友帮我才能正常地去上课。	0	0	1	0	0	0	0	0	0	0	0	0
我就知道自己不行，我这个月都没法再去找工作了，还是再等等吧	1	0	0	0	0	0	0	0	0	0	0	0
领导和同事看到我磕磕巴巴的样子，心里一定早就笑话死我了吧。	0	0	0	0	1	0	0	0	0	0	0	0
我一时难以消化这件事，在此之前我一直认为父亲是一个好丈夫好爸爸，而现实对我的打击实在是太大了。	0	0	0	0	0	0	0	0	0	0	0	0
我不想和我的任何朋友说话，因为他们玩得很开心，而且我知道我会因为我卑鄙的需要关注的态度而让他们陷入困境。	0	0	0	1	0	0	0	0	0	0	0	0
我就是一个易胖不易瘦体质的人，我减肥就是很困难。	0	0	1	0	0	0	0	0	0	0	0	0
公司倒闭我只能浑浑噩噩，我果然是只会依附于公司的尸位素餐之徒	0	0	1	0	0	0	0	0	0	0	0	0
同学们都在看着我，好丢脸啊，这么难堪还不如死掉好了。我想必成了全校的笑柄，大家都会嘲笑我。	0	0	0	1	0	0	0	0	0	0	0	0
就连保存ppt这种事情上都能出差错，我什么事情都会粗心大意导致失败，根本没法做好	0	0	0	0	0	1	0	0	0	0	0	0
男人都这样，结完婚生完孩子了，开始嫌弃自己妻子，搞外遇，不负责任，就是渣	0	1	0	0	0	0	0	0	0	0	0	0
反正我押题也不准，还把我累得够呛，下次考试之前我就直接摆烂，反正也不会比现在更差了	0	1	0	0	0	0	0	0	0	0	0	0
我爸就是一个老顽固！他什么都不知道，只知道用他那旧社会的思想拘束我！他们那一辈全是这样胆小怕事的懦夫！	0	0	1	0	0	0	0	0	0	0	0	0
我对他不礼貌了，我真是个没有教养的人	0	0	1	0	0	0	0	0	0	0	0	0
我总会弄丢一些东西，我家的东西总是会这样莫名其妙的失踪，这次也不例外。	0	1	0	0	0	0	0	0	0	0	0	0
为什么对比能够这么明显，明眼人都能看出来老板在为难人，不行，越想越气得慌，我一定得去找他理论理论	0	0	0	1	0	0	0	0	0	0	0	0
我认识到了自己的疏忽，保证下一次一定不会忘记带必需的物品。	0	0	0	0	0	0	0	0	0	0	0	0
要不是每天工作压力那么大，我也不至于整宿整宿不能入眠，工作使人痛苦，不仅剥夺了人白天的时间也剥夺了人的睡眠	0	1	0	0	0	0	0	0	0	0	0	0
我可以试着做一些力所能及的事情来减轻这种痛苦	0	0	0	0	0	0	0	0	0	0	0	0
我虽然身高不高，但是我长得好看，问题不大	0	0	0	0	0	0	0	0	0	0	0	0
一定是出题老师故意为难我	0	0	0	1	0	0	0	0	0	0	0	0
领导给我升职是信任我，我一定要加倍努力，争取早日可以胜任这个职位	0	0	0	0	0	0	0	0	0	0	0	0
肿瘤就肿瘤吧，人生在世哪有不生病的，要是真死了，也是我的命。强求不得。	0	0	0	0	0	0	0	0	0	0	0	0
我知道，虽然他在肉体上离开了我，但他一定希望我能好好的。我更要带着他的那一份，好好保重，好好生活下去。	0	0	0	0	0	0	0	0	0	0	0	0
事情到今天的田地都是我自找的！	0	0	0	0	0	0	0	0	1	0	0	0
这也太不尊重人了，就算我讲得没那么好，在下面嘲笑我也不好。	0	0	0	0	0	0	0	0	0	0	0	0
你每次买衣服花钱如流水，知不知道家里现在得存钱呐？存不了钱，等你老了，病了，没有钱，根本就没人管你，你就自己等死吧！	0	0	0	1	0	0	0	0	0	0	0	0
连自己的妻子都让我感到无法胜任，这让我觉得自己的人生真是一场彻底的失败。	0	0	0	0	0	1	0	0	0	0	0	0
她有新的生活了，我已经和我们的友谊一样被她抛之脑后了	0	0	0	1	0	0	0	0	0	0	0	0
这样的生活永无止境，我没有办法从其中脱身，我就在旋涡中央，我还是辞职回家吧，我无法胜任。	1	0	0	0	0	0	0	0	0	0	0	0
他不会白白帮助我的，暗中期望我会还回去。	0	0	0	1	0	0	0	0	0	0	0	0
碰壁这么多次，真是让人焦虑死了，我看接下来的几家我也别去了，多半也不要我.	0	1	0	0	0	0	0	0	0	0	0	0
估计他们也觉得我是个丧门星，不愿意照顾我。	0	0	0	1	0	0	0	0	0	0	0	0
不停地被批评，所有人都看我不顺眼，他们都拿来来踩一踩。	0	1	0	0	0	0	0	0	0	0	0	0
我是一个不称职的母亲，我很惭愧！	0	0	1	0	0	0	0	0	0	0	0	0
他们身边的朋友的孩子都结婚了，就我没结婚，他们一定觉得很没面子吧。	0	0	0	1	0	0	0	0	0	0	0	0
又放我鸽子，得了，下次也不用约了，反正也不会履行诺言的，有啥好约的。	0	1	0	0	0	0	0	0	0	0	0	0
一定是我最近太劳累了，每天晚睡早起，我应该调整一下作息。	0	0	0	0	0	0	0	0	0	0	0	0
孩子正是需要父母的爱呵护长大的时候，我们要一起好好疼爱我们的孩子。	0	0	0	0	0	0	0	0	0	0	0	0
每次我结束一场考试，都感觉像是我的一部分灵魂被撕裂出来，然后我只需要睡一觉就好了。	1	0	0	0	0	0	0	0	0	0	0	0
奔波这么多年也没空陪陪爸妈，现在钱也没赚到。我真是个不孝子	0	0	1	0	0	0	0	0	0	0	0	0
我家人都盼望我好好学习将来出人头地，我却学不进去，辜负他们我是个罪人。	0	0	0	0	0	0	0	0	1	0	0	0
爱人的死让我无法相信世界上的所有爱情，我开始认为爱情都是脆弱易碎的，我就是无法一直拥有爱。	0	1	0	0	0	0	0	0	0	0	0	0
没了你，不知道那些嘴巴怎样嚼舌根呢，那些色厉内荏的人，又该怎样瞧不起我呢，他们肯定想着，我无依无靠了，怎样霸凌侮辱，我都束手无策。	0	0	0	0	1	0	0	0	0	0	0	0
他们怎么都突然出去了，为什么没人提醒我，一定是他们提前商量好了排斥我	0	0	0	1	0	0	0	0	0	0	0	0
我怎么能这样对父母呢，都是因为我，和父母一点关系都没有	0	0	0	0	0	0	0	0	1	0	0	0
每次看到这些事情都要感慨一句结婚真的是劝退，我要是晚一点结婚一定会多保持一会儿自由，就不用面对这些让人糟心的破事儿了。	1	0	0	0	0	0	0	0	0	0	0	0
投资又失败了，这次我的眼光存在很大的问题，那家公司根本没有前景，唉，我每次投资都不会成功的	0	1	0	0	0	0	0	0	0	0	0	0
我没能及时给领导把文件送过去，我的职业生涯完蛋了。	0	0	0	0	0	1	0	0	0	0	0	0
天下所有的父亲都不是好东西	0	1	0	0	0	0	0	0	0	0	0	0
我饿了，但却没有饭可以吃，可能求不得就是人生的常态吧	0	0	0	0	0	0	0	0	0	0	0	0
她就是想要表现得比我厉害，就是想要出风头，来获得领导的注意，真是哗众取宠	0	0	0	1	0	0	0	0	0	0	0	0
完了，我以后闹钟都叫不起来我了，我就不配多睡一会。	1	0	0	0	0	0	0	0	0	0	0	0
我总是头晕，这种状态似乎永远不会改变，我的生活注定就是在头晕中度过。	0	1	0	0	0	0	0	0	0	0	0	0
我这辈子注定一直胖下去了。	0	0	0	0	1	0	0	0	0	0	0	0
干什么他们都要问，我去上个厕所洗个脸也不停地问，我都懒得回答了。父母真是个无底洞的问号。	0	1	0	0	0	0	0	0	0	0	0	0
我现在又长胖又变丑，还总是说难受，孩子爸爸一定烦死我了，我还是少给他添麻烦吧	0	0	0	0	0	0	0	0	1	0	0	0
他说的也对，我们最近是太腻歪了	0	0	0	0	0	0	0	0	0	0	0	0
反正校园活动肯定充满了各种小团体，我融入不进去，不参加也罢。	0	0	0	1	0	0	0	0	0	0	0	0
那个讨厌我狗的邻居肯定是下了手，他一定是故意给我的狗下毒！	0	0	0	1	0	0	0	0	0	0	0	0
我这次睡懒觉了，我以后肯定会变成个庸人，我失去了自制力。	0	0	0	0	1	0	0	0	0	0	0	0
万一她只是碍于面子不好意思拒绝我的请求怎么办，万一她也在心里觉得我很麻烦怎么办	0	0	0	1	0	0	0	0	0	0	0	0
经常和室友产生矛盾，我们之间应该有一些误会，我应该找她说清	0	0	0	0	0	0	0	0	0	0	0	0
次次来次次通，我的生活肯定也像这样充满了痛苦。	1	0	0	0	0	0	0	0	0	0	0	0
好丢脸啊，怎么办，这个事情我应不应该告诉家里人啊？	0	0	0	0	0	0	0	0	0	0	0	0
不如以后都独来独往吧，他们都不懂我的痛苦。	0	0	0	1	0	0	0	0	0	0	0	0
我未能和房东保持良好的关系，这就是他决绝我之处。	0	0	0	0	0	0	0	0	1	0	0	0
全天下的父母都一样不在乎儿女的感受，只知道操心无关紧要的事情！	0	1	0	0	0	0	0	0	0	0	0	0
原来我在老板眼里一文不值，那我工作还有什么意义呢？我应该放弃一切，再也不努力了。	0	0	0	0	0	1	0	0	0	0	0	0
这场疫情大概是大自然对人类破坏环境等种种罪行的惩罚	0	0	0	1	0	0	0	0	0	0	0	0
爸爸妈妈为什么这样说我呢，我好伤心，只是一点小失误而已，他们就不满意。没关系，哭一会就好了，下次加油。	0	0	0	0	0	0	0	0	0	0	0	0
老板这么想肯定有他的想法，我加油争取成为他眼中公司最出色的员工。	0	0	0	0	0	0	0	0	0	0	0	0
我应该继续生活，带着我父亲的期望和祝福。	0	0	0	0	0	0	0	0	0	0	0	0
可能还是我的成绩不够，我应该再努力一些的	0	0	0	0	0	0	0	0	0	0	0	0
考研让我感到焦虑，我非常讨厌，考研这都让人崩溃	1	0	0	0	0	0	0	0	0	0	0	0
什么倒霉的事都能降临到我身上，我就是一个霉星转世。	0	0	1	0	0	0	0	0	0	0	0	0
她真的好厉害啊，又努力又有天赋，我感觉我努力，也很难达到她那种程度。	0	0	0	0	0	0	0	0	0	0	0	0
每次倒霉的事都发上在我身上，我就是个倒霉蛋，会一直倒霉	0	1	0	0	0	0	0	0	0	0	0	0
我懦弱无能，毫无魅力，甚至连孩子都看不起我，我不配做他们的父亲，更不该奢求丈夫这个身份。	0	0	0	0	0	0	0	0	1	0	0	0
找机会我一定要把这件事情报复回来，绝对不能让他白占便宜。	0	0	0	0	0	0	0	0	0	0	0	0
领导给我压力是信任我，说不定我挺过这段时间就加薪了呢	0	0	0	0	0	0	0	0	0	0	0	0
职场老油条就知道偷奸耍滑，什么事都安排给我这样的新人，职场没一个好人	0	1	0	0	0	0	0	0	0	0	0	0
下次我要是再紧张，我就罚我自己一天都不要吃饭 ，我这种人吃饭也是浪费粮食，能正常交流的时候张不开嘴，吃饭也不用张嘴了	1	0	0	0	0	0	0	0	0	0	0	0
我就是没有几个朋友，不善于社交，完全毁了我。	0	0	0	0	0	1	0	0	0	0	0	0
这个社会竞争压力那么大，充满了我这种社会渣子，我这种无力的小虫不堪重负。	0	0	1	0	0	0	0	0	0	0	0	0
都怪我出身贫穷，根本没有家底去办这样一场气派的婚礼，还要给她彩礼。	0	0	0	0	0	0	0	0	1	0	0	0
我这次拒绝他了，他以后都不会再找我了	0	1	0	0	0	0	0	0	0	0	0	0
我怎么这么废物路都走不明白，我是个可怜虫子。	0	0	1	0	0	0	0	0	0	0	0	0
这个社会是全靠天赋，努力没有任何用	0	1	0	0	0	0	0	0	0	0	0	0
每个人的外貌主要是天生的，没必要过于关心	0	0	0	0	0	0	0	0	0	0	0	0
他们为什么总是对我抱有那么高的期望呢，明明我只是个废物	0	0	1	0	0	0	0	0	0	0	0	0
家中的兄姊总是那么出色，与之相比，我总感觉自己黯然失色。或许正是这份逊色令父母漠然于我。	0	0	0	0	0	0	0	0	1	0	0	0
室友肯定是看我不顺眼，故意找茬	0	0	0	1	0	0	0	0	0	0	0	0
我们发生矛盾可能是因为我们性格有些不合。	0	0	0	0	0	0	0	0	0	0	0	0
学车真是一件折磨人的事情，我再也不想学车了	1	0	0	0	0	0	0	0	0	0	0	0
下一次我就不会那么信任她了	0	0	0	0	0	0	0	0	0	0	0	0
你知道对于一个刚刚完成ddl，想要好好奖励自己的人，无道德的行为会带来多大的伤害吗？	0	0	0	0	0	0	0	0	0	0	0	0
与我谈话打扰到他了，不然他本可以接起那个电话的	0	0	0	0	1	0	0	0	0	0	0	0
我应该得的是绝症，我马上就要离开人世了。	0	0	0	0	1	0	0	0	0	0	0	0
爸爸这么看我，让我觉得很失落，我的人生可能毁了。	0	0	0	0	0	1	0	0	0	0	0	0
我的身体在向我发出警告，看来我周末得去医院做一次检查。	0	0	0	0	0	0	0	0	0	0	0	0
我不能融入别人生活都是我的问题，是我太孤僻了	0	0	0	0	0	0	0	0	1	0	0	0
无论怎么努力，终究无法扭转乾坤，我深知这个世界上永恒的友谊只是一场空，人心是最难捉摸的。	0	1	0	0	0	0	0	0	0	0	0	0
我可以说我整年都很不开心，但夏天让我沮丧一百倍，我想这是因为看到人们快乐，享受他们生命中的时光让我嫉妒什么的。	1	0	0	0	0	0	0	0	0	0	0	0
我累了。累于尝试却看到很少的结果。累于惨败并像一个失败者一样	0	0	1	0	0	0	0	0	0	0	0	0
啊，太丢人了呀，怎么办，好羞愧，快跑，不能让别人看出来异常	0	0	0	0	0	0	0	0	0	0	0	0
老是放我鸽子，上次说好一起去游泳也没来，他没一次守约的。他一定是故意想激怒我。	0	0	0	0	0	0	0	0	0	0	0	0
她走的好突然，感觉这一瞬间世界的灰暗尽数笼罩于我，这种心死的感觉一定不会消失的	1	0	0	0	0	0	0	0	0	0	0	0
我本来就不喜欢这种活动，感觉好浪费时间啊，也难怪没有人找我出去玩，有这时间我还不如在家看个电影呢。	0	0	0	0	0	0	0	0	0	0	0	0
他们一定都特别瞧不起我，都会嘲笑我，觉得我是个穷鬼。	0	0	0	1	0	0	0	0	0	0	0	0
她不来找我是不愿意见到我了，她对我有很大的意见	0	0	0	1	0	0	0	0	0	0	0	0
前几天谈崩一个项目，这几天又和老婆吵架，晚上又背痛，怎么最近这么倒霉，全世界都在和我作对啊！	0	1	0	0	0	0	0	0	0	0	0	0
最近都没怎么陪孩子，他一定很想我，我真是个没用的家长，不能兼顾家庭和事业，我的孩子肯定会因为我而受到伤害。	0	1	0	0	0	0	0	0	0	0	0	0
所有领导都看不到员工的努力吧，他们就是目空一切	0	1	0	0	0	0	0	0	0	0	0	0
他总是因为成绩生气，我就是一个给他考试的机器。	1	0	0	0	0	0	0	0	0	0	0	0
我们都没怎么说过话，我却对他产生这样的想法，足见我是个见色起意的人	0	0	1	0	0	0	0	0	0	0	0	0
他一点都不理解我，就想让我按照他定下的轨迹发展，	0	0	0	1	0	0	0	0	0	0	0	0
我十分发愁，家里还有年幼的孩子急需花钱买奶粉，我急得像热锅上的蚂蚁。	0	0	0	0	0	0	0	0	0	0	0	0
当时是他让我当全职太太，现在却来嫌弃我，我应该去和他好好谈谈	0	0	0	0	0	0	0	0	0	0	0	0
她有了别的朋友，所以开始嫌弃我了	0	0	0	1	0	0	0	0	0	0	0	0
他竟然放我鸽子，一定想办法让他补偿一下我。	0	0	0	0	0	0	0	0	0	0	0	0
我们差距这么大，他怎么可能会看上我呢？即使看上了，也不会是发自内心的	0	0	0	1	0	0	0	0	0	0	0	0
妈呀，这个月降薪，下个月多半就得裁员了吧，我的业绩今年都不怎么好，这次一准得把我辞退了！这可怎么办，现在竞争压力这么大，我上哪儿去找一个新工作啊？	0	0	0	0	1	0	0	0	0	0	0	0
当得知公司不给我晋升的时候我感觉到前所未有的失落，只想回家躺着，一次都不想再来公司了	1	0	0	0	0	0	0	0	0	0	0	0
果然是人心难测，大家表面看起来光风霁月，谁知道背地里会做什么恶心人的事	0	0	0	1	0	0	0	0	0	0	0	0
都是我不讨父母喜欢，他们才不给我钱，都怪我	0	0	0	0	0	0	0	0	1	0	0	0
我的心情总是很糟糕，我的思绪非常混乱，所以我的孩子也在反对我，我没有理由让他们听话，因为我自己就是失败的	0	0	1	0	0	0	0	0	0	0	0	0
女朋友真是一点自己的生活都没有，天天粘着我，烦死了	0	0	1	0	0	0	0	0	0	0	0	0
我这么无能，却还妄想有保研的机会，真是癞蛤蟆想吃天鹅肉，真可笑。	0	0	1	0	0	0	0	0	0	0	0	0
身边的同事怎么都比我学历高啊，我是这个团队里面最菜的，好挫败啊，或许我应该该辞职了	1	0	0	0	0	0	0	0	0	0	0	0
感染了太难受了，我一点力气都没有，还怎么工作	0	0	0	0	0	0	0	0	0	0	0	0
人无完人，我要在足部认识自己的过程中，逐渐接受自己。	0	0	0	0	0	0	0	0	0	0	0	0
我准备了这么久却没什么用，我就是个没人喜欢，没用的废物	0	0	1	0	0	0	0	0	0	0	0	0
连一个好觉都睡不了，真他妈的难受，让不让人活了	1	0	0	0	0	0	0	0	0	0	0	0
处理不好与室友的关系，我就是一个傻子	0	0	1	0	0	0	0	0	0	0	0	0
我这种孤独的人存在于这个社团，我会对这个社团造成不好的影响的	0	0	0	0	0	0	0	0	1	0	0	0
什么破试卷什么破题，我真的受不了了	0	0	0	0	0	0	0	0	0	0	0	0
父母愿意教导我，我才觉得自己被需要。	0	0	0	0	0	0	0	0	0	0	0	0
我不仅现在承受着这种折磨，孩子生出来之后我还会面临身材走样，加速衰老等问题	0	0	0	1	0	0	0	0	0	0	0	0
因为距离问题，我和我的家里人不能经常见面，同时我们都不适应视频通话，所以发信息成了我们之间比较适合的沟通方式	0	0	0	0	0	0	0	0	0	0	0	0
不吃饭就不吃饭，怎么也不告诉我一声？难道天底下所有人都是这样不礼貌吗？	0	1	0	0	0	0	0	0	0	0	0	0
花更多时间陪伴孩子，是我作为家长的责任，我知道我在他们成长过程中的重要性，孩子的成长路上需要家长的指引，家长是个不可或缺的存在。	0	0	0	0	0	0	0	0	0	0	0	0
贞洁都没了，我基本上人生垮掉了吧。	0	0	0	0	0	1	0	0	0	0	0	0
反正都迟到了，那我就再睡一会。	0	0	0	0	0	0	0	0	0	0	0	0
我这么胖，每次从床上起来都好累，好郁闷，不如躺在床上睡大觉。	1	0	0	0	0	0	0	0	0	0	0	0
我真是一个不受欢迎的人	0	0	1	0	0	0	0	0	0	0	0	0
是不是因为我是一个不信者，所以没有孩子？	0	0	0	0	0	1	0	0	0	0	0	0
反正我什么都做不好，那就吧一切交给他们去做好了·，我不如躺在床上发呆	0	0	0	0	0	1	0	0	0	0	0	0
我要化压力为动力，像我的室友一样努力学习	0	0	0	0	0	0	0	0	0	0	0	0
老师罚我也是为了让我长点记性，下次不要忘带	0	0	0	0	0	0	0	0	0	0	0	0
我已经努力了，可是成绩还是上不去，看见爸爸这么对我我也很难受啊。为什么他不能理解我的心情？	0	0	0	0	0	0	0	0	0	0	0	0
就算是有急事这么做也太危险了，万一出了一点什么事故，谁来负责？	0	0	0	0	0	0	0	0	0	0	0	0
因为我又懒又馋，我可能是这样胖起来的。	0	0	0	0	0	0	0	0	1	0	0	0
唉，我这也劝不住啊，看她这么难过我也不好受，啧，怎么办呢	0	0	0	0	0	0	0	0	0	0	0	0
反正这个项目我也不想做，老师还给我摆脸色，这个项目跟我过不去，干脆不做了	1	0	0	0	0	0	0	0	0	0	0	0
治病要花很多钱吧，我家里人会觉得我是一个累赘。	0	0	0	1	0	0	0	0	0	0	0	0
我如此冷漠地对待家人，想必他们一定很后悔生了我这个不懂感恩的人吧！	0	0	0	1	0	0	0	0	0	0	0	0
他们都出去玩了，我也好想一起啊，不想再一直一个人呆坐在教室里了	0	0	0	0	0	0	0	0	0	0	0	0
诶哟，这背痛真是要人命，这么劳苦，还赚的少！我的天，真是烦死人了！这种日子我过什么过啊？一辈子都熬不出头！一头撞死算了	1	0	0	0	0	0	0	0	0	0	0	0
父亲背叛了我和妈妈，我要把这件事情放到明面上和他谈，妈妈也应该知道这件事情，至于妈妈是否选择继续和他生活我不不会干涉	0	0	0	0	0	0	0	0	0	0	0	0
喜欢别人有什么错，有错的是乱传闲话的人	0	0	0	0	0	0	0	0	0	0	0	0
我学历不高，也没啥经济头脑，我的人生真是失败	0	0	0	0	0	1	0	0	0	0	0	0
工作只是浪费了你一周的大部分时间，为了钱而胡说八道，你会用这些钱来延续愚蠢的生活循环。	1	0	0	0	0	0	0	0	0	0	0	0
我一直犹犹豫豫的，还不是因为自己考研也考不上，工作也找不到，都是我自己的无能。	0	0	0	0	0	0	0	0	1	0	0	0
为什么是他？为什么是那个曾经帮助我的人？这个世界上根本没有好人！所有人对我好都是为了剥夺我更多的东西！	0	1	0	0	0	0	0	0	0	0	0	0
我爸爸不喜欢我了，他讨厌我了	0	0	0	1	0	0	0	0	0	0	0	0
他就是对我有意见了，他就是故意针对我	0	0	0	1	0	0	0	0	0	0	0	0
HR不聘用我，在我的意料之中。毕竟这个公司是世界前五百强，我目前的能力还有所欠缺。	0	0	0	0	0	0	0	0	0	0	0	0
母亲真的希望我走吗，她为什么又这么巧合，她是不是故意生病的，为了留住我	0	0	0	0	1	0	0	0	0	0	0	0
既然这里没有饭店，那就回家吃吧，不差这一会	0	0	0	0	0	0	0	0	0	0	0	0
眼睛疼，最近这手机玩的太猛了。	0	0	0	0	0	0	0	0	0	0	0	0
这个宿舍，它像是一个恶梦的源头，我感到无比的恐惧，我必须离开。	1	0	0	0	0	0	0	0	0	0	0	0
没评上主席，我感觉有点沮丧，我表现的不是很漂亮，下次加油	0	0	0	0	0	0	0	0	0	0	0	0
我出去找同学了他们也不愿意和我玩，那我就一个人呆着吧	0	0	0	1	0	0	0	0	0	0	0	0
生活中每个微小的挫败都让我深感自责，连我爱人都无法理解我，我的存在就像是一个笑话。	0	0	0	1	0	0	0	0	0	0	0	0
他超车就是在挑衅我，我也要挑衅回去！等着，我现在就给他别回去！	1	0	0	0	0	0	0	0	0	0	0	0
疫情太可怕了，要是疫情不过去，是不是人类就要毁灭了？	1	0	0	0	0	0	0	0	0	0	0	0
我就是个倒霉蛋，一到好事就轮不上我	0	0	1	0	0	0	0	0	0	0	0	0
我不知道我的感觉是否真实。 我总是想象人们在看着我，我非常讨厌它，我希望他们走开，但他们不会。	1	0	0	0	0	0	0	0	0	0	0	0
都怪我身体太差了，熬几天夜就受不了了，我可真没用。	0	0	0	0	0	0	0	0	1	0	0	0
偷外卖的这个人一定是觉得去拿外卖的人那么多，谁知道谁是谁的？	0	0	0	0	0	0	0	0	0	0	0	0
她也是为了这个家，孩子是我们共同的，她喜欢孩子，在孩子身上有更多的精力也很正常	0	0	0	0	0	0	0	0	0	0	0	0
一定是因为我平时忽略了他们，所以他们才不跟我联系	0	0	0	0	0	0	0	0	1	0	0	0
我知道我要赡养老人，但我离开家才能赚到更多的钱，但我因为家人才走不了，这就是一个闭环。我永远也解不开	0	1	0	0	0	0	0	0	0	0	0	0
我为什么要买这玩意！我买点别的什么不好，我就会给自己找苦吃！我吃得苦还不够多吗！	0	1	0	0	0	0	0	0	0	0	0	0
每当我照镜子时，镜子里的那个人都仿佛在出声提醒我，我是个丑八怪，是个不配被爱的人	0	0	1	0	0	0	0	0	0	0	0	0
如今她们给我分的工作多，别的事情也会对我不公平，我总是会这样被别人欺负	0	1	0	0	0	0	0	0	0	0	0	0
输了所有的钱，我太痛苦了，世上没有后悔药	1	0	0	0	0	0	0	0	0	0	0	0
幸运之神从来没有眷顾过我，即使我努力准备了也不会拥有好运气	0	1	0	0	0	0	0	0	0	0	0	0
努力是看不到结果的，再坚持下去也没有任何意义。	0	0	0	0	1	0	0	0	0	0	0	0
大家在一起生活，是我总是太较真，凡事总要争对错，才会有现在的局面。	0	0	0	0	0	0	0	0	1	0	0	0
妈妈其实从很久之前很早之前就盘算着再要新宝宝吧，她根本不爱我	0	0	0	1	0	0	0	0	0	0	0	0
搞不懂外面有什么好玩的，万一出门感染个新冠，岂不是得不偿失。	0	0	0	0	0	0	0	0	0	0	0	0
妈妈似乎从未让我做出过自己的决定，我深深感受到被束缚的无力，似乎整个世界都在企图控制我。	1	0	0	0	0	0	0	0	0	0	0	0
总生病，我就是个病秧子	0	0	1	0	0	0	0	0	0	0	0	0
我这样肯定让父母失望了吧，他们肯定后悔生了我这个没出息的孩子	0	0	0	1	0	0	0	0	0	0	0	0
男人没有一个是好东西，他们都是下半身思考的动物，是欲望的奴隶。	0	1	0	0	0	0	0	0	0	0	0	0
如果让朋友们知道，他们肯定会觉得我有心理问题，他们会开始疏远我，将我当做异类来对待。	0	0	0	0	1	0	0	0	0	0	0	0
那份不该有的承诺，现在回想起来，如果我能拒绝，一切或许都会不同。	0	0	0	0	0	0	0	0	1	0	0	0
既然朋友最终都会被失去，那我何必去用力维系这些感情，没意义。	0	1	0	0	0	0	0	0	0	0	0	0
现在只有我在工作吧，接下来要干什么也不知道，只剩下无奈和空虚。	0	0	0	0	0	1	0	0	0	0	0	0
男友说自己需要更多空间，这在暗示我我们的感情完蛋了	0	0	0	0	1	0	0	0	0	0	0	0
考研真的遭天谴，这么难，压力全堆过来，快要被逼疯了。	1	0	0	0	0	0	0	0	0	0	0	0
他是讨厌我的，所以他今天不回来了	0	0	0	1	0	0	0	0	0	0	0	0
他们根本一点也不关心我，从来都不在意我的感受，我肯定不是他们亲生的孩子。	0	0	0	0	1	0	0	0	0	0	0	0
我总是在无休止的比较中沉沦，即使我比以前做得更好，他们还是在找新的比较目标，我始终不够好。	0	1	0	0	0	0	0	0	0	0	0	0
对父亲的不敬，令我遭受天神的惩罚。	0	0	0	0	0	0	0	0	1	0	0	0
我就是一个不会学习的笨学生	0	0	1	0	0	0	0	0	0	0	0	0
丈夫说的确实有道理，他天天工作这么辛苦，我就像个他身上的寄生虫，吃他的喝他的，我真无能，不能分担他的辛苦	0	0	0	0	0	0	0	0	1	0	0	0
他们肯定就是嫉妒我，才说觉得我难以相处。	0	0	0	0	1	0	0	0	0	0	0	0
没能成功当上主席，周围人一定会嘲笑我吧，看我吃瘪。	0	0	0	1	0	0	0	0	0	0	0	0
爸爸怎么会找小三？太恶心了！我真是无比愤怒！这样的人，糟蹋了妈妈的一片真心！这种人活着做什么，简直是浪费社会资源！我要让他付出应有的代价！	0	0	0	0	0	1	0	0	0	0	0	0
不要自卑了，女大十八变，说不定等长大了，我就可以变得好看了。	0	0	0	0	0	0	0	0	0	0	0	0
我自己协调能力不太行，学车失败也挺正常	0	0	0	0	0	0	0	0	0	0	0	0
巨大的工作量令我心力交瘁，我却无法摆脱这份工作，我认为公司令我痛苦，我的工作就是糟糕至极的。	0	0	0	0	0	1	0	0	0	0	0	0
她最近怎么老是跟我有矛盾啊，我以前跟她关系还不错啊，不错的都这样，那未来他们肯定都不喜欢我了，我肯定被他们孤立了。	0	0	0	1	0	0	0	0	0	0	0	0
说了就说了，也不是假话，更何况我确实是喜欢嘛，这下让他知道了也没啥大事吧。	0	0	0	0	0	0	0	0	0	0	0	0
没评我肯定是因为我太差了，我根本不配得到这份奖金。	0	0	0	0	0	0	0	0	1	0	0	0
我最近跟我的朋友说我准备考研，他们表示赞同，想给我多点时间，所以才不会来找我一起出去玩	0	0	0	0	0	0	0	0	0	0	0	0
每次我跟他们都有一点不符合的地方，孩子就是个麻烦。	0	0	1	0	0	0	0	0	0	0	0	0
总是吵来吵去的，烦死了，家庭关系就是充满了各种争吵。	0	1	0	0	0	0	0	0	0	0	0	0
我的家人为什么总是不主动联系我，是不是我表现的不好呢，心里有点难受	0	0	0	0	0	0	0	0	1	0	0	0
完了完了要死了！怎么走在路上都能被狗咬啊，最近真是糟糕透了，完全丧失了生活的动力	0	1	0	0	0	0	0	0	0	0	0	0
所有人都不爱我，包括他，大家只会觉得我是累赘	0	0	0	1	0	0	0	0	0	0	0	0
其他投资的人明明知道现在投资是错误的却不告诉我，他们是在拉我下水！	0	0	0	1	0	0	0	0	0	0	0	0
闹钟应该更新一下了，都叫不起来我了。	0	0	0	0	0	0	0	0	0	0	0	0
你们对我的态度已经伤了我的心，我感觉很失望很痛苦，我没法再和你们继续相处下去了，我不想和你们生活在一起	1	0	0	0	0	0	0	0	0	0	0	0
她心里没有我这个朋友了，我们以后也可能不会再有联系了	0	1	0	0	0	0	0	0	0	0	0	0
一定是因为我做的时间不够长，不够努力，他们才没看见的。	0	0	0	0	0	0	0	0	1	0	0	0
一直以来我都是不怎么讨人喜欢的，我性情孤僻又冷漠，想要表达善意的时候，最后总是词不达意，别人总是对我敬而远之，我也没有办法	0	0	1	0	0	0	0	0	0	0	0	0
他这种处理方式难免让我多想，跟他交往真是件麻烦的事	1	0	0	0	0	0	0	0	0	0	0	0
以前从来没有失眠过，最近突然失眠，我是不是得了绝症，要死了？	0	0	0	0	1	0	0	0	0	0	0	0
肥都减不掉活着还有什么意思？	0	0	0	0	0	1	0	0	0	0	0	0
这个孩子，竟然在这么小的年纪就开始反驳我！以后怎么可能会照顾我呢？我可以看到所有亲戚朋友对我投来的嘲笑的眼神	0	0	0	0	1	0	0	0	0	0	0	0
老板故意降低薪水，就是为了逼我们主动离开公司。	0	0	0	1	0	0	0	0	0	0	0	0
连孩子都管不好，我真不是一个合格的丈夫和父亲	0	0	1	0	0	0	0	0	0	0	0	0
坚持不懈，一如铁棒终将磨成针，只要展现出自我，必定能交到真朋友。	0	0	0	0	0	0	0	0	0	0	0	0
怎么办，我担心在活动时，我会不会被孤立无援。	0	0	0	0	0	0	0	0	0	0	0	0
我的妈妈没有叫我，她是故意让我迟到的	0	0	0	1	0	0	0	0	0	0	0	0
他们总是故意忽视我做的好事，只关注我犯的错，他们是不是对我有成见？	0	0	0	1	0	0	0	0	0	0	0	0
饭里的虫子，将我的世界染得一片灰暗，我无法从中看到任何希望的光线。	1	0	0	0	0	0	0	0	0	0	0	0
小丽从来都是昂首挺胸的，有这样的姿态的人肯定都觉得自己高人一等，都喜欢压别人一头	0	1	0	0	0	0	0	0	0	0	0	0
那就换一家吧还是，反正酒店多的是	0	0	0	0	0	0	0	0	0	0	0	0
之前都那么努力去加入他们那个小圈子了，也不见有什么回应，融入不了就融入不了吧，每个人都有每个人的生活，我也有其他朋友，因为这一点小事闹心不值当。	0	0	0	0	0	0	0	0	0	0	0	0
老板因为疫情捐赠了很多抗疫物资，所以我们的薪水少了也是正常的。	0	0	0	0	0	0	0	0	0	0	0	0
就让我再多睡一会儿，明早靠咖啡度命吧	0	0	0	0	0	0	0	0	0	0	0	0
这事我可得瞒得死死的，要是爸妈知道了，他们肯定会痛骂我，说我整天搞这些歪门邪道，觉得我一事无成，毁了家。	0	0	0	0	1	0	0	0	0	0	0	0
我才这么大就得了干眼症，我以后会变成瞎子的，我的人生被自己毁掉了。	0	0	0	0	0	1	0	0	0	0	0	0
怪罪自己疏忽。内心深处知道，若非我之过错，它或许还能在世。	0	0	0	0	0	0	0	0	1	0	0	0
我父母就是觉得他们家有钱，把我当成交易工具吧	0	0	0	1	0	0	0	0	0	0	0	0
她今天没有跟我一起吃饭，是不是她今天有什么事情啊，就一天罢了，明天再找她吃饭吧，也不差这一天。	0	0	0	0	0	0	0	0	0	0	0	0
像这样时间紧任务重的任务我从来没有一次完成得令人满意，我很担心这次也不会例外	1	0	0	0	0	0	0	0	0	0	0	0
人家今天或许有事吧，完全可以理解的	0	0	0	0	0	0	0	0	0	0	0	0
成绩不好，我就是只蠢猪。	0	0	1	0	0	0	0	0	0	0	0	0
父亲真是一个封建暴君，他觉得孩子都是他的附属物，控制欲极强，我压根不想理他！	0	0	1	0	0	0	0	0	0	0	0	0
然而这份感情是如此真挚，哪怕没有血缘关系，我们也是彼此最亲爱的家人	0	0	0	0	0	0	0	0	0	0	0	0
他一点都不想见到我这个无才无德的儿子，我从来都不能让他满意，都怪我不成器。	0	0	0	1	0	0	0	0	0	0	0	0
他说要和我绝交，他憎恶我了	0	0	0	1	0	0	0	0	0	0	0	0
这个孩子在一点一点消耗我，他一直在疯狂地折磨我，我真的要疯掉了	1	0	0	0	0	0	0	0	0	0	0	0
找他好好交流，说出矛盾原因所在，解决问题。	0	0	0	0	0	0	0	0	0	0	0	0
这次一毛钱都没了，接下来一段时间的生活还不知道怎么办呢，唉	0	0	0	0	1	0	0	0	0	0	0	0
都怪我，我应该直接把做好的东西给他的	0	0	0	0	0	0	0	0	0	0	0	0
这次他拒绝我了，我知道，我永远会孤独下去。	0	0	0	0	1	0	0	0	0	0	0	0
最近工作很忙，无暇顾及孩子是人之常情。	0	0	0	0	0	0	0	0	0	0	0	0
叫你睡觉之前不要看小说，不能喝咖啡，别吃东西，偏不听，现在好了，你就等着明天困死吧。这就是你自找的，你永远也学不会。	0	1	0	0	0	0	0	0	0	0	0	0
我在初试的时候十分有自信，这样突然的打击让我失去了全部自信，我开始怀疑自己的能力，像我这种废物找不到工作也是正常的。	1	0	0	0	0	0	0	0	0	0	0	0
我之前从来不知道怀孕是一件这么痛苦的事情，我每天都备受煎熬	0	0	0	0	0	0	0	0	0	0	0	0
真不明白结婚生子有什么意义，难道人生的意义在他们眼里就只有这些吗？	0	0	0	0	0	1	0	0	0	0	0	0
状态有点不佳，只要调整一下，我肯定能够集中注意力。	0	0	0	0	0	0	0	0	0	0	0	0
一点活下去的欲望都没有了，不过是在硬撑罢了_（_＿_）_	1	0	0	0	0	0	0	0	0	0	0	0
这一切都是我能力不足的结果，我没资格有任何自信，我应该全面否定自己的能力。	0	0	0	0	0	1	0	0	0	0	0	0
我连最基本的陪自己的孩子都做不到，我真是一个不合格的父亲	0	0	1	0	0	0	0	0	0	0	0	0
都是我的错，是我不好好学习才惹父亲不高兴了	0	0	0	0	0	0	0	0	1	0	0	0
审稿人为啥不给我过啊，他们都是一帮学阀	0	0	1	0	0	0	0	0	0	0	0	0
医生这个行业早晚要完蛋，没人愿意干这种吃力不讨好的工作了。	0	1	0	0	0	0	0	0	0	0	0	0
我本来想好好吃一顿，居然遇到这样的事，感觉今天一天的好心情都消失了	1	0	0	0	0	0	0	0	0	0	0	0
不是吧，这也太遗憾了，我可是盼这一天盼了好久了啊！	0	0	0	0	0	0	0	0	0	0	0	0
狗狗死之前眼中饱含着对我的谴责啊，它一定是怪我不能救它	0	0	0	1	0	0	0	0	0	0	0	0
我的老板肯定以后都不会再信任我了，他肯定觉得我是一个不靠谱的人	0	0	0	0	1	0	0	0	0	0	0	0
公司最近的效益不好，老板也有他的难处。	0	0	0	0	0	0	0	0	0	0	0	0
我已经习惯于父亲的爆发，他的情绪波动源于对我深深的关爱。	0	0	0	0	0	0	0	0	0	0	0	0
怎么在线上办公的效率这么低呢，我不会以后会了公司也一直是这种低效率状态吧	0	0	0	0	1	0	0	0	0	0	0	0
他提出新需求是因为我之前做的不够好，不够完美，是我的错。	0	0	0	0	0	0	0	0	1	0	0	0
我明明只和周围的人说了这件事呀，真是的，我周围人都是一群告密的小人。	0	0	1	0	0	0	0	0	0	0	0	0
真烦死，有什么好准备的，反正好好复习也没用，我再也不认真学习了。学习就是一场骗局，我们都是受害者。	0	0	0	0	0	1	0	0	0	0	0	0
我很害怕，如果选了一个不适合我的选项，我的未来就完了	0	0	0	0	0	1	0	0	0	0	0	0
我被流浪狗咬了一口，我已经可以看见狂犬病的阴影向我逼近。这一切治疗费用会让我无法支付房租	0	0	0	0	1	0	0	0	0	0	0	0
没人找我玩，因为我懒惰，渴望得到关注。	0	0	1	0	0	0	0	0	0	0	0	0
孩子学习成绩不好，以后肯定找不到好工作	0	0	0	0	1	0	0	0	0	0	0	0
我认为自己是个丢三落四的人，这么重要的东西都能弄丢，我感到很伤心。	0	0	1	0	0	0	0	0	0	0	0	0
我对她们是否有伴侣并不在意，我享受单身	0	0	0	0	0	0	0	0	0	0	0	0
我无法成功调节自己，我无法调整经常性工作与生活的关系，我的生活一团糟。	0	0	0	0	0	1	0	0	0	0	0	0
是不是上次的工作机会老板给我了让她难堪了呀，所以她才这么报复我，我真是不该接受老板的那份好意	0	0	0	1	0	0	0	0	0	0	0	0
他们是怎么知道这个秘密的？气死我了！果然暗恋就不会有好结果。	1	0	0	0	0	0	0	0	0	0	0	0
又突然醒了，还要担心明天的工作，人生的痛苦简直永无止境。	0	1	0	0	0	0	0	0	0	0	0	0
她这么不懂事，以后一定会分手的，不如早点分手早点找下一家	0	0	0	0	1	0	0	0	0	0	0	0
哥哥享尽了这个家庭的宠爱，他心里肯定一直都对我这个处处不受宠的妹妹不屑一顾	0	0	0	0	1	0	0	0	0	0	0	0
他们关系本来就比我好，人家一起出去玩就出去玩吧。	0	0	0	0	0	0	0	0	0	0	0	0
我是那个选择吃原味意大利面而不是在上面放酱汁的人。	0	0	0	0	0	0	0	0	0	0	0	0
我为小狗这么难过，因为他是支撑我生活的唯一力量，从别人那里我都感受不到任何温暖。	0	1	0	0	0	0	0	0	0	0	0	0
老板知道又要骂我，到时候肯定还要扣工资，这破班，真不想上了	0	0	0	1	0	0	0	0	0	0	0	0
我的朋友已经开始讨厌我了，我的家人也对我失望了，没有工作，没人认可我	0	0	0	1	0	0	0	0	0	0	0	0
我长的这么丑，我以后不如不要出门了	1	0	0	0	0	0	0	0	0	0	0	0
这时间能撞上，我真是个不会处理问题的笨蛋	0	0	1	0	0	0	0	0	0	0	0	0
我这一辈子都没说对过什么话，我每次说得都是错的，每次都是。	0	1	0	0	0	0	0	0	0	0	0	0
我不应该出门玩，父亲会生气都是我的错，我没有做好我该做的，我愧对于他。	0	0	0	0	0	0	0	0	1	0	0	0
前面好像有个超市，加油，马上就到了。	0	0	0	0	0	0	0	0	0	0	0	0
老板这么认为自然有他的道理，也许确实还有比我更出色的员工，我应该继续努力。	0	0	0	0	0	0	0	0	0	0	0	0
我是这次事件的受害者，这不是我的错。我会向警方求助，我相信他们会帮我追回公道。	0	0	0	0	0	0	0	0	0	0	0	0
连一个简单的PPT都做不好，那我又能在其他领域做出什么气候呢？啥都不行，我的人生，真的好失败啊	0	0	0	0	0	1	0	0	0	0	0	0
葬礼上的那些人根本不悲伤！他们好冷漠，就喜欢看别人痛不欲生	0	0	0	1	0	0	0	0	0	0	0	0
别看大家表面上一团和气，但是实际上也只是表面功夫罢了。	0	0	0	1	0	0	0	0	0	0	0	0
不用再比了，我什么都比不过别的孩子，也永远比不过别的孩子行了吧	0	1	0	0	0	0	0	0	0	0	0	0
我好崩溃，我还有那么多工作要做，为什么偏偏是我啊，为什么我要承受这种痛苦，我的人生完了。	0	0	0	0	0	1	0	0	0	0	0	0
虽然不满意，但这也是孩子努力的结果，我心里还是感到很开心。	0	0	0	0	0	0	0	0	0	0	0	0
我现在没能照顾好父母，以后也不会有什么进展了	0	1	0	0	0	0	0	0	0	0	0	0
孩子的世界很单纯，一丝接受不了很正常，慢慢来吧	0	0	0	0	0	0	0	0	0	0	0	0
作为男人连婚礼都办不起，连彩礼都给不起，我就是个失败的男人。	0	0	0	0	0	1	0	0	0	0	0	0
还是我太孤僻了，大家都不敢和我交往，我怎么会是这样的性格，这么古怪又难伺候	0	0	0	0	0	0	0	0	1	0	0	0
他想接就接，不想接就不接，这是他的自由	0	0	0	0	0	0	0	0	0	0	0	0
付出了这么多心血去做，结果竟然文件丢失了，我就是个无能的人。	0	0	1	0	0	0	0	0	0	0	0	0
我不知道接下来我该做什么，就像有一条路可以走，但那条路有一扇锁着的门，所以我无法通过	1	0	0	0	0	0	0	0	0	0	0	0
可能是丢掉了，也可能是暂时找不到，没关系万一哪天忽然就想起来了，也算是份惊喜	0	0	0	0	0	0	0	0	0	0	0	0
我感觉我已经脏了，不配做一个好女孩，以后没有人会爱我了，我十分悲伤。	0	0	0	0	1	0	0	0	0	0	0	0
防微杜渐，让我接受一下现代医疗技术。	0	0	0	0	0	0	0	0	0	0	0	0
我才不要和她说话，她一定又会对我阴阳怪气的，她总是这样，没意思。	0	0	0	0	1	0	0	0	0	0	0	0
我为什么要是一个女生，我要是一个男生该多好，就没有这么多破事了	1	0	0	0	0	0	0	0	0	0	0	0
在其位却不能谋其职，早该辞职不干了，省的在这里同学们也不爱听，我还天天受这气。	1	0	0	0	0	0	0	0	0	0	0	0
算了，现在怎么做都没有用了，我的问题没人能解决	0	1	0	0	0	0	0	0	0	0	0	0
我始终比不上他人之子，无论我尝试何种事物，我都无法与他人相比。	0	1	0	0	0	0	0	0	0	0	0	0
我从来没因为这种事情被罚过，从现在开始我再也不是好学生了	0	0	0	0	0	1	0	0	0	0	0	0
我无法战胜自己内心的这些该死的感觉，失败，绝望，这就是我的生活吧。	1	0	0	0	0	0	0	0	0	0	0	0
我竟然觉得他们很麻烦，我真是太不懂感恩，太不孝顺了，不可以这样。我一定是个恶劣的孩子，连自己的父母都不能容忍。	0	0	1	0	0	0	0	0	0	0	0	0
这项工作有点难，我先休息一下，下午再接着干活吧	0	0	0	0	0	0	0	0	0	0	0	0
怎么最近都这么晚才回来？真是让人担心烦躁！早知道如此，不如当初就不要这个孩子，白白让人烦恼！	0	0	0	0	0	1	0	0	0	0	0	0
大家都会瞧不起我，觉得我连彩礼钱都付不起，我真是可悲的人。	0	0	1	0	0	0	0	0	0	0	0	0
吃鸭脖被卡到，工作也注意不了细节，干什么事儿都粗枝大叶，根本成不了气候！	0	1	0	0	0	0	0	0	0	0	0	0
到公司已经好长时间了，我却连大家的名字都没弄清楚，唉，真是懊恼，或许我就不应该在这个公司呆着	1	0	0	0	0	0	0	0	0	0	0	0
每次都能因为一点鸡毛蒜皮的小事吵起来，迟早有一天我们会打起来！	0	0	0	0	1	0	0	0	0	0	0	0
我不能再继续上班了，我只能躺在加拉度日	1	0	0	0	0	0	0	0	0	0	0	0
这就是对我饮食无度、健康放任的恶果，这是我应得的报应。	0	0	0	0	0	0	0	0	1	0	0	0
现代人谁还没个失眠的时候呢，闭上眼听天由命吧	0	0	0	0	0	0	0	0	0	0	0	0
在同学们面前出丑，让我感觉世界充满恐怖，就像是无边的深渊，吞噬着我。	1	0	0	0	0	0	0	0	0	0	0	0
经常和室友产生矛盾，我要思考问题出在哪里，好好的解决	0	0	0	0	0	0	0	0	0	0	0	0
父母肯定觉得我是一个累赘！他们觉得我是怪物。	0	0	0	1	0	0	0	0	0	0	0	0
我准备放下手头工作，好好陪陪孩子，给他以充分的关爱。	0	0	0	0	0	0	0	0	0	0	0	0
前些日子他们对我有些冷淡，我融入不进去，或许我不应该过分介入。	0	0	0	0	0	0	0	0	0	0	0	0
我不能适应，我类绝对会被社会淘汰的。	0	0	0	0	1	0	0	0	0	0	0	0
我似乎是唯一一个患肿瘤的，我想他们看到我可能会觉得我既悲伤又可怜。	0	0	0	1	0	0	0	0	0	0	0	0
我与他们就是格格不入的，我没法融入进去，没人能跟我成为朋友	0	1	0	0	0	0	0	0	0	0	0	0
好疼啊，胃疼太痛苦了，喝点儿胃药。	0	0	0	0	0	0	0	0	0	0	0	0
算了吧，也不是什么不好的事情，人之常情	0	0	0	0	0	0	0	0	0	0	0	0
弟弟也打电话指责抱怨我，说我不应该那样对待父母，他们就是联合起来攻击我，就是想让我认错！	0	0	0	1	0	0	0	0	0	0	0	0
所有领导都一样，专门找机会打压我们这些小员工，他们的目的就是让我们过得不好！	0	1	0	0	0	0	0	0	0	0	0	0
现在不能松口，这次同意她的方案了，以后就都要受制于她了	0	1	0	0	0	0	0	0	0	0	0	0
这个环境里的人是不是都很不友善啊	0	1	0	0	0	0	0	0	0	0	0	0
全天下父母一个样，他么不会在乎我们小孩开不开心	0	1	0	0	0	0	0	0	0	0	0	0
我明明都是按老师画的考点准备的，难道是老师故意想让我们挂科吗	0	0	0	1	0	0	0	0	0	0	0	0
真的我好失败，什么也做不了	0	0	0	0	0	1	0	0	0	0	0	0
溅到身上的不只是咖啡，还有破坏我一天好心情的利刃，我这一天都因为这件事不好了	1	0	0	0	0	0	0	0	0	0	0	0
连一碗水端平都做不到，我可真是一个不顶用的师姐。	0	0	1	0	0	0	0	0	0	0	0	0
我是个不能考出好成绩的不肖子孙	0	0	1	0	0	0	0	0	0	0	0	0
那两女生看了我一眼，是在笑话我的身材吧。	0	0	0	1	0	0	0	0	0	0	0	0
我什么时候惹到她了，我没什么对不起她的，她为什么这么对我	0	0	0	0	0	0	0	0	1	0	0	0
就目前情况来看，背部出现问题了是肯定的，我现在需要去医院就医查明原因并治疗	0	0	0	0	0	0	0	0	0	0	0	0
我和父母没有血缘的羁绊，但他们这些年来对我的好确实是没得说	0	0	0	0	0	0	0	0	0	0	0	0
我的存在是个错误，从头到尾都错了，没有人会接受我这样奇怪的人。	0	0	0	0	0	1	0	0	0	0	0	0
本来就堵车，还要超我车，真是有病，烦死了，还遵守什么交通规则啊，不如开应急车道直接走了。	1	0	0	0	0	0	0	0	0	0	0	0
没有我，小狗可能会更幸福，我是害人的，对不起小狗	0	0	0	0	0	0	0	0	1	0	0	0
烦死我了！本来还想在寝室煮一点火锅的，这下泡汤了！这电器就是个垃圾！	1	0	0	0	0	0	0	0	0	0	0	0
对不起，对不起，我是如此的丑陋，我真的对此感到羞愧。	0	0	0	0	0	0	0	0	1	0	0	0
丈夫这么骂我我可怎么办啊，跟父母说肯定不会有用的，他们都是劝分不劝合，不会体谅我的辛苦	0	0	0	0	1	0	0	0	0	0	0	0
我怎么连课堂纪律都管不好，一群小孩就能给我闹成这样，我根本就不是个好老师，对孩子们一点帮助都没有。	0	0	0	0	0	0	0	0	1	0	0	0
我真是无能到极点，一点工作压力就让我身体垮下。我在小时候就应该好好吃饭，锻炼身体，现在这弱不禁风的样子，都是我自己造成的。如果我能更坚韧一些，就不会这样了。	0	0	0	0	0	0	0	0	1	0	0	0
我好悲哀，就我这样懦弱我以后还能干成什么事啊？	1	0	0	0	0	0	0	0	0	0	0	0
我的电脑是被人弄坏的，他根本不是自然坏的，我被人嫉妒了	0	0	0	1	0	0	0	0	0	0	0	0
我没有当选，我的人生一片灰暗，活着真没意思	0	0	0	0	0	1	0	0	0	0	0	0
这个同学可能还需要一些引导，我需要特别关注她一下	0	0	0	0	0	0	0	0	0	0	0	0
要是让别人看到没有人陪我吃饭，他们一定会觉得我很可怜吧，这可真悲哀！	0	0	0	1	0	0	0	0	0	0	0	0
明明我干了那么久的家务，他们一点反应没有，要我说他们就是故意不尊重我的劳动成果！	0	0	0	1	0	0	0	0	0	0	0	0
所有亲密关系都会走向这一步，如果是这样我宁愿我们只是普通朋友	0	1	0	0	0	0	0	0	0	0	0	0
我竟然才反应过来两周都没有接到过消息和电话，仔细想一想我也很享受这种生活。	0	0	0	0	0	0	0	0	0	0	0	0
明知道习惯有差异，我还适应不了，我可真是一个挑刺儿到不行的人。	0	0	1	0	0	0	0	0	0	0	0	0
我为这个家辛辛苦苦付出了这么多！你们却这样回报我，我活着还有什么意义！	0	0	0	0	0	1	0	0	0	0	0	0
干嘛非得才艺表演，是年夜饭不香吗？还是春晚节目不好看？多此一举。	0	0	0	0	0	0	0	0	0	0	0	0
我跟大家说我压力大，大家一定觉得我很矫情，觉得我实在哗众取宠	0	0	0	1	0	0	0	0	0	0	0	0
她们关系真好我肯定永远都无法融入她们。永远都是被孤立的那个。	0	1	0	0	0	0	0	0	0	0	0	0
我从小就不爱讲话，十分阴郁，我被排挤也是正常的，毕竟我是个奇怪的人。	0	0	1	0	0	0	0	0	0	0	0	0
我将陷入永远的迷茫，与恐惧当中，我对集中不了注意力感到焦虑。	0	1	0	0	0	0	0	0	0	0	0	0
人到中年被降薪，我是在是太失败了	0	0	0	0	0	1	0	0	0	0	0	0
我能力就到这里，我去不了好公司的	0	0	0	1	0	0	0	0	0	0	0	0
有时我觉得我不再是一个人。我的朋友们认为我什至不被称为一个人。我总是把每个人都推开。我妈妈不理解我。她让我觉得一切都是我的错	0	0	0	1	0	0	0	0	0	0	0	0
每天这样努力工作好累啊，可是停下来就会落后于他们	0	0	0	0	0	0	0	0	0	0	0	0
我都不敢照镜子，我这么这么丑啊，我就是一个不漂亮的人。	0	0	0	0	0	0	0	0	0	0	0	0
我厌烦了，这没办法解决了，还不如任由它发展。	0	0	0	0	0	0	0	0	0	0	0	0
我做不出来这道题，我完蛋了，为什么我的生活如此尴尬。	0	0	0	0	0	1	0	0	0	0	0	0
我连不能吃饼干这么小的事项都记不住，我真废物，我活着还有什么意义。	0	0	0	0	0	1	0	0	0	0	0	0
女性爱美是正常的，虽然确实有点浪费，不过我尊重我夫人的爱好，每天穿的好看很重要呀	0	0	0	0	0	0	0	0	0	0	0	0
实在是不可理喻，试图和别人沟通是解决问题最没用的方法，再也不想和她说话了。	0	0	0	0	0	1	0	0	0	0	0	0
一定会因为我不足而导致老师的项目停滞不前。	0	0	0	0	0	0	0	0	1	0	0	0
 我连女儿都教育不好，我做什么事情都不会成功的。	0	0	0	0	1	0	0	0	0	0	0	0
我难受的想死，我就不该养任何生物，养宠物都是令人难过的。	1	0	0	0	0	0	0	0	0	0	0	0
这么重要的岗位往届公司都很多啊，他们肯定觉得我才不配位，但又没人了所以才用我，但不给那么多的薪水是故意恶心我是吧	0	0	0	0	1	0	0	0	0	0	0	0
这个社会没有人会喜欢精神病的，我完了，我活不下去了	0	0	0	0	0	1	0	0	0	0	0	0
让父母这样伤心，我真是个不孝子！这么多年的教育，就培养出我这样的白眼狼！	0	0	1	0	0	0	0	0	0	0	0	0
我看我就算活到死都学不会好好说话了	0	0	0	0	1	0	0	0	0	0	0	0
或许我需要好好地休息和放松一下自己，尝试喝一些助眠的饮品，多多锻炼。但是我肯定做不到，我总是在关键时刻让自己失望。	0	0	0	0	0	1	0	0	0	0	0	0
我想象着她指责的眼神和尖锐的话语，她一定会在我无法满足她需求的时候怒斥我无能。	0	0	0	1	0	0	0	0	0	0	0	0
现在学习搞不好，他以后要怎么养活自己，等父母不在了，他只能流落街头。	0	0	0	0	1	0	0	0	0	0	0	0
她一定是故意这么做的！她就是想让我在所有同学面前出丑！	0	0	0	1	0	0	0	0	0	0	0	0
别人都能流利表达，就我嘴笨，他们一定会嘲笑我吧。	0	0	0	0	1	0	0	0	0	0	0	0
工作压力可能让我过度思考，我需要放松一下。	0	0	0	0	0	0	0	0	0	0	0	0
我不是个好老师，教了出这样的学生，学校、家长都不会接受我的。	0	0	0	0	1	0	0	0	0	0	0	0
朋友就是相互麻烦的，今天我的腿受伤，他帮了我，以后他有问题了，我肯定二话不说就去帮他。	0	0	0	0	0	0	0	0	0	0	0	0
我的看我那么胖的体型一定会觉得我是一个好吃懒做的家伙，对我的感观和评价会下降的	0	0	0	1	0	0	0	0	0	0	0	0
我怎么没有才艺呢，什么都不会感觉好尴尬啊	0	0	0	0	0	0	0	0	0	0	0	0
刚好趁这段时间，研究一些新口味出来，吸引更多新顾客。	0	0	0	0	0	0	0	0	0	0	0	0
我就是这样一个没出息的人，我就是什么都做不好	0	0	1	0	0	0	0	0	0	0	0	0
我应该努力尝试与他们沟通交流，让我们一起成为朋友	0	0	0	0	0	0	0	0	0	0	0	0
他们肯定是个一针对我，才给我怎么多工作让我忙不过来，我这么忙才会头晕的。	0	0	0	0	1	0	0	0	0	0	0	0
 以后除了工作上需要交接的地方，私下里还是少交流吧。	0	0	0	0	0	0	0	0	0	0	0	0
我真的懒得摆什么好脸色了，反正别人都不在乎我。	0	1	0	0	0	0	0	0	0	0	0	0
烦死了，我看我接下来还是躺在床上啥也别做吧，真是诸事不顺。	1	0	0	0	0	0	0	0	0	0	0	0
连这么简单的事情我都能给办砸，我还能有什么大出息，去工地搬砖得了。	0	0	0	0	0	1	0	0	0	0	0	0
是我做得不够好，怪我没顾虑到她们的心情，都怪我不能维护好我们之间的感情，我真没用，连这点小事都做不好	0	0	0	0	0	0	0	0	1	0	0	0
肯定是我不够懂事，没能维持好父母的关系他们才变成这样的，我真是给没用的小孩	0	0	0	0	0	0	0	0	1	0	0	0
我的同事看我这么困，肯定觉得我晚上总出去玩，觉得我是一个不正经的人	0	0	0	1	0	0	0	0	0	0	0	0
那些女生肯定觉得我在装柔弱了吧，看她们在窃窃私语的，一定是在说我	0	0	0	1	0	0	0	0	0	0	0	0
存在的意义被我质疑，作为一个儿子我满是遗憾，只留给父亲深深的忧虑和期盼。	0	0	0	0	0	0	0	0	1	0	0	0
不偷工减料的人反而干的更多是吧？真是不公平，天下的老板一般黑心	0	1	0	0	0	0	0	0	0	0	0	0
我真是个失败者，哥哥姐姐们都比我优秀，父母当然会更关注他们，我永远也赶不上他们的成就。	0	1	0	0	0	0	0	0	0	0	0	0
我一定给那个男生带来困扰了吧，他肯定被人嘲笑了，我只是觉得太过分了，我伤害了那么多人，我是一个负担。	0	0	0	0	0	0	0	0	1	0	0	0
小狗去世这件事我没办法解决，我会一直难过下去	0	0	0	0	1	0	0	0	0	0	0	0
这是我唯一的心血啊！好痛心，开店真是一个让人痛苦的事情。	1	0	0	0	0	0	0	0	0	0	0	0
到底是谁把这事说出去的呀？真是烦人。	0	0	0	0	0	0	0	0	0	0	0	0
这次减肥再失败，朋友们一定会嘲笑我达不成自己的目标的	0	0	0	1	0	0	0	0	0	0	0	0
真是倒霉，被狗咬了，我估计几天内就会因为狂犬病离世	0	0	0	0	1	0	0	0	0	0	0	0
我已经被玷污了，是一个肮脏的人了，丧失了属于自己的清白，再也不配享有纯洁的爱情	0	0	1	0	0	0	0	0	0	0	0	0
再坚持一下说不定就见效了	0	0	0	0	0	0	0	0	0	0	0	0
爸爸妈妈都不爱我，我这一辈子都不会有人爱，谁看见我都会觉得我让人讨厌！	0	1	0	0	0	0	0	0	0	0	0	0
我真是不想和他说话，我俩观点不合，以后说啥他肯定都会反驳我。	1	0	0	0	0	0	0	0	0	0	0	0
我的人生还有什么希望，将永远活在她的阴影之中，不得脱身。	0	0	0	0	1	0	0	0	0	0	0	0
我刚才跟虫子吃了同一碗饭，恶心得我恨不得原地去世	0	0	0	0	0	1	0	0	0	0	0	0
肯定是我表现得还不够好	0	0	0	0	0	0	0	0	0	0	0	0
实在找不到就算了吧，着急也没用，说不定那天拿别的东西的时候就再某个角落里发现它了	0	0	0	0	0	0	0	0	0	0	0	0
火速检查是否真的没保存，确定真的没有了     就算我今天血压飙到5: 以偏概全0: 非此即彼0: 非此即彼它也都没有了，回不来了，不如抓紧时间再做一份，让我看看重做的速度会加快多少，应该一会就做完了	0	0	0	0	0	0	0	0	0	0	0	0
老板就是想排挤走我，所以让我不停加班	0	0	0	1	0	0	0	0	0	0	0	0
他觉得我很没用吧，治不好患者还安抚不好患者的情绪，马上就会降我的职。	0	0	0	0	1	0	0	0	0	0	0	0
我不如别人家的孩子，我再也无法翻身了	0	0	0	0	0	1	0	0	0	0	0	0
孩子对不起，我没有给你足够多的陪伴，我是一个不负责任的家长	0	0	0	0	0	0	0	0	0	0	0	0
听妈妈说她怀我的时候也难受过一阵子，更何况，吃这么点苦就能得到新生命，值得。但是我不知道自己能不能像妈妈一样坚强，如果我承受不了，我就是个失败的母亲。	0	0	0	0	0	1	0	0	0	0	0	0
她不来陪我吃饭，肯定是我没当好一个朋友，我真是太不合格了	0	0	0	0	0	0	0	0	1	0	0	0
我还有足够的鸭脖，怎能被一次小小的挫折吓倒，今天要大战鸭脖到底。	0	0	0	0	0	0	0	0	0	0	0	0
有啥大事吗？如果我不想表演，他们也不能强迫我。	0	0	0	0	0	0	0	0	0	0	0	0
每天这些时候我就觉得自己是个垃圾，我连睡觉都不行	0	0	1	0	0	0	0	0	0	0	0	0
老师以后再也不会像以前一样欣赏我了，她一定在心里觉得我是一个粗心大意，不求上进的学生	0	0	0	1	0	0	0	0	0	0	0	0
天天医闹，这医院是一天也待不下去了，趁早收拾收拾回家吧	0	1	0	0	0	0	0	0	0	0	0	0
虽然说担心也没用，但是还是好担心啊，控制不住的担心	1	0	0	0	0	0	0	0	0	0	0	0
我催他他会觉得我对他不满吧，反正也没多长时间，还是再等等吧。我是不是太懦弱了，总是害怕得罪人？	0	0	0	1	0	0	0	0	0	0	0	0
我不联系别人，别人就也不会主动联系我，我和朋友之间的友谊全靠我一个人的付出来维持	0	1	0	0	0	0	0	0	0	0	0	0
我已经能想象到他们在背后议论我样子了，我将成为他们茶余饭后的谈资	0	0	0	1	0	0	0	0	0	0	0	0
成绩这么低，好担心爸爸妈妈知道了会伤心啊	0	0	0	0	0	0	0	0	0	0	0	0
唉，没控制住自己，这次已经吃了也没办法了，下次不要再这样了。我总是这样，一次又一次地让自己失望。	0	1	0	0	0	0	0	0	0	0	0	0
美好的旅行被打乱，下一次的安排不知道要等到何时，就像一次美好的旅行被阴霾笼罩，此行，已经全盘皆输。	0	0	0	0	0	1	0	0	0	0	0	0
为啥这堆活都给我干啊，是不是因为我得罪他了	0	0	0	1	0	0	0	0	0	0	0	0
我为什么没有好好热身，我总做这种自作聪明的事情，最后还不是自己害了自己。	0	0	0	0	0	0	0	0	1	0	0	0
领导如此严厉地批评我，都是我的错，都怪我代表公司竞标失败了。	0	0	0	0	0	0	0	0	1	0	0	0
我不应该和父母吵架的，这样太不懂事了。	0	0	0	0	0	0	0	0	0	0	0	0
我看她就是不想嫁给我，才故意要这么多钱的	0	0	0	1	0	0	0	0	0	0	0	0
辛辛苦苦工作了这么久，老板都还不认可我，我真的是太失败了。	0	0	0	0	0	1	0	0	0	0	0	0
管他什么事，针对我，对我不满呗	0	0	0	1	0	0	0	0	0	0	0	0
朋友刚刚一直盯着我的衣服，肯定是在偷偷嘲笑我，我要和他绝交	0	0	0	1	0	0	0	0	0	0	0	0
他们，他们怎么会做出这种事，太恶劣了，我，我该怎么办	1	0	0	0	0	0	0	0	0	0	0	0
看来失败是我一生的主题，每次尝试都像是提前预定好的挫折。	0	1	0	0	0	0	0	0	0	0	0	0
我这么胖，我真的搞砸了。那种你无法恢复的搞砸了。	0	0	0	0	0	1	0	0	0	0	0	0
这个职务虽然有挑战性，但是也是一种历练，加油！	0	0	0	0	0	0	0	0	0	0	0	0
学习任务这么紧张的时候我却脑袋昏昏，这下糟了，我之前学的东西都白费了，我不在是好学生了	0	0	0	0	0	1	0	0	0	0	0	0
什么书啊，我不读书也罢，简直是在开我的玩笑，究竟是在做什么事啊	1	0	0	0	0	0	0	0	0	0	0	0
其他室友明知道我俩关系很僵还不来劝说，肯定是为了看热闹。	0	0	0	1	0	0	0	0	0	0	0	0
我迫切地想融入他们，却什么也做不了，无论我怎么做都会被他们排斥在外	0	0	0	0	1	0	0	0	0	0	0	0
我是不会处理关系的机器，能不能有人来救救我啊	0	0	1	0	0	0	0	0	0	0	0	0
对不起，对不起，真不好意思 是我成为了您的女儿 	0	0	0	0	0	0	0	0	1	0	0	0
他们都见不得我好，讨厌我，厌烦我。	0	0	0	1	0	0	0	0	0	0	0	0
我真没用，都一上午了什么都没写出来，不想干了	0	0	1	0	0	0	0	0	0	0	0	0
我要是考虑到所有可能情况就不会像现在一样窘迫了	0	0	0	0	0	0	0	0	1	0	0	0
让我大半夜点外卖，被偷了也活该。	0	0	0	0	0	0	0	0	0	0	0	0
觉得自己像个小丑，所有举动令人发笑。	0	0	1	0	0	0	0	0	0	0	0	0
对与自己朝夕相处的舍友的请求都视而不见，我真是个特立独行的家伙	0	0	1	0	0	0	0	0	0	0	0	0
先不告诉父母吧，毕竟也没查出来什么问题，告诉他们还担心，还会谴责我，可能就是最近熬夜太猛了吧，最近调整一下生物钟，早睡早起。	0	0	0	0	0	0	0	0	0	0	0	0
这老师又凶又不听人解释，被他抓到真是我倒大霉了。为什么只有我遇到这么恶劣的老师，这是我一生中最糟糕的时刻。	0	0	1	0	0	0	0	0	0	0	0	0
我这一生没做什么恶事，怎么坏事却一件都饶不了我。我一定是命里带着大霉运，要不然怎么会老是遇到这种事情呢？	0	1	0	0	0	0	0	0	0	0	0	0
明天就要工作汇报，结果ppt关键时刻没了，我的人生全完了。	0	0	0	0	0	1	0	0	0	0	0	0
我昨天睡得太晚，如果我早点睡，也许能选上这个我梦寐以求的职位。	0	0	0	0	0	0	0	0	0	0	0	0
这个时间起床再睡也休息不好了，明天的工作要废了。	0	0	0	0	1	0	0	0	0	0	0	0
我没法平衡孩子和工作之间的关系的，这实在太难了，我做不到，所以只能委屈我的孩子了	0	0	0	0	0	1	0	0	0	0	0	0
我省在这个家的意义就是长大早早的嫁出去然后让他们拿彩礼，我只是一个赚钱工具	0	0	1	0	0	0	0	0	0	0	0	0
以后的日子都要这么过下去，永远要兼顾工作和家庭，以后也做不到两头兼顾的，明天也会是这样痛苦的境地。	0	0	0	0	1	0	0	0	0	0	0	0
失眠情况太严重了，我得去医院看看，让医生给我开点药。	0	0	0	0	0	0	0	0	0	0	0	0
啊，上司真是昏头，怎么会有这么大的工作量都分到一个人身上的工作分配啊	0	1	0	0	0	0	0	0	0	0	0	0
不必太在意，他可能是因为某些事情而心烦。	0	0	0	0	0	0	0	0	0	0	0	0
没必要操心，我做家务并不是为了在他们面前装模作样。	0	0	0	0	0	0	0	0	0	0	0	0
每晚睡不着我都会胡思乱想，越是想结束这种胡思乱想脑袋里的想法就越混乱	1	0	0	0	0	0	0	0	0	0	0	0
这就这么生气，以后肯定连家门都不让我出了，我的朋友们现在会怎么看我，看来我已经无法再在他们面前挺直腰板了。	0	0	0	0	1	0	0	0	0	0	0	0
糟糕，衣服穿反了，那我一会儿见女神呢，准得谈崩了，这下肯定追不到她了。	0	0	0	0	0	0	0	0	0	0	0	0
是病就不是好事，心中多少有些焦虑	0	0	0	0	0	0	0	0	0	0	0	0
我最近零食吃太多了，这是生活给我的一个暗示，告诫我要控制自己的食欲	0	0	0	0	0	0	0	0	0	0	0	0
这段时间不敢点外卖了，怕被偷。我很穷的！	0	0	0	0	0	0	0	0	0	0	0	0
可能是我平时忽视了人际交往，我应该多和他们交流	0	0	0	0	0	0	0	0	0	0	0	0
我完全不知道怎么与他们相处，肯定不是我努力就能实现的	0	0	0	0	1	0	0	0	0	0	0	0
好不容易找到一份工作，我却连基本的努力工作都做不到，我真失败啊。	0	0	0	0	0	1	0	0	0	0	0	0
这次的展示我说得这么差，他们下次肯定不会再让我展示了，我真没用	0	0	0	0	1	0	0	0	0	0	0	0
这群坏孩子，既不懂得体谅父母也不好好学习，真是白养他们这么大了。	0	0	1	0	0	0	0	0	0	0	0	0
他们肯定不会原谅我的，我现在再说什么都是无济于事，算了，就这样吧，我现在什么都不想干了	0	0	0	1	0	0	0	0	0	0	0	0
被放鸽子了真烦，我就不该交朋友。	0	1	0	0	0	0	0	0	0	0	0	0
现在药店的药也很难买到，这样的生活什么时候是个头？真的不如在家摆烂。	1	0	0	0	0	0	0	0	0	0	0	0
不要乱担心了，有这个精力还不如用来做好手上的工作	0	0	0	0	0	0	0	0	0	0	0	0
我是个失败的父亲，连这点问题都处理不好还怎么在这个家立足。	0	0	0	0	0	1	0	0	0	0	0	0
我有自己的事，我不想这些超出我本职工作以外的事情，我应该跟他们对线谈判	0	0	0	0	0	0	0	0	0	0	0	0
突然自己一个人吃饭，有点不习惯，好孤单	0	0	0	0	0	0	0	0	0	0	0	0
我真不是一个合格的母亲！都是因为我当年没有好好学习，现在只能干这个工作，让我的孩子缺失了母亲的陪伴	0	1	0	0	0	0	0	0	0	0	0	0
我在同学面前抬不起头来，我相当于是从白天鹅反向变成了丑小鸭，他们现在都希望看到我出丑	0	0	0	0	1	0	0	0	0	0	0	0
每次的小组工作他都摆烂，从来就没见过他做什么事情，真是个摆烂小王子	0	0	1	0	0	0	0	0	0	0	0	0
我上课摸鱼了，这些都是对我上课摸鱼的报应	1	0	0	0	0	0	0	0	0	0	0	0
我真没用，身体这么差隔三差五就要生病。	0	0	1	0	0	0	0	0	0	0	0	0
现在可不像之前的岗位，而是权力更大了，我得更加小心，一步走错我的职业生涯就毁于一旦，我能不焦虑吗	0	0	0	0	0	1	0	0	0	0	0	0
每次头晕都感觉眼前一片模糊，天旋地转，仿佛下一秒就要摔倒了，好难受。	0	0	0	0	0	0	0	0	0	0	0	0
我这么看他们这么努力这么烦啊，我肯定就是个懒人，我一辈子都不可能像他们一样这么努力的。	0	0	1	0	0	0	0	0	0	0	0	0
保持冷静，只要我不尴尬，尴尬的就是别人	0	0	0	0	0	0	0	0	0	0	0	0
他就算嘴上不说，但心里没准在埋怨我一直跟他讲话，害他没接起来电话	0	0	0	1	0	0	0	0	0	0	0	0
小张肯定是看我不顺眼，故意这样做的	0	0	0	1	0	0	0	0	0	0	0	0
我需要对自己的饮食作出正确的选择，减少高热量的摄入。同时，我也需要增加适量的体育运动，以减脂塑形。	0	0	0	0	0	0	0	0	0	0	0	0
真希望我也能像别人一样侃侃而谈，自信且畅所欲言。	0	0	0	0	0	0	0	0	0	0	0	0
父母晚年的享受被我延迟，有此自责，愧疚如影随形。	0	0	0	0	0	0	0	0	1	0	0	0
那些资金以及我家人的期待，全部破碎了。他们现在肯定是对我失望透顶	0	0	0	1	0	0	0	0	0	0	0	0
每次都这样他们不累吗，觉得我哪里不好直说就好了，非要拐着弯骂我。他们肯定讨厌我，永远也满足不了他们的期望。	0	0	0	0	1	0	0	0	0	0	0	0
每个发成绩的日子家里的气氛都沉重得能闷死人，这种时候我在想如果我突然死了就好了，突然死了就能从这里逃走了	1	0	0	0	0	0	0	0	0	0	0	0
带着一身的咖啡渍上班，所有的同事都会嘲笑我的	0	0	0	1	0	0	0	0	0	0	0	0
这个还没出生的孩子分走了爸爸妈妈对我的爱，生二胎是一件很不公平的事情	1	0	0	0	0	0	0	0	0	0	0	0
感觉父母有一点侵犯我的隐私了，有点不舒服	0	0	0	0	0	0	0	0	0	0	0	0
现在整日奔波于生活的我，如果回去儿时的那些伙伴们也一定会觉得我很陌生的吧	0	0	0	0	1	0	0	0	0	0	0	0
一点鸡毛蒜皮的小事也要跟我大发雷霆，非得我死了他才罢休？	0	0	0	1	0	0	0	0	0	0	0	0
孩子的成绩不好，是我教育的失败，我没有花足够的时间和她学习。	0	0	0	0	0	0	0	0	1	0	0	0
我这个人从小到大就命不好，今天遇上这样的事，也是我命里注定的。	0	1	0	0	0	0	0	0	0	0	0	0
不就因为我是个女孩吗？看来这天底下所有的父母都不喜欢女孩！	0	1	0	0	0	0	0	0	0	0	0	0
我或许正如她所说，就是一个不重要的人，我的人生都是失败的	0	1	0	0	0	0	0	0	0	0	0	0
反正数据都出错了，不如这个实验就这么地吧，也不想做它了。	1	0	0	0	0	0	0	0	0	0	0	0
环境的适应和融入是我需要去努力完成的。	0	0	0	0	0	0	0	0	0	0	0	0
我一定是得绝症了。我的人生全完了。	0	0	0	0	1	0	0	0	0	0	0	0
不管我怎么写都不会收到认可的，我可能就不适合科研	0	0	0	0	1	0	0	0	0	0	0	0
公司也倒闭了，工作也一直找不到，我的生活总是这么坎坷艰难，没有一件顺心的事	0	1	0	0	0	0	0	0	0	0	0	0
考这么多次都挂，我可真是个废物	0	0	1	0	0	0	0	0	0	0	0	0
这咖啡不溅在别人身上偏偏溅在我身上，小张是不是对我有什么意见啊	0	0	0	1	0	0	0	0	0	0	0	0
我时常因为自己不够好看而难过，在这个社会上不够好看就是我的原罪	0	0	0	0	0	0	0	0	1	0	0	0
我是一个不合格的母亲，我不该当母亲，我不配结婚生孩子。	0	0	1	0	0	0	0	0	0	0	0	0
不行得赶紧睡觉，不然明天可能会没精神的，要是今晚睡不好就糟糕了。我的生活就会因为一晚睡不好就崩溃，我会失去一切。	0	0	0	0	0	0	0	0	1	0	0	0
或许他现在正处于情绪激动的状态，我能理解他。也许他认为与我沟通更重要，所以才没接我的电话。	0	0	0	0	0	0	0	0	0	0	0	0
爸妈还是爱我的，我多和他们谈谈心，多和他们说说话，给他们安全感就好了。	0	0	0	0	0	0	0	0	0	0	0	0
我肯定没照顾好它，所以它才会离我而去，这都是我的错。	0	0	0	0	0	0	0	0	1	0	0	0
怎么办好担心，这次考研是我生命中最重要的事情了，要是没考上我人生就完了。	0	0	0	0	0	1	0	0	0	0	0	0
我偶尔会被世界上普遍的无意义和残酷所淹没。 这会在意想不到的时候发生——当我在路边看到动物的尸体，或者在街上看到乞丐时。 我想知道我是否会再次拥有有意义的联系，或者我是否会感觉到除了这种麻木之外的任何事情。	1	0	0	0	0	0	0	0	0	0	0	0
我以后都要在难受和不知道病因的恐惧中度过了	0	1	0	0	0	0	0	0	0	0	0	0
他这是在欺骗我的感情，我是恋爱上脑的蛀虫吧。	0	0	1	0	0	0	0	0	0	0	0	0
我对自己的无用感到愧疚。如果我有能力，我本应该去保护她，而不是只能在这里用语言安慰她。	0	0	0	0	0	0	0	0	1	0	0	0
反正都成这个德行了！不如就彻底放弃吧！	1	0	0	0	0	0	0	0	0	0	0	0
我只把事情告诉了我最亲近的朋友，然而我感觉他们背叛了我，世界上只有背叛，我不能相信任何人。	0	0	0	0	0	1	0	0	0	0	0	0
她没和我一起吃饭了，都是我的错，一定是我哪里做错了	0	0	0	0	0	0	0	0	1	0	0	0
唯一想吃的东西就是鸭脖，还老是被卡，我活着还有什么意义，一事无成就算了，吃个东西还能出事	0	0	0	0	0	1	0	0	0	0	0	0
自己玩还有什么意思，当初就不该答应她出来玩	0	1	0	0	0	0	0	0	0	0	0	0
觉都睡不好，我明天的工作难以有效完成了，都完了。	0	0	0	0	1	0	0	0	0	0	0	0
单亲家庭的孩子都是这样，没法拥有足够的父爱和母爱，所以我的孩子不能怪我，我也没办法啊	0	1	0	0	0	0	0	0	0	0	0	0
我就是个透明人，为什么所有人都不关心我啊	0	0	1	0	0	0	0	0	0	0	0	0
我只是接了这个案子而已，就有舆论攻击我，这个世界的民众都是不分青红皂白的人	0	1	0	0	0	0	0	0	0	0	0	0
像我这种只会惹父母生气的废物，根本不配活在这个世界上，活着简直是给他们添堵！	0	0	0	0	0	1	0	0	0	0	0	0
她在自己的宿舍做自己想做的事又有什么问题，有什么可指责的呢。	0	0	0	0	0	0	0	0	0	0	0	0
我怎么这么敏感脆弱，一有点小事就胡思乱想，这下好了，确诊精神病了，多耽误事儿呀	0	0	1	0	0	0	0	0	0	0	0	0
事事都被小丽压了一头，将来的生活我肯定也将时刻处于被打压的状态中	0	1	0	0	0	0	0	0	0	0	0	0
我要是干不了我喜欢干的事情，让妈妈来规划我的人生，那我真是太失败了，这样根本做不出什么气候，我也无法真正获得我想要的幸福，我是个彻头彻尾的失败者。	0	0	0	0	0	1	0	0	0	0	0	0
为什么我会摊上这样一个父亲，真是倒霉，我怎么这么不幸，生活就是一场噩梦。	1	0	0	0	0	0	0	0	0	0	0	0
自从离开公司之后，就没有来自深夜的短信和电话，我的生活质量和精神状态都好多了。	0	0	0	0	0	0	0	0	0	0	0	0
这条狗为什么只咬我不咬其他人，肯定是因为我身上有什么好吃的东西的味道，把他给吸引过来了！	0	0	0	0	0	0	0	0	1	0	0	0
他是想在老板面前疯狂表现自己，然后升职加薪就能平步青云了吧。	0	0	0	1	0	0	0	0	0	0	0	0
我是一个对所有人都没有帮助的人	0	0	1	0	0	0	0	0	0	0	0	0
以前年幼不懂，现在我要懂得保护自己，不会再让自己受欺负了。	0	0	0	0	0	0	0	0	0	0	0	0
是老板故意的，这样的加班是没有尽头的	0	0	0	0	1	0	0	0	0	0	0	0
我应该多多与他们联系，增进我们之间的感情，不应该这样不联系	0	0	0	0	0	0	0	0	0	0	0	0
现在我偷吃一块饼干，以后岂不是会一直偷吃下去，我永远也减不了肥了。	0	1	0	0	0	0	0	0	0	0	0	0
我饱受思念之情的煎熬	0	0	0	0	0	0	0	0	0	0	0	0
每次的小组工作他都摆烂，从来就没见过他做什么事情，真是个摆烂小王子	0	0	1	0	0	0	0	0	0	0	0	0
怎么会有人喜欢矮矮的男生，不可能会有人爱我的，我也只能孤独终老了。	0	0	0	0	1	0	0	0	0	0	0	0
常常和他发生争执，和别人一起住一个屋子里真是一件可怕的事	1	0	0	0	0	0	0	0	0	0	0	0
我这个样子，以后怎么跟别人沟通交流？我注定会被社会淘汰的。	0	1	0	0	0	0	0	0	0	0	0	0
明明知道我身体不好，这个组长还给我安排这么多任务，故意刁难我！这下感冒了，他得偿所愿了吧！他就是看不惯我！	0	0	0	1	0	0	0	0	0	0	0	0
我多么希望我有更多的才艺，那该多好啊。	0	0	0	0	0	0	0	0	0	0	0	0
我真是个倒霉蛋，总是遇到各种倒霉的事情，没救了。	0	0	1	0	0	0	0	0	0	0	0	0
孩子只是少一些陪伴而已，又死不了；我不行，我不能没有这份工作，不然我没法活的！	0	0	0	0	0	1	0	0	0	0	0	0
真是一副失败的躯体，又矮又胖又丑，看着别人美丽动人，真的好自卑。	0	0	0	0	0	1	0	0	0	0	0	0
我十分煎熬，却不敢和老板请假，我认为他一定会觉得我是一个懒惰自私的人，从而对我产生恶劣的印象。	0	0	0	0	1	0	0	0	0	0	0	0
我喜欢的男生都看不上我，喜欢我的男生我又配不上我，我果然只能孤独终老了	0	1	0	0	0	0	0	0	0	0	0	0
太羞愧了，让老师看到我的这副模样，要好好跟老师认错。	0	0	0	0	0	0	0	0	0	0	0	0
腰酸背痛的，看来周末得去看看医生，幸好我之前身体素质还不错，应该不会出什么大问题，简单治疗一下就好了。	0	0	0	0	0	0	0	0	0	0	0	0
为何我父母生了个如此平凡的我？如果我更漂亮一些、更聪明一些、更开朗一些，或许我就敢向他表白了。	0	0	0	0	0	0	0	0	0	0	0	0
我不讨人喜欢，我本来就不配有朋友，没人能和我永远在一起	0	0	1	0	0	0	0	0	0	0	0	0
小狗走了，明明我都这么精心养着了，可是它还是离开了我，诶，一个活生生的生命这样离我远去，真难过	0	0	0	0	0	0	0	0	0	0	0	0
整个驾校只有我还没考出来了，再来一回也没用，这辈子不可能再碰车了。	0	0	0	0	1	0	0	0	0	0	0	0
让我先休息一会，等效率高的时候再学吧。	0	0	0	0	0	0	0	0	0	0	0	0
半夜醒来只是偶然时间，或许是我睡觉之前太激动了，下次睡觉之前冥想一下好了。这次醒来只是一个小插曲，我一定会好好照顾自己的。	0	0	0	0	0	0	0	0	0	0	0	0
我这样的人根本就不应该出生，我的出生就是错误，谁会希望生出我这种难看的孩子呢	0	0	0	0	0	0	0	0	1	0	0	0
我从来都争抢不过别人，在学校时就总是排倒数，入职之后也会一直当倒数。	0	0	0	0	1	0	0	0	0	0	0	0
我不想出去，但随着夜晚变长，我开始感到悲伤，从麻木到悲伤对我来说是一种难以抗拒的感觉。	1	0	0	0	0	0	0	0	0	0	0	0
减肥都加持不下来，我的生活还有什么能坚持下去的呢。	0	1	0	0	0	0	0	0	0	0	0	0
好焦虑啊不知道现在干什么了，两边都很重要但是我那边都处理不好，我不知道怎么做了，干脆什么都不想好了。	1	0	0	0	0	0	0	0	0	0	0	0
年轻人就是有活力，是时候分担些任务给他们干，我们也该歇歇了。	0	0	0	0	0	0	0	0	0	0	0	0
我肯定是得胃癌了，怎么办，我的人生就这样结束了吗	0	0	0	0	1	0	0	0	0	0	0	0
他整天想着让其他的舍友帮他跑腿，整天就知道在床上瘫着，真是条懒狗	0	0	1	0	0	0	0	0	0	0	0	0
我控制不了自己的，我没法不吃这些东西，我根本做不到减肥	0	0	0	0	1	0	0	0	0	0	0	0
父母会嫌弃我了，他们有我这样的孩子肯定很失望吧	0	0	0	1	0	0	0	0	0	0	0	0
长这么胖又不怪我！小时候做手术注射激素，从此体重就飞涨，再也减不下去了。	0	0	0	0	0	0	0	0	0	0	0	0
明明正常的上班点，我还在抱怨，是我太矫情了，明明别人都能正常地进行工作，他们比我还累	1	0	0	0	0	0	0	0	0	0	0	0
我同学反应快，我反应慢，他们还比我努力，我永远也赶不上他们的	0	1	0	0	0	0	0	0	0	0	0	0
有任何人说我的坏话了，所以他不愿意和我聊天了	0	0	0	1	0	0	0	0	0	0	0	0
我这次拒绝了他，他可能永远都不会再找我吃饭了，我似乎已经失去了他的友谊。	0	1	0	0	0	0	0	0	0	0	0	0
呵，男人果然一旦有了钱有了势力就会去追寻更加年轻的肉体，男人都是不可信的	0	1	0	0	0	0	0	0	0	0	0	0
投资太难了，即使我学了也没有用，已经太晚了	0	1	0	0	0	0	0	0	0	0	0	0
虽然这项工作是团队任务，但都是因为我领导不力，才导致被批评	0	0	0	0	0	0	0	0	1	0	0	0
美好的憧憬总是那么迷人，但生活仍需继续。	0	0	0	0	0	0	0	0	0	0	0	0
我明明很努力地去和他们相处，结果还是这样，我不明白与人相处的意义何在。	0	1	0	0	0	0	0	0	0	0	0	0
我们俩工资都没有特别高，既然都各有意见，不如好好规划、分配一下。	0	0	0	0	0	0	0	0	0	0	0	0
旁边那个男的明明看见狗冲过来了却不提醒我，心里指不定怎么偷着乐呢：看那个人被狗咬了！	0	0	0	1	0	0	0	0	0	0	0	0
我的眼里含着真正的泪水我们永远不会真正自由	0	0	0	0	0	1	0	0	0	0	0	0
辛苦做的ppt没有保存下来，感觉自己的心血白费了，我十分失落。	0	0	0	0	0	0	0	0	0	0	0	0
好难过，别人放了鸽子，我就是这么不讨人喜欢，我以后再也不约人出去玩来玩，我就该一个人。	1	0	0	0	0	0	0	0	0	0	0	0
我本应该在那里，本应该冲破门而入，带着那个孩子，现在全部结束了。	0	1	0	0	0	0	0	0	0	0	0	0
明明是学生却戴着耳钉，我肯定是一个不学好的人。	0	0	1	0	0	0	0	0	0	0	0	0
但我手头还有足够的资源，下次一定能达成目标。	0	0	0	0	0	0	0	0	0	0	0	0
嗓子也没卡坏，很正常的事情	0	0	0	0	0	0	0	0	0	0	0	0
我在这冷漠的世界里挣扎，我感觉没有人会在乎我，我也没有人值得去在乎。 	0	1	0	0	0	0	0	0	0	0	0	0
他们肯定都在背后笑话我，觉得我这个穷光蛋怎么可能找得到老婆。	0	0	0	1	0	0	0	0	0	0	0	0
跟他做朋友真累，怎么就不会再说一下自己借到了，这根本就是浪费我的时间	1	0	0	0	0	0	0	0	0	0	0	0
最近的作息太不健康了，我得注意一下身体健康问题。	0	0	0	0	0	0	0	0	0	0	0	0
我真不是人！爸妈省吃俭用供我上学，我却不知感恩，还惹他们伤心，我这样的人就不配活在世界上！	0	0	0	0	0	1	0	0	0	0	0	0
我一旦输官司，以后就不会有人来找我了	0	0	0	0	1	0	0	0	0	0	0	0
父母肯定是听了谁说我坏话了才会干涉我	0	0	0	1	0	0	0	0	0	0	0	0
我被判终身沉默。我越陷入抑郁，越感到痛苦。我怎么能快乐地活着呢？	0	1	0	0	0	0	0	0	0	0	0	0
人老了就没用了，做什么都做不好，这世界是属于年轻人的，跟像我这样的老人什么关系呢。	0	1	0	0	0	0	0	0	0	0	0	0
我的教育彻底失败了，我永远做不好一个合格的父亲了。	0	0	0	0	1	0	0	0	0	0	0	0
家里人应该很开心吧，看到他们一开始不同意我养的小狗死了，生活在这里让我感到无比痛苦。	0	0	0	1	0	0	0	0	0	0	0	0
年轻人哪里有不加班的，更何况又不是你一个人，别那么抗拒，要学会接受。	0	0	0	0	0	0	0	0	0	0	0	0
学习都学不好我以后注定一事无成	0	0	0	0	1	0	0	0	0	0	0	0
我就是个天生的倒霉蛋，我做什么都倒霉	0	0	1	0	0	0	0	0	0	0	0	0
课题做不出来，好担心毕业啊	0	0	0	0	0	0	0	0	0	0	0	0
每天他们都讽刺挖苦我，真烦心！全世界家人都一个样！	0	1	0	0	0	0	0	0	0	0	0	0
为什么所有人都要这么看轻我，他们全都不懂得尊重我吗？我就这么卑劣？	0	1	0	0	0	0	0	0	0	0	0	0
以后我要是有新宝宝，我的孩子也会很恨我吧	0	0	0	1	0	0	0	0	0	0	0	0
刚才出门的时候怎么就没注意呢，我说怎么感觉有点不舒服呢，我真是个蠢家伙	0	0	1	0	0	0	0	0	0	0	0	0
连一项工作都解决不了，我就是个没有能力，被人嫌弃的废人	0	0	0	0	0	1	0	0	0	0	0	0
我就是个书呆子，除了读书啥也做不好，我这辈子就这样了吧	0	0	0	0	0	1	0	0	0	0	0	0
我就是不招人待见呗，谁不想找我，谁都觉得我是个累赘。	0	0	1	0	0	0	0	0	0	0	0	0
算了，放弃找工作吧，不会有单位要我的，我不可能找得到工作	0	0	0	0	1	0	0	0	0	0	0	0
我年轻时不好好工作，娶不到老婆。	0	0	0	0	0	0	0	0	0	0	0	0
我肯定一点希望都没有了，我短暂的人生就这么灰暗了。	0	0	0	0	0	1	0	0	0	0	0	0
不能让我的心情影响到大家，还是找一个其他的好朋友倾诉一下吧	0	0	0	0	0	0	0	0	0	0	0	0
少吃一点儿鸭脖吧。	0	0	0	0	0	0	0	0	0	0	0	0
连熟人都没有，我不是一个合格的社团成员，合格的成员应该能交到朋友	0	0	0	0	0	0	0	0	1	0	0	0
没保上研，还考不上，我这辈子就废了	0	0	0	0	1	0	0	0	0	0	0	0
交不到朋友，可能是我缺乏人格魅力，感觉自己不够优秀。	0	0	0	0	0	0	0	0	1	0	0	0
做手术也没有用了，我的问题没办法解决了	0	0	0	0	1	0	0	0	0	0	0	0
我一直责备自己，丈夫的嫌弃可能是因为我无法满足家人的期待。	0	0	0	0	0	0	0	0	1	0	0	0
我在这个家里没有存在的意义，父母一定都恨我了，死了算了。	0	0	0	1	0	0	0	0	0	0	0	0
我怎么这么笨啊，我是头猪吧，这么大了连衣服都能穿反，还穿到大街上了，蠢死了	0	0	1	0	0	0	0	0	0	0	0	0
我就是个不孝子，我都不知道工作和家庭哪个重要	0	0	1	0	0	0	0	0	0	0	0	0
他们怎么相处的那么好，我怎么这那么不合群呢，我不适合和别人一起相处。	0	1	0	0	0	0	0	0	0	0	0	0
学习太难了，我根本就不是个学习的那块料。	0	0	1	0	0	0	0	0	0	0	0	0
这群拍裸照的人肯定在想着如何更好的敲诈我，我完了，我将不得不拿出一大笔钱	0	0	0	0	0	0	0	0	0	0	0	0
我怎么会被偷啊，真倒霉	0	0	0	0	0	0	0	0	0	0	0	0
对我这么好的父母都被我一次次这样伤害，我以后肯定也不会是个好父亲，我还是别要孩子的好	0	1	0	0	0	0	0	0	0	0	0	0
现在烧坏的是电器，下个月说不定哪天我也得被烧死，我很确信。	0	0	0	0	1	0	0	0	0	0	0	0
我现在只能把自己当成机器，用自己的命来换更多的命， 我没有表达自己诉求的权利	1	0	0	0	0	0	0	0	0	0	0	0
我需要尽量做到表现良好，不让她找我的毛病，我要做到言行一致，避免听到他人的闲言闲语。	0	0	0	0	0	0	0	0	0	0	0	0
反正工作做完了也会有新的，不如磨磨洋工划划水	0	0	0	0	0	0	0	0	0	0	0	0
我真失败是个失败的暗恋者，我连喜欢人的秘密都保不住	0	0	1	0	0	0	0	0	0	0	0	0
不行了太累了，我得跟上级反映一下情况，他不至于一点都不通情达理，应该能理解我	0	0	0	0	0	0	0	0	0	0	0	0
不能玩手机？！那我的人生还有什么意义！我必须打游戏，必须刷视频，不然我会死的	0	0	0	0	0	1	0	0	0	0	0	0
犯错了被罚也是正常的，忘带作业也不是什么大错，过了就完事。可是这次的错误会让大家都觉得我是个马虎的人，以后都不会信任我了。	0	0	0	1	0	0	0	0	0	0	0	0
对啊，这世界就这么烂我为什么还要摆一副好脸色，这该死的世界才是给我臭脸的那个人吧	1	0	0	0	0	0	0	0	0	0	0	0
我打算去享用一顿美食来补充能量，这样我肯定会面色红润。	0	0	0	0	0	0	0	0	0	0	0	0
错的是我的性格，我的爱和患得患失给他带来的困扰	0	0	0	0	0	0	0	0	1	0	0	0
本来都决定好了，现在还变来变去，我真是一个反复无常的人	0	0	1	0	0	0	0	0	0	0	0	0
嘻嘻，正好总忽略我，那么我就可以放开的玩儿了。	0	0	0	0	0	0	0	0	0	0	0	0
这次裁员我很大的可能被裁掉，到时候回家爸妈肯定会同骂我一顿的	0	0	0	0	1	0	0	0	0	0	0	0
我真的好奔溃，我加了一天的班，现在想吃一口都没得吃，为什么对我这么差啊	1	0	0	0	0	0	0	0	0	0	0	0
他一定是最近工作没有做好，遇到了瓶颈期，故意向我找茬	0	0	0	0	1	0	0	0	0	0	0	0
我只是不明白我一生都在工作，只是为了有一天死去，这一切都毫无意义，你忘记了，那是没有意义的	0	0	0	0	0	1	0	0	0	0	0	0
我无法融入他们，我应该去寻找能让我融入到的圈子	0	0	0	0	0	0	0	0	0	0	0	0
我连论文都得不到认可，我的人生彻底失败了	0	0	0	0	0	1	0	0	0	0	0	0
真是应天地之大幸，发现这个秘密的人是我而不是我母亲，我会去找父亲坦诚对话，或许还能改变当前的局面。	0	0	0	0	0	0	0	0	0	0	0	0
我稍后要去上班，我相当确定有百分之多少的人讨厌我，不安全还是敏锐，我说不准。	0	0	0	1	0	0	0	0	0	0	0	0
看他们什么都会然后被长辈夸，而我只能闷头吃饭，我怎么有脸在这儿待得下去的？	0	0	0	0	0	1	0	0	0	0	0	0
打个游戏也打不痛快，就这点小事还要来折腾，全都毁灭吧，真没意思。	1	0	0	0	0	0	0	0	0	0	0	0
父母对我关不关心无所谓，对我的生活没有什么影响	0	0	0	0	0	0	0	0	0	0	0	0
天底下的父母都这样看不见平时孩子的付出吧	0	1	0	0	0	0	0	0	0	0	0	0
我就是那种别人越表现的积极高调，我越想躺平的类型，和这样的人一起工作我就更打不起精神了	0	0	1	0	0	0	0	0	0	0	0	0
还看手机，再看手机你就去死吧，要是这样你还是控制不住自己那你就真的没救了	0	0	0	0	0	1	0	0	0	0	0	0
又被老师批评了，就算我推进了这个项目，以后这样的任务也无穷无尽	0	1	0	0	0	0	0	0	0	0	0	0
我渴望与同性亲密接触，我很兴奋也很惊恐，我真的很喜欢同性。	0	0	0	0	0	0	0	0	0	0	0	0
我是个猪脑子吧，这点任务都完成不了，我成天这么累	0	0	1	0	0	0	0	0	0	0	0	0
这场官司太难了，它决定着我的职业生涯了，压力好大，不！我不能输，输了这场官司我就再也不能翻身了	1	0	0	0	0	0	0	0	0	0	0	0
减肥有什么用，就算我减肥了也不会改变什么	0	0	0	0	1	0	0	0	0	0	0	0
考试又没考好，我这辈子将会完全废了。	0	0	0	0	0	1	0	0	0	0	0	0
情商低成这个样子怎么还能在这个公司上班呢？他是不是跟老板有一腿啊！	0	0	0	1	0	0	0	0	0	0	0	0
是发生了什么事情吗，也许我应该去问问我的朋友到底怎么了。	0	0	0	0	0	0	0	0	0	0	0	0
我一点也不想再继续了，这简直就是杀人的实验	1	0	0	0	0	0	0	0	0	0	0	0
我吃的这么着急干嘛呢，我慢点吃不就不会卡到了，永远都这么笨手笨脚的，真是活该卡死。	0	1	0	0	0	0	0	0	0	0	0	0
我就知道说忘带了他肯定不信，直接就说没写了，这样还能少飞一些口舌。	0	0	0	0	0	0	0	0	0	0	0	0
他们不爱我，根本不关心我的感受，这个世界没有人在乎我。	0	0	0	0	0	0	0	0	1	0	0	0
心痛的对比让我感到了自尊的伤害。 	0	0	0	0	0	0	0	0	0	0	0	0
彩虹男孩/女孩真的没有未来么？我好迷茫，我已经很努力地使我自己开心了，但是看到他人的眼光，我感觉自己赤裸一样	1	0	0	0	0	0	0	0	0	0	0	0
我的人生也会像竞选一样失败	0	0	0	0	1	0	0	0	0	0	0	0
我一直是一个天生悲伤和悲观的人，但现在我只是认为除了悲观主义之外别无其他。	0	0	1	0	0	0	0	0	0	0	0	0
我现在很痛苦，父亲根本就是故意让我难堪。	0	0	0	1	0	0	0	0	0	0	0	0
没学到什么知识，上学太痛苦了，啥都学不会。	1	0	0	0	0	0	0	0	0	0	0	0
我就是个没用的废物，这么大了连基本生存的赚钱都做不到。	0	0	0	0	0	1	0	0	0	0	0	0
好不容易把她拉扯大，一长大就往外跑，眼里没有一点我这个当妈的！以后找个对象，肯定又要找我要钱养男人	0	1	0	0	0	0	0	0	0	0	0	0
每天都装成自己没事真的很累很烦人，我真的装不动了。	1	0	0	0	0	0	0	0	0	0	0	0
别人周末一起出去玩，我周末一个人玩其实也挺好	0	0	0	0	0	0	0	0	0	0	0	0
她这么努力让我也好有压力啊，何况我最近感觉自己状态都不太好了。我肯定没法赶上她了。	0	0	0	0	0	0	0	0	0	0	0	0
 如果你觉得你是每个人的失望，那你就和我一样了。	0	1	0	0	0	0	0	0	0	0	0	0
老板多给我工作，是想给我锻炼的机会，我一定要保质保量、按时完成，这样才不辜负老板的期望。	0	0	0	0	0	0	0	0	0	0	0	0
反正也吃了一块了，不如放开了吃吧	0	0	0	0	0	0	0	0	0	0	0	0
我这个PPT没做好，我这辈子都做不好PPT了。	0	1	0	0	0	0	0	0	0	0	0	0
从今往后，我得人生里不会再有阳光照进来了，我想一个折断了翅膀掉进深井的蝴蝶，从此永坠黑暗	0	1	0	0	0	0	0	0	0	0	0	0
我一个人玩没有两个人玩有意思，不开心	0	0	0	0	0	0	0	0	0	0	0	0
个人有个人的天赋，这不是我擅长的事，就算磕磕绊绊考出来了也是不敢上路的，试过了就没有执念了。	0	0	0	0	1	0	0	0	0	0	0	0
没看见就没看见吧，做家务事应该做的，不是值得在父母面前邀功事情。	0	0	0	0	0	0	0	0	0	0	0	0
我觉得我的生活没有目的或意义； 我不是“走过场”，它比那更空洞。 我只是像风滚草一样随波逐流。 我什么都不做了。	0	1	0	0	0	0	0	0	0	0	0	0
我觉得经过我的人都在耻笑我，我好没本领?_?	0	0	0	1	0	0	0	0	0	0	0	0
哪怕没有钱，我也是世界上最幸福的小孩，我的父母尽他们所能爱着我	0	0	0	0	0	0	0	0	0	0	0	0
我总觉得自己困扰他，不知道他是否因此而厌烦我。	0	0	0	1	0	0	0	0	0	0	0	0
我怎么就那么倒霉，我的室友就像是世界上最恶劣的人，而别人的室友都那么和睦。	0	1	0	0	0	0	0	0	0	0	0	0
小丽这家伙事事都想压我一头，她是不是觉得自己天生就高人一等啊	0	0	0	1	0	0	0	0	0	0	0	0
我根本不配做他的朋友，我根本不配安慰他，我倾向于认为我不够好，无论我多么努力地努力让自己变得更好。	0	0	0	0	0	1	0	0	0	0	0	0
我这么难受医院还不告诉我得了什么病，估计是得了绝症不敢告诉我吧。	0	0	0	0	1	0	0	0	0	0	0	0
我活得真失败，到头来连一个愿意和我吃饭的都没有，都躲着我，我的人生还有什么意义。	1	0	0	0	0	0	0	0	0	0	0	0
怎么办，我真的好害怕失败！参与这些活动真的是很令人恐惧的一件事。	1	0	0	0	0	0	0	0	0	0	0	0
公司都经营不好，我的人生完蛋了！	0	0	0	0	0	1	0	0	0	0	0	0
我真的差劲，所以我父亲才把我赶出家门。	0	0	0	0	0	0	0	0	1	0	0	0
我这次竞选失败，证明我一无是处，以后再也不敢参加竞选了，害怕再次受挫。	0	1	0	0	0	0	0	0	0	0	0	0
项目进行地这么艰难，怎么可能会有的成果，推进下去已经没有任何意义只是浪费精力。	1	0	0	0	0	0	0	0	0	0	0	0
不会在路上出什么事了吧，怎么办，好担心	0	0	0	0	0	0	0	0	0	0	0	0
我都去我们省最著名的医院都没查出来问题，我感到崩溃绝望，我的病没有人能够医治。	0	0	0	0	0	1	0	0	0	0	0	0
当代的审美就是有问题的，白瘦幼本就是畸形的审美方式，我并不赞同。	0	0	0	0	0	0	0	0	0	0	0	0
我一瘸一拐的，大家肯定都觉得我很好笑吧	0	0	0	1	0	0	0	0	0	0	0	0
她根本不爱我，只是想找个人照顾这两个不听话的孩子，我根本没有任何吸引力，连孩子都搞不定却以为能得到她的心。	0	0	0	1	0	0	0	0	0	0	0	0
钱都在房子里了，我现在身无分文，一无所有，无处可去，真想就这样一了百了。	0	0	0	0	0	1	0	0	0	0	0	0
我很难再经营好小店了，我会挨饿受冻负债累累	0	0	0	0	1	0	0	0	0	0	0	0
不吃零食又不会怎么样，我想把钱攒下来买我喜欢的书籍。	0	0	0	0	0	0	0	0	0	0	0	0
父母即将离婚了，看他们俩平时谁都对我爱答不理的，到时候应该任何一方都不愿意承担我的抚养责任的	0	0	0	0	1	0	0	0	0	0	0	0
一定是有有人悄然释放那条恶犬，射向我如箭的利齿，这是对我隐秘的仇恨！ 	0	0	0	1	0	0	0	0	0	0	0	0
我已经这么努力了，他还不满意，那我应该怎么做，这没办法解决	1	0	0	0	0	0	0	0	0	0	0	0
每次论文都会被老师批评，这项工作不是我能解决的，我没有那个天赋	0	1	0	0	0	0	0	0	0	0	0	0
我在家里从来没有被呵护过，这些冷暴力使我精神崩溃，我开始觉得是不是只要我消失这个家就能变好。	1	0	0	0	0	0	0	0	0	0	0	0
我认为这样能使我的生活更加节约，锻炼我的抗压能力，所以难过一会之后就好了。	0	0	0	0	0	0	0	0	0	0	0	0
我要是一直工作下去把自己累出点什么事，就可以休息一下了，这样的工作强度我真的受不了了	0	0	0	0	0	0	0	0	0	0	0	0
我就应该在包里塞点零食的，现在这个样子都是我自己没做好充分的准备。这么不负责任的行为，真让人失望！	0	0	0	0	0	0	0	0	1	0	0	0
我就是个靠老婆养活的废物，没有任何作用	0	0	1	0	0	0	0	0	0	0	0	0
好困啊，明天工作状态不好会不会被老板骂啊，有点担心	0	0	0	0	1	0	0	0	0	0	0	0
我真不孝这么大人了还让父母操心，还让他们担心，真是白活这半辈子了。	0	0	0	0	0	0	0	0	1	0	0	0
我要是考不上研究生的话，周围的人肯定会嫌弃嘲笑我	0	0	0	1	0	0	0	0	0	0	0	0
感觉每天这样他好累，我会不会耽误她学习	0	0	0	1	0	0	0	0	0	0	0	0
我觉得一定是因为我今天乱扔垃圾，所以老天惩罚我遇到这种事情，都是我做的错事太多，这一切都是我活该。	0	0	0	0	0	0	0	0	1	0	0	0
我真是不想干，反正干了活儿还会有接着新的活，趁着头晕这个机会好好摸会鱼。	1	0	0	0	0	0	0	0	0	0	0	0
为什么他们都不和我一起，一定是因为我哪里做得不好	0	0	0	0	0	0	0	0	1	0	0	0
路人一定都在暗笑我，觉得我是个倒霉鬼。	0	0	0	1	0	0	0	0	0	0	0	0
根本就没有人能懂得我的难过，之前都是在自欺欺人！	0	0	0	1	0	0	0	0	0	0	0	0
她对我压根没有重视过，不然她不会因为这种问题跟我争吵	0	0	0	1	0	0	0	0	0	0	0	0
努力学习，以后找个好工作有更多的钱吧。	0	0	0	0	0	0	0	0	0	0	0	0
没有父母的关心，我的生活都看不到一点点光亮，他们说时间可以治愈所有的伤口，但那是假设悲伤的来源是有限的。	1	0	0	0	0	0	0	0	0	0	0	0
我害怕沟通，沟通真是个麻烦事，我被困在自己的内心里，无法逃避内在的问题。	1	0	0	0	0	0	0	0	0	0	0	0
都怪我妈昨天没给我收拾书包，今天早上出门也没有提醒我，不然肯定没这事。我妈真是不负责任，每次都让我陷入困境。	0	0	1	0	0	0	0	0	0	0	0	0
我怎么这么废物呢，连个想要的东西都得不到。	0	0	1	0	0	0	0	0	0	0	0	0
他怎么这样说我啊，真讨厌，你根本不知道你在说什么，他才像欠别人钱了呢	0	0	0	0	0	0	0	0	0	0	0	0
我每次交的朋友最后都无疾而终变成陌生人，有什么必要再去结交新朋友？	0	1	0	0	0	0	0	0	0	0	0	0
肯定是有人偷偷给我穿小鞋，不然怎么会无缘无故的降我的工资	0	0	0	1	0	0	0	0	0	0	0	0
我太胖了，我就是一个大肥猪	0	0	1	0	0	0	0	0	0	0	0	0
我嘴怎么那么馋，非吃得那么快，不被卡住才怪呢	0	0	0	0	0	0	0	0	0	0	0	0
我连赚钱都比不过自己妻子，还能有什么出息，肯定找不到好工作，在哪都赚不到钱	0	0	0	0	1	0	0	0	0	0	0	0
没有人愿意接受我，我不应该去工作。	0	0	0	0	1	0	0	0	0	0	0	0
她怎么今天没来找我一起吃饭，一定是有了更好的朋友了，不需要我了	0	0	0	1	0	0	0	0	0	0	0	0
我只是离开家几年，他们就去世了，我不能再离开家了，我走了给家里带来了霉运，都是我害了他们。	0	1	0	0	0	0	0	0	0	0	0	0
我连奖学金都得不到，我的所有努力都是徒劳无功，一切都是无意义的。	0	0	0	0	0	1	0	0	0	0	0	0
最近好累啊，各种不在状态，休息一下吧。	0	0	0	0	0	0	0	0	0	0	0	0
小时候的我，疏忽了防备，这让我遭受到侵犯。	0	0	0	0	0	0	0	0	1	0	0	0
一旦在新的职责岗位上出错，我的职业生活就将如同陷入无尽的黑暗，再也无法瞥见希望之光。	0	0	0	0	0	1	0	0	0	0	0	0
为什么她事事都想压我一头？大家都是同一年进公司的她凭什么啊？	0	0	0	1	0	0	0	0	0	0	0	0
要是女朋友知道她那么喜欢的小狗死去了的话，一定会怪我没有照顾好它吧	0	0	0	0	0	0	0	0	0	0	0	0
当时图便宜才买的这款车，没想到这款车根本就是垃圾	0	0	1	0	0	0	0	0	0	0	0	0
我需要去治疗可是疼痛感令我无法站起来，路过的行人也十分冷漠，我感觉被全世界抛弃了。	1	0	0	0	0	0	0	0	0	0	0	0
为什么这种事情就我家摊上了，一定是上天在惩罚我。	1	0	0	0	0	0	0	0	0	0	0	0
这辆车主可能有急事吧，这么着急开车。	0	0	0	0	0	0	0	0	0	0	0	0
我果然不是他们亲生的孩子，全天下的养父母对孩子都是又打又骂	0	1	0	0	0	0	0	0	0	0	0	0
灾难已临，我恐怕将会被解雇，我的生活已被玷污，我已经没有未来了。	0	0	0	0	0	1	0	0	0	0	0	0
男生都喜欢温柔大方漂亮的女孩子。	0	0	0	0	0	0	0	0	0	0	0	0
怎么办啊又考这么低的分，这孩子简直是个石头脑袋，他不会反省自己吗，典型的干啥啥不行。	0	0	1	0	0	0	0	0	0	0	0	0
我再成功也成不了“别人家的孩子”，因为你们也不是“别人家的家长”	0	0	0	0	0	1	0	0	0	0	0	0
我现在真的是打不起精神，做什么事，还不如给自己放几天假，案子什么的，等我有精神了再说，做律师真难啊！	1	0	0	0	0	0	0	0	0	0	0	0
我真是个笨蛋，吃鸭脖都会卡住自己，哪里会有像我这么笨的大学生啊，好失落。	0	0	1	0	0	0	0	0	0	0	0	0
由于我对她缺乏关心和理解，她对我冷漠无情，这都是我导致的 	0	0	0	0	0	0	0	0	1	0	0	0
没有人能陪我走到最后的，连我最亲爱的父母都会离开我，我肯定也不会拥有别的长久的感情	0	1	0	0	0	0	0	0	0	0	0	0
我总是说错话，未来不会有人愿意和我交流的	0	0	0	0	1	0	0	0	0	0	0	0
我是不是磁场有问题，总是会吸引到一些奇葩	1	0	0	0	0	0	0	0	0	0	0	0
这个针对我的世界到底要对我怎样啊，什么时候才是个头！	0	0	0	0	0	1	0	0	0	0	0	0
同事就是看我是实习生，什么都不懂，安排那么多活给我干，他们倒是轻松了。明明工资一样，我却要干这么多！	0	0	0	1	0	0	0	0	0	0	0	0
老师看不起我，给别人提那么多意见却不给我一点指导，跟着他我能做出什么成果呢。	0	0	0	1	0	0	0	0	0	0	0	0
我跟我的朋友吵架了，完了，我是一个不理智的人。	0	0	0	0	0	1	0	0	0	0	0	0
我就是太笨了，我怎么努力也学不好的	0	1	0	0	0	0	0	0	0	0	0	0
失眠可能会伴随我一辈子了，原来我年纪轻轻就已经开始未老先衰了。我的人生注定就是一个病态的生活。	0	0	0	0	0	0	0	0	1	0	0	0
我总犯低级错误，我就像个小孩一样，都已经是大学生了还不如小学生谨慎，我真没用。	0	0	1	0	0	0	0	0	0	0	0	0
我们彼此之间的差异太大了，需要互相习惯迁就啊。	0	0	0	0	0	0	0	0	0	0	0	0
她这几周一定忙坏了，我们两年的感情怎么可能被几周磨灭呢！周末和她好好聊聊天吧！	0	0	0	0	0	0	0	0	0	0	0	0
他为什么只偷我家不偷别人家，为什么倒霉的总是我呢，我明明什么错事也没有做	0	0	0	0	0	0	0	0	1	0	0	0
那司机真没素质，说不定还倒打一耙呢，肯定在嘴里骂骂咧咧的嫌我车速太慢不会开车，我还没骂他呢	0	0	0	1	0	0	0	0	0	0	0	0
我感觉所有人都在笑话我，他们肯定觉得被放鸽子的我很好笑	0	0	0	1	0	0	0	0	0	0	0	0
新闻上全是些骗人的东西，根本信不得，只有我这样的傻子才会当回事，我真可笑。	0	0	1	0	0	0	0	0	0	0	0	0
父母不认可我是因为他们不喜欢我，对我有意见。	0	0	0	1	0	0	0	0	0	0	0	0
哪里做错了吧，所以他们才不想和我出去玩了吧。	0	0	0	0	0	0	0	0	1	0	0	0
我从来都不能给周围的人带来任何价值，无论是家人还是朋友，只会给别人添乱。	0	1	0	0	0	0	0	0	0	0	0	0
它只不过是一块饼干，对于这个小问题，我可以通过明天减少一口食量来补偿。	0	0	0	0	0	0	0	0	0	0	0	0
我这样的人根本就不应该出生，我的出生就是错误，谁会希望生出我这种难看的孩子呢。	0	0	1	0	0	0	0	0	0	0	0	0
我都告诉酒店给我预留房间了，不就是没有提前付钱吗？肯定是酒店故意的。	0	0	0	1	0	0	0	0	0	0	0	0
以后我就得不到妈妈的关心了，她只会关心她肚子里的宝宝	0	0	0	1	0	0	0	0	0	0	0	0
被抛弃的落寞有如附骨之疽，没有其他人的生活才是适合我的，试图融入群体是一个错误的决定	0	0	0	0	0	1	0	0	0	0	0	0
似乎是最近工作强度过大，我需要找个机会放松一下自己。 	0	0	0	0	0	0	0	0	0	0	0	0
我的价值，我的重要性都与你无关啊，我来到这个世界，当然有我存在的意义	0	0	0	0	0	0	0	0	0	0	0	0
融入他们的生活，我需要多和他们交流	0	0	0	0	0	0	0	0	0	0	0	0
熬过这些有巨大压力的时间，我应该能得到回报	0	0	0	0	0	0	0	0	0	0	0	0
我满身的无能为力，无法储蓄财富，这是我无法否认的软弱。	0	0	0	0	0	0	0	0	1	0	0	0
提高思维能力，更深入地审视答辩，将有助于我个人的提升。	0	0	0	0	0	0	0	0	0	0	0	0
只有我感到压力大，是因为我工作能力差，心态也不好，我是个累赘。	0	0	0	0	0	0	0	0	1	0	0	0
我太无能了，多少人求之不得的项目在我的手里被毁掉了，老师对我失望透顶了。	0	0	0	0	0	0	0	0	1	0	0	0
是我最近打电话打得太频繁了吗？是我把他栓得太紧了吧，是我太任性了，只顾着自己要安全感	0	0	0	0	0	0	0	0	1	0	0	0
减肥还没有成效就开始偷吃东西，我还真是毫无自制力	0	0	0	0	0	1	0	0	0	0	0	0
这次考不好会被别人看笑话吧，我会成为他们的笑柄	0	0	0	1	0	0	0	0	0	0	0	0
这场官司输掉的话，就再也没有人来找我打官司了，我的律师职业就结束了	0	0	0	0	1	0	0	0	0	0	0	0
我的体重已经超过了健康标准，我真的需要开始减肥了。	0	0	0	0	0	0	0	0	0	0	0	0
他对我说的那些话，只因我做的太差了。	0	0	0	0	0	0	0	0	1	0	0	0
因为缺少经验，而且方向不对所以没啥进展，下午改正就好了，但是还是不太开心	0	0	0	0	0	0	0	0	0	0	0	0
到目前为止我已经尝试了很多减肥的方法，但每一种能瘦下来，也许我根本就不可能瘦下来	0	0	0	1	0	0	0	0	0	0	0	0
他根本看不上我的，说不定背后还会拿我开玩笑	0	0	0	1	0	0	0	0	0	0	0	0
老板又在想方设法的压榨所有人的劳动力还减少给我们的工资了，这次肯定又会找个什么冠冕堂皇的理由出来	0	0	0	1	0	0	0	0	0	0	0	0
这场突如其来的不幸把我原本的生活计划全都打乱了，我现在完全不知道接下来该做什么，也什么都不想做	1	0	0	0	0	0	0	0	0	0	0	0
7: 非歪曲0: 非此即彼分，嗯，怎么说呢，有进步，但是还不够，算啦，现在想这些也没什么用，我还是直接给他分析卷子去吧	0	0	0	0	0	0	0	0	0	0	0	0
由于明天无法提交的PPT，我觉得老师一定会对我失望至极，我再也无法赢得老师的喜爱。 	0	0	0	0	1	0	0	0	0	0	0	0
这些工作任务真多，我接受了这些任务之后肯定会有更多无穷尽的任务	0	0	0	1	0	0	0	0	0	0	0	0
索性睡不着，或许我应该再也不试图入睡，我必然陷入一个无眠的黑洞。	0	0	0	0	0	1	0	0	0	0	0	0
当父亲都无法接纳我，我感到未来的路就像暗无天日的死胡同。	0	0	0	0	0	1	0	0	0	0	0	0
疫情持续了这么长时间，也不知道什么时候是个头，总有一天我会被感染的。	0	0	0	0	1	0	0	0	0	0	0	0
这当然是我必须要偿还的债，没能很快治好他，要是我再厉害一点就不会发生这样的事情了	0	0	0	0	0	0	0	0	1	0	0	0
我拒绝他了，他会不会生气呀，感觉好对不起他呀！！	0	0	0	1	0	0	0	0	0	0	0	0
很快这些照片就会传到网上，我的父母一定会对我很失望，他们会不认我这个女儿的！	0	0	0	1	0	0	0	0	0	0	0	0
我常觉得自己笨嘴拙舌，人们因此而远离我。	0	0	0	0	0	0	0	0	1	0	0	0
我到底做错了什么要被人处处排挤	0	0	0	0	0	0	0	0	1	0	0	0
如果拼命工作就没时间陪伴父母，但如果不努力工作就不能让父母过上好日子，工作与家庭是两个永远得不到平衡的命题	0	0	0	0	0	0	0	0	0	0	0	0
我不知道怎么样他们才会在意我，我这个问题没法解决	0	0	0	0	0	0	0	0	1	0	0	0
没有人真正爱我，也没有人真正关心过我的处境	0	1	0	0	0	0	0	0	0	0	0	0
他宁愿找红颜聊天都不找我，我活着还有什么意义，有什么价值？	0	1	0	0	0	0	0	0	0	0	0	0
一直都是这样，周公从来不肯眷顾我	0	1	0	0	0	0	0	0	0	0	0	0
啊我是真的不会说话，笨嘴拙舌的，真想把自己舌头咬掉，你说你没事做去多嘴干啥，现在好了，人家都知道你是个没用的家伙了	0	0	0	0	0	0	0	0	1	0	0	0
没有叫我啊虽然确实有点失落，但是也没必要啥事都叫我嘛	0	0	0	0	0	0	0	0	0	0	0	0
或许可以把自己的难处和老师说一下，让老师提一点建议	0	0	0	0	0	0	0	0	0	0	0	0
我就是他说的这样，我一直不重要，我只是一个不被关注的人	0	0	1	0	0	0	0	0	0	0	0	0
太阳永远从东方升起，西方落下。	0	0	0	0	0	0	0	0	0	0	0	0
我会被别人笑话，减肥还管不住自己的嘴。	0	0	0	1	0	0	0	0	0	0	0	0
我才没有生病，我不可能生病！生病的是你们，你们就是想骗我的钱！	0	0	0	1	0	0	0	0	0	0	0	0
大家在我背后会笑话我的	0	0	0	1	0	0	0	0	0	0	0	0
这也怨不得别人，要是我复习的时间再早一点，准备得再充分一点，多少也能答上两道题吧	0	0	0	0	0	0	0	0	0	0	0	0
我落选了，证明我的人生充满着失败，从前如此以后也会如此	0	1	0	0	0	0	0	0	0	0	0	0
我从来没有成功过，我连蛋糕店都经营不好，我好痛苦。	0	1	0	0	0	0	0	0	0	0	0	0
我安慰她她却生气了，真是不知好歹的家伙，这人人品一定不好	0	0	1	0	0	0	0	0	0	0	0	0
我一定是身体不正常了，这个点正常人谁会醒啊，我不会精神衰弱了吧。我一定是一个生病的人，无法过上正常的生活。	0	0	0	0	0	1	0	0	0	0	0	0
这条流浪狗怎么这么眼熟，我记得好像是隔壁老王之前养的，我知道了，肯定是因为我欠老王钱，他特意报复我的。	0	0	0	1	0	0	0	0	0	0	0	0
我因无能而自责，如果我能赚到钱早点回家赡养他们，他们就不会这么早离开这个世界。我就是他们的杀手，一切都是我的错。	0	0	0	0	0	0	0	0	1	0	0	0
不是亲生的又怎样，爸爸妈妈养了我那么多年的恩情岂是血缘能够割断的	0	0	0	0	0	0	0	0	0	0	0	0
反正他们根本不会需要我，下次看到这种大面积求助我就应该装作不知道	1	0	0	0	0	0	0	0	0	0	0	0
我居然这样对自己的父母，这简直是我这辈子最大的耻辱，连孝顺都做不到我还有什么颜面活着。	0	0	0	0	0	1	0	0	0	0	0	0
当初我很不理解，为什么有的学姐说被放在校园里想要跳楼？现在我能理解了，我是真他妈的受不了了	1	0	0	0	0	0	0	0	0	0	0	0
肯定是我减肥的方法不对，我得去搜寻一下其他的路子，一定能成功减肥的，否则我的人生就毫无意义了。	0	0	0	0	0	1	0	0	0	0	0	0
大部分人的生活现状都是这样吧，我应该学会知足	0	0	0	0	0	0	0	0	0	0	0	0
外貌并不是我生活的重心，我有很多独有的优点	0	0	0	0	0	0	0	0	0	0	0	0
公司的破产和金钱的紧缺，曾经的朋友一定会看不起我，我会受到大家的鄙夷。	0	0	0	1	0	0	0	0	0	0	0	0
今天出门看见邻居对我指指点点，他们一定是知道了我把爸妈气到生病的事，都在骂我，我不想出门了	0	0	0	1	0	0	0	0	0	0	0	0
肯定是他们用了见不得人的手段，走后门才让我落选，因为我的实力不可能输给他们！	0	0	0	1	0	0	0	0	0	0	0	0
我的公司有我这样的员工真是不幸	0	0	0	0	0	0	0	0	1	0	0	0
我们天天一起吃，不差这一天	0	0	0	0	0	0	0	0	0	0	0	0
我原来没有一个正常的家庭，以后的伴侣家人一定会因为这个嫌弃我	0	0	0	0	1	0	0	0	0	0	0	0
妻子收入高说明她厉害，我为她骄傲	0	0	0	0	0	0	0	0	0	0	0	0
竟然和我撒谎，果然所有的友谊估计都是由谎言构成的。	0	0	1	0	0	0	0	0	0	0	0	0
我的人生真没意义，没有爱也没有亲情	0	0	0	0	0	1	0	0	0	0	0	0
当时还是孩子的我根本无力反抗，无论我怎么痛哭哀嚎，施暴者都无动于衷，真的很绝望	0	0	0	0	0	0	0	0	0	0	0	0
我得找到合理的方法减少加班，让我紧张的情绪得到缓解	0	0	0	0	0	0	0	0	0	0	0	0
应该习惯这种事情，有了第一次就会有第二次，更何况你也不是第一次	0	1	0	0	0	0	0	0	0	0	0	0
若我不在，我的爱人肯定可以活得更长，不过是我又是自己一个人	0	0	0	0	0	0	0	0	1	0	0	0
孩子居然这样顶撞我，但他们确实做错了，可是这样的态度，这样的语气令我感到气愤。我很难过，我还是没能解决好与孩子间的矛盾。	0	0	0	0	0	0	0	0	0	0	0	0
家人对我那么好我却连多和他们联系都做不到	0	0	0	0	0	0	0	0	0	0	0	0
关于生活的一切都是胡说八道。 友谊，同事，俱乐部，所有这些废话。	0	1	0	0	0	0	0	0	0	0	0	0
我感到不幸，我现在饥饿又难受，我宁愿死了算了。	1	0	0	0	0	0	0	0	0	0	0	0
偶尔天气预报也有不准的时候，这也是没办法的事	0	0	0	0	0	0	0	0	0	0	0	0
吵架之后我们终于开始学会进行正常的沟通和交流。	0	0	0	0	0	0	0	0	0	0	0	0
我的小狗已经去世，但我知道我已经尽我所能了，我对它的离开没有任何愧疚。	0	0	0	0	0	0	0	0	0	0	0	0
跟他们交际真麻烦，交际是个麻烦事，关心和帮助我的人都被忽视了，我不屑与与他们为伍	0	0	0	1	0	0	0	0	0	0	0	0
我自己的孩子都教不好，我真是一个SB	0	0	1	0	0	0	0	0	0	0	0	0
太累了受不了了，我感觉自己快要猝死了，我的身体肯定已经被累垮，再不休息我就真的累死了	1	0	0	0	0	0	0	0	0	0	0	0
有紧急情况的可能性较大，还好没发生事故，就这么让他超车吧。	0	0	0	0	0	0	0	0	0	0	0	0
从小到大别人都这么说，我应该找找原因啊，改正它。	0	0	0	0	0	0	0	0	0	0	0	0
父母现在干涉我，我害怕我这一辈子都逃不掉他们的控制，我感觉我仿佛在一座无法逃脱的大牢中。	0	0	0	0	1	0	0	0	0	0	0	0
我是真的老了，连新来没两天的这些人都敢随便欺负我，我已经没用了。	0	0	0	0	0	0	0	0	1	0	0	0
我这个室友和我较劲，我担心我以后的室友和我关系也不会好，似乎我与室友之间的矛盾已经成为我人生的一个永久标签。	0	0	0	0	1	0	0	0	0	0	0	0
我的爸妈哪怕自己吃不好穿不好，也要拼命对我好，我三生有幸遇到了这么好的父母！	0	0	0	0	0	0	0	0	0	0	0	0
等待丈夫的回归，我必须让他了解十月怀胎的艰辛。	0	0	0	0	0	0	0	0	0	0	0	0
值钱的东西都被偷了，还把家里翻得乱七八糟的，好痛苦，还要把这些东西收拾一遍。我简直快要崩溃了，为什么我的命这么苦。	0	0	0	0	0	0	0	0	0	0	0	0
为什么几乎每次找人出去玩都会被鸽，真是烦死了，找人出去玩真难！	0	1	0	0	0	0	0	0	0	0	0	0
在努力工作的同时也得注意保护自己的身体健康	0	0	0	0	0	0	0	0	0	0	0	0
没想到我真遇到了这种情况，我真是太失望了，果然社团就是一个拉帮结派的地方。	0	1	0	0	0	0	0	0	0	0	0	0
目前看起来，一切停滞不前，但我相信只要付出必有收获。所以，我会继续奋力向前。	0	0	0	0	0	0	0	0	0	0	0	0
他最近没跟我一起出去，他已经厌烦我了，不带我了。	0	0	0	1	0	0	0	0	0	0	0	0
爱情果然是骗人的，婚姻充满了不确定性和背叛，我不想结婚了	0	1	0	0	0	0	0	0	0	0	0	0
我就知道，我怎么可能会是这种庸俗的人的孩子，他们那么市侩，简直像老鼠一样恶心	0	0	1	0	0	0	0	0	0	0	0	0
我很难过，我真的不值得拥有任何东西，我对自己绝望了	0	0	0	0	0	1	0	0	0	0	0	0
我再忍一忍，一会回家好好大吃一顿	0	0	0	0	0	0	0	0	0	0	0	0
我辛辛苦苦养育他，结果最后他先离我而去，中年丧子之痛啊！我觉得我真失败。	1	0	0	0	0	0	0	0	0	0	0	0
失败将会磨练我的意志，我会变得越来越强大。	0	0	0	0	0	0	0	0	0	0	0	0
我们最近吵得确实挺凶的，弄成这样我不好受，大家心情也不是很好，冷静一段时间再说吧	0	0	0	0	0	0	0	0	0	0	0	0
为寝室中的不和，我独担所有。无论是分歧还是误解，我总认为自己应该负起责任。	0	0	0	0	0	0	0	0	1	0	0	0
我根本不值得爱，我就是个亲密关系失败者，谁靠近我都会后悔。	0	0	1	0	0	0	0	0	0	0	0	0
朋友不来找我吃饭，朋友肯定是对我有意见	0	0	0	1	0	0	0	0	0	0	0	0
都怪我没选好投资目标，我一定是最糟糕的投资者，让自己陷入了这种困境。	0	0	0	0	0	0	0	0	1	0	0	0
 因为昨夜沉迷电影的波澜情节，我现在得面对睡意全无的代价，内心的责备让我无法安稳。	0	0	0	0	0	0	0	0	1	0	0	0
他们去世了我以后就没有人照顾了，我有什么能力照顾自己，我一定过不好日子，最后变成一个废物一样的人存活在这个世界上，没有他们我活不了的。	0	0	0	0	0	1	0	0	0	0	0	0
太倒霉了，但是也没办法，谁让天气这么变化无常呢	0	0	0	0	0	0	0	0	0	0	0	0
好不容易上大学了还要处处被限制，从小到大永远就是这么个情况，真的好恶心，好想逃离他们。	0	1	0	0	0	0	0	0	0	0	0	0
他为什么不愿意理我，他打心眼里看不起我	0	0	0	1	0	0	0	0	0	0	0	0
如果是人家自己赚的钱，人家自己怎么支配是自己的自由，就算是夫妻也不应该来指手画脚	0	0	0	0	0	0	0	0	0	0	0	0
他们可以相处得那么好，而我就显得格格不入，我就是个不合群的人。	0	0	1	0	0	0	0	0	0	0	0	0
可能确实是我太骄傲了，我应该继续学习，再谦虚一点	0	0	0	0	0	0	0	0	0	0	0	0
像他那样努力的人生才有意义吧，像我这样废柴地生活真是毫无价值。	0	0	0	0	0	1	0	0	0	0	0	0
手机上和我聊的可开心说去哪儿玩，结果却不来，可真会当面一套背后一套啊。	0	0	0	0	0	0	0	0	0	0	0	0
老公都不帮我辩驳，我在这个家没有任何地位，只能被欺负	0	0	0	1	0	0	0	0	0	0	0	0
下调之后的工资只够勉强维持温饱了，我没钱做自己喜欢的事情，这样活着跟死了也没什么区别	0	0	0	0	1	0	0	0	0	0	0	0
我意识到我在过去的半年里有些放松，我必须提高警惕，我相信我一定能找到一份满意的工作。	0	0	0	0	0	0	0	0	0	0	0	0
当我输了官司后，同行就不再尊重我，再也不给我任何案子。	0	0	0	0	1	0	0	0	0	0	0	0
失败往往是成功之母！多少大企业家都经历过失败，只要我不放弃，始终坚持，我一定能有所收获！	0	0	0	0	0	0	0	0	0	0	0	0
什么都不会还是快点吃完回去睡觉吧，以后再也不和他们一起过年了，他们根本看不起我！	0	0	0	1	0	0	0	0	0	0	0	0
我没能天天监督他写作业，可能是这样他才考得不理想。	0	0	0	0	0	0	0	0	1	0	0	0
这点困难都克服不了的我，真是成不了大事	0	0	0	0	0	1	0	0	0	0	0	0
同学组织回校看初中老师，我没脸去，因为我担心他们会以我为耻	0	0	0	1	0	0	0	0	0	0	0	0
我的生活永远都在否定我，它扯着我的耳朵对我大喊：“你的一切都是没意义的”	0	1	0	0	0	0	0	0	0	0	0	0
失恋之后，我一直处于低落的状态，但我知道我不应该将这种情绪带给亲友，我应该尽快走出失恋的阴影。	0	0	0	0	0	0	0	0	0	0	0	0
我就是个衰神！我最近就点这么一次外卖，怎么就能被人偷了啊！	0	0	1	0	0	0	0	0	0	0	0	0
真好啊，真棒，孩子们开始有自己的想法了。他们长大了。	0	0	0	0	0	0	0	0	0	0	0	0
爸爸这样子是不对的，有了家庭的男人应该顾家，还有妻子和孩子需要照顾，要跟他好好谈一谈这个事情。	0	0	0	0	0	0	0	0	0	0	0	0
我觉得我花了很多时间努力，可结果却有点白费，感到有些懊悔。	0	0	0	0	0	0	0	0	0	0	0	0
他们无法接纳我，全因我过于平庸，未曾达到他们的期待。	0	0	0	0	0	0	0	0	1	0	0	0
把奖学金给跟领导关系好的同学了，所以我才没有的。	0	0	0	0	1	0	0	0	0	0	0	0
我这么笨，就算我参加了各种活动我的队友肯定也会嫌弃我拖后腿。	0	0	0	1	0	0	0	0	0	0	0	0
我状态不好，老师又要骂我了	0	0	0	0	0	0	0	0	0	0	0	0
可能就是最近压力太大了，多休息几天就好了，给自己放一个小假吧！	0	0	0	0	0	0	0	0	0	0	0	0
他究竟是怎么做到心安理得的不做任何事情的啊，真是令人鄙夷，天下有他这种人真是不幸	1	0	0	0	0	0	0	0	0	0	0	0
我努力了，但我似乎永远无法掌握它。	0	1	0	0	0	0	0	0	0	0	0	0
家里的事务似乎忙碌异常，我应该等他们稍微清闲些时候再向他们咨询。	0	0	0	0	0	0	0	0	0	0	0	0
啊好烦，还得重新做一份，我怎么脑子糊涂忘记保存了，下次千万不能再这样了	0	0	0	0	0	0	0	0	0	0	0	0
我整日埋头苦读，奈何却无济于事，是我与成功之间存在着无法逾越的鸿沟吗？我恐怕是生来就注定要一败涂地	0	1	0	0	0	0	0	0	0	0	0	0
他们不过是可怜我罢了，他们根本就不爱我，惺惺作态的样子真恶心。	0	0	0	1	0	0	0	0	0	0	0	0
跟父亲道歉，并且以后也要注意回家的时间不要再让他担心。	0	0	0	0	0	0	0	0	0	0	0	0
我总是不能有自己的想法，这辈子都离不开被家里人控制的命运。	0	1	0	0	0	0	0	0	0	0	0	0
我也出去看看他们干嘛去了，凑个热闹	0	0	0	0	0	0	0	0	0	0	0	0
我是不适合学习的人，我不适合读书的	0	0	1	0	0	0	0	0	0	0	0	0
在看到别人甜蜜的时候我也会羡慕，这时候我总会暗自伤神	1	0	0	0	0	0	0	0	0	0	0	0
要不把所有的都吃了把，一开始吃东西就停不下来，我完了。这就是我的命运，注定要一辈子和肥胖作斗争。	0	1	0	0	0	0	0	0	0	0	0	0
我回忆起高中同学对我的唾骂，认为我是精神病而排挤我的样子，现在确诊我感到我的世界一片灰暗，我无法在这个世界上生存下去了。	1	0	0	0	0	0	0	0	0	0	0	0
没想到他是这样的人，他上次拒绝我的表白，肯定是因为他喜欢了别人	0	0	0	1	0	0	0	0	0	0	0	0
发泄出来也好，我也需要让他知道我生气了，不然他不会知道自己有多过分	0	0	0	0	0	0	0	0	0	0	0	0
我的不努力让妈妈甚至为我的未来开始担忧，虽然有一些内容不是很对，但所有的一切的原因都是因为我不够努力，配不上这个社会	0	0	0	0	0	0	0	0	1	0	0	0
好担心女儿呀，我给他发个消息问问吧，万一是遇到什么事情了呢。	0	0	0	0	0	0	0	0	0	0	0	0
为什么我付出的努力他们都看不到？我再也不想做家务了，反正没人会注意到我做了什么，都是一样的！	1	0	0	0	0	0	0	0	0	0	0	0
我根本就逃不开他们的控制，以后就算结婚他们也不会让我离开他们的，我的未来也会是这样不自由的，好痛苦。	0	0	0	0	1	0	0	0	0	0	0	0
明天一定有啥大事发生，这就是个预兆吧。	0	0	0	0	1	0	0	0	0	0	0	0
上海人都爱这样，感觉自己是大城市来的，就喜欢压别人一头，真讨厌上海人	0	1	0	0	0	0	0	0	0	0	0	0
我每节课都不及格，我越来越落后，我做不了作业，我会不及格，而且我无论如何也无法提高。	0	0	0	0	1	0	0	0	0	0	0	0
会不会是我刚才说话太大声了吓到她了啊，都是我的过错	0	0	0	0	0	0	0	0	1	0	0	0
我已经预见到了自己被解雇的命运。	0	0	0	0	1	0	0	0	0	0	0	0
作为一学生，学生连学习都做不好，那还能干什么呢，只会被所有人看不起。	0	0	0	0	0	1	0	0	0	0	0	0
这是我在学校的六周试用中的第一天，每周都面临新的挑战，内心有些不安。	0	0	0	0	0	0	0	0	0	0	0	0
父母吵架影响他们之间的感情，让我不知所措。	0	0	0	0	0	0	0	0	0	0	0	0
我都得了脑肿瘤了，那还有的活吗？那我之前那么努力工作有什么意义，简直像个傻子，我这辈子摊上这个病算是彻底完了	1	0	0	0	0	0	0	0	0	0	0	0
我舍友总想让我去参加点活动，但我总是推辞，他肯定认为我是个特别扭捏的人。	0	0	0	1	0	0	0	0	0	0	0	0
有时太难受了我会想要是能一死了之也不错，可以摆脱疾病，也不用面对我那被疾病搅得一团乱的生活	0	0	0	0	0	0	0	0	0	0	0	0
和好看的人站在一起使我自惭形秽。	0	0	0	0	0	0	0	0	0	0	0	0
我可能会在这个岗位上犯错对公司造成损失，那就是我无能造成的	0	0	0	0	0	0	0	0	1	0	0	0
这件事情我又不能自己控制，我要崩溃了，我根本无法解决我面临的问题。	1	0	0	0	0	0	0	0	0	0	0	0
同学好优秀啊，我一定好好学习，赶上同学的节奏	0	0	0	0	0	0	0	0	0	0	0	0
我就是一个小气的人，怎么连一根笔都要要回来	0	0	1	0	0	0	0	0	0	0	0	0
家庭的靠山就这么倒了，我整个人都陷入了迷茫，我不如也一起离去，去陪伴他。	1	0	0	0	0	0	0	0	0	0	0	0
他们辛苦了一辈子，到老了我却没办法让他们安享晚年，我真是个废物啊。我永远无法给他们想要的生活。	0	0	1	0	0	0	0	0	0	0	0	0
我确实没那么好看，但也不算丑，就是普通人的长相而已。	0	0	0	0	0	0	0	0	0	0	0	0
他们不断地催促我，我疲于应对。我怀疑他们是故意找我麻烦，让我不舒服	0	0	0	1	0	0	0	0	0	0	0	0
啊，好多东西要做，好多工作啊，这辈子都要陷在做不完的工作堆里了	0	0	0	0	1	0	0	0	0	0	0	0
为什么这个社会总是对我这么不公平，为什么倒霉事情偏偏都被我遇上了呢？	1	0	0	0	0	0	0	0	0	0	0	0
连父母的爱都没有，我还哪敢去奢求这个世界的任何善意，活下去也太难了。	0	0	0	1	0	0	0	0	0	0	0	0
多干点活身体就遭不住了，我浑身都写满了废物二字。	0	1	0	0	0	0	0	0	0	0	0	0
我想干但是又不得不干，要是这次没干好的话，我肯定会因此丢了饭碗。	1	0	0	0	0	0	0	0	0	0	0	0
我的努力被人抢走了，我觉得自己真的是糟糕透顶。	0	0	0	0	0	1	0	0	0	0	0	0
照片像是消失了一样，找不到了，仿佛它有了自己的腿。	0	0	0	0	0	0	0	0	0	0	0	0
没有人会跟我一起结伴的，我这大学生活注定一个人，没有人会理回我	0	1	0	0	0	0	0	0	0	0	0	0
我和另一个面试的人的能力都差不多，为什么就录用了那个人，是因为他是男生吗？这家公司肯定有严重的女性性别歧视倾向。	0	0	0	1	0	0	0	0	0	0	0	0
我一辈子只能形单影只，看着别人交朋友	0	0	0	0	0	1	0	0	0	0	0	0
都怪我没睡着，我应该努力睡觉的，睡不着是我的问题	0	0	0	0	0	0	0	0	1	0	0	0
是不是中国所有的家长都这样啊，根本不管我的想法	0	1	0	0	0	0	0	0	0	0	0	0
他们肯定都不喜欢我，毕竟我总是说错话。	0	0	0	1	0	0	0	0	0	0	0	0
我没办法组织好其他人，我是个会把任务搞砸的人，我处于一种连决策都无法做出的状态。	0	0	1	0	0	0	0	0	0	0	0	0
我不能谈论我所思所感，因为那样就会变得真实，	1	0	0	0	0	0	0	0	0	0	0	0
我在结婚生子这种人生大事上都不能自己解决， 我根本就不配为一个独立的人，只能拥有被支配的人生。	0	1	0	0	0	0	0	0	0	0	0	0
我怎么就这么倒霉呢，这种不幸肯定会一直延续下去	0	1	0	0	0	0	0	0	0	0	0	0
我不能沉浸在悲伤中，我还要安慰我的妈妈。	0	0	0	0	0	0	0	0	0	0	0	0
我好郁闷(___)，我就像腐烂的淤泥，一辈子翻不了身。	1	0	0	0	0	0	0	0	0	0	0	0
领导肯定对我失望透顶，再也不会把重要的任务交给我了。	0	0	0	1	0	0	0	0	0	0	0	0
工作太忙，搞得腰酸背痛的，挣得钱也就勉强糊口，吃顿好的都得精打细算。	0	0	0	0	0	0	0	0	0	0	0	0
现在论文都写不出来，以后的学习生涯也一定处处受挫，我已经看到了自己灰暗的人生。	0	0	0	0	1	0	0	0	0	0	0	0
显摆啥呀，就故意在我眼前瞎得瑟，生怕不知道你几斤几两，真烦人。	0	0	0	1	0	0	0	0	0	0	0	0
在众目睽睽之下狂奔进教室光是想想就足够尴尬了	0	0	0	0	0	0	0	0	0	0	0	0
头晕得恶心，脑袋发胀，我有一天一定会猝死过去的。	0	0	0	0	1	0	0	0	0	0	0	0
谁说女子不如男，妻子已经挑起了生活的大梁，我应该好好完成家庭内部的各种工作，不惹她因为生活的琐事烦心。	0	0	0	0	0	0	0	0	0	0	0	0
我如果和上司关系好一点工资就不会这么低了，都怪我不会处理人情世故，是我害了自己。	0	0	0	0	0	0	0	0	1	0	0	0
老板肯定是对我上个季度的工作不满意，断定我不敢忤逆他就想方设法地整我，这什么时候才是个头啊	0	0	0	1	0	0	0	0	0	0	0	0
下次一定好好看看，不要再出错误了，这次先换一家酒店吧。	0	0	0	0	0	0	0	0	0	0	0	0
自己玩也挺有意思的，我自己玩也行	0	0	0	0	0	0	0	0	0	0	0	0
我是不是不值得被认可，从小到大，谁也不认可我	0	1	0	0	0	0	0	0	0	0	0	0
这生理期简直痛得要死，我还不如死了算了，这样就不疼了。	1	0	0	0	0	0	0	0	0	0	0	0
我不该相信世界上的任何一个人，所有人都是一样冷漠无情。	0	1	0	0	0	0	0	0	0	0	0	0
我的人生就是一个接一个的失败，从前如此，以后也将如此，我永远都无法成功。	0	1	0	0	0	0	0	0	0	0	0	0
真想多睡一会，等放假了，我一定要好好睡一觉。	0	0	0	0	0	0	0	0	0	0	0	0
为什么我什么突发情况都处理不好，我真不知道活着干嘛，没有意义。	0	0	0	0	0	1	0	0	0	0	0	0
累了没地方休息，饿了没地方吃饭，怎么不幸的事情总是发生在我的身上呢	0	1	0	0	0	0	0	0	0	0	0	0
我走到哪里都是孤独的，我是个社交废物	0	0	1	0	0	0	0	0	0	0	0	0
我同辈的兄弟姐妹们都好厉害，能欣赏到他们的表演我也很开心。	0	0	0	0	0	0	0	0	0	0	0	0
都是因为他们嘴不严，不然怎么会让那么多人知道，都传到我耳朵里了。	0	0	0	0	0	0	0	0	0	0	0	0
我开的太慢了，让那个车主在后面等得不耐烦，我怎么这么笨，连开车都会影响到别人。	0	0	0	0	0	0	0	0	1	0	0	0
被狗咬真是让人无语，我现在什么都不想干了	1	0	0	0	0	0	0	0	0	0	0	0
熬夜太多了，得注意身体了。	0	0	0	0	0	0	0	0	0	0	0	0
那些人都是冷漠自私又麻木的看客，我不会相信他们的	0	0	1	0	0	0	0	0	0	0	0	0
生活为何总是要用这种琐碎的坏事折磨我呢，我到底做错了什么	0	0	0	0	0	0	0	0	1	0	0	0
考不上研肯定会被以前学习不如我但是学历比我高的人取笑的，到时候就太丢人了	0	0	0	0	1	0	0	0	0	0	0	0
孩子们不遵守课堂纪律要是被教导主任和校长看到了，肯定觉得我玩忽职守，当不好老师，会被撤职的	1	0	0	0	0	0	0	0	0	0	0	0
说影响我了还跟我吵架，跟室友沟通可真难啊	0	0	0	0	0	0	0	0	0	0	0	0
我真的累了，真的做不完这么多工作，可是上级给了我，我却没有完成，这太对不起他了都是我不好，都是我能力太差，都是我效率太低	0	0	0	0	0	0	0	0	1	0	0	0
别说高富帅了，我在别人眼里就是个矮穷丑，没有人会把我放在眼里。	0	0	1	0	0	0	0	0	0	0	0	0
梦想变成了噩梦，秒变成了分钟，分钟变成了小时，痛苦非常真实。	1	0	0	0	0	0	0	0	0	0	0	0
我的家庭全毁了，我将要永远失去我的爸妈了，都怪这个女人	0	0	0	0	0	1	0	0	0	0	0	0
他们这么失望都怪我，打我也是应该的，我不是个好孩子，我没有做到他们的要求，都是我的错。爸爸妈妈吵架也都怪我，是我毁了这个家。	0	0	0	0	0	0	0	0	1	0	0	0
如果我失败了，一定会有很多人嘲笑我，让我更加痛苦。	0	0	0	1	0	0	0	0	0	0	0	0
我怎么连这种事都能忘，我真是个废物	0	0	1	0	0	0	0	0	0	0	0	0
胖子都是潜力股，没准哪天我瘦下来了，就会惊艳众人了。	0	0	0	0	0	0	0	0	0	0	0	0
我也太倒霉了吧，算了，再坚持坚持，马上就到家了。	0	0	0	0	0	0	0	0	0	0	0	0
孕妇真烦人，似乎总是在抱怨。我想，或许这就是所有孕妇的通性吧，这真令人痛苦。	0	1	0	0	0	0	0	0	0	0	0	0
没有金钱的补贴，我可能就无法存活下去，我不清楚我为何还要继续活着。	0	0	0	0	0	1	0	0	0	0	0	0
我无时无刻不盼着能早点结束这段时间的工作，让我好好睡上一觉	0	0	0	0	0	0	0	0	0	0	0	0
他早就对我有意见了，不用我的伞说明他对我很不满。	0	0	0	1	0	0	0	0	0	0	0	0
夜不归宿让爸爸担心了我不能再这样了	0	0	0	0	0	0	0	0	0	0	0	0
怎么所有烦心事都加起来了，不去看医生了，不如被狗咬这么死了算了。	1	0	0	0	0	0	0	0	0	0	0	0
我就是什么也做不好，就是这个社会的废物	1	0	0	0	0	0	0	0	0	0	0	0
我的室友知道了之后一定会觉得我很脏，我男朋友也会嫌弃我的，我不能告诉别人，我好恐慌。	0	0	0	1	0	0	0	0	0	0	0	0
他们这是故意当看不见的吧，肯定是在嫌弃我做的不好	0	0	0	1	0	0	0	0	0	0	0	0
他收到电话却不接，这是个没有素质的人	0	0	1	0	0	0	0	0	0	0	0	0
看来我把握重点的能力还是有些欠缺	0	0	0	0	0	0	0	0	0	0	0	0
他肯定是迫于压力才背的我，所有人都不想摊上烂摊子	0	0	0	1	0	0	0	0	0	0	0	0
赶紧让保安把他带走，我还要工作，没时间陪他闹	0	0	0	0	0	0	0	0	0	0	0	0
我这次拒绝他们了，他们就会和别人说我的坏话	0	0	0	0	1	0	0	0	0	0	0	0
原来这就是我的真实水平，我之前在期待什么？真是普通又自信。我注定平庸一生。	0	0	1	0	0	0	0	0	0	0	0	0
我熬了好几个大通宵做出来的事，他直接把我的功劳抢了过去，天底下的同事都是这么恶心的人。	0	1	0	0	0	0	0	0	0	0	0	0
看着其他人轻易地拿到驾照，我觉得我就像是驾校里最笨的学生。我好像永远都不能拿到驾照了。	0	1	0	0	0	0	0	0	0	0	0	0
老师故意的吧，他故意不说这些是重点然后背刺我们，他这样有什么好处吗？他是不是觉得我们不值得他花时间好好教？	0	0	0	1	0	0	0	0	0	0	0	0
我还是会觉得我的体态会让人感到恶心，对不起。	0	0	0	0	0	0	0	0	1	0	0	0
我这次不和他一起吃饭，以后别的事情他也不会找我了	0	0	0	0	1	0	0	0	0	0	0	0
我要被开除代表着我是个彻头彻尾的失败者，我的人生像被剪断了线的风筝	0	0	0	0	0	1	0	0	0	0	0	0
我太胖了，什么都做不了，而我认为我能做的一件事，我却失败了。	0	0	0	0	0	1	0	0	0	0	0	0
再保持一点耐心，我今晚必须要好好犒劳自己。	0	0	0	0	0	0	0	0	0	0	0	0
这么重要的东西都能弄丢，我感到十分懊恼，我觉得自己是个丢三落四的冒失鬼。	0	0	1	0	0	0	0	0	0	0	0	0
我对那家公司一直有很高的期待，但是我没能通过面试，看来我还需要提升我的面试技巧。	0	0	0	0	0	0	0	0	0	0	0	0
辛辛苦苦做的PPT，临到最后一步全毁了，我就是一个这么完犊子的人。	0	0	0	0	0	1	0	0	0	0	0	0
他咋跟个塑料袋似的这么能装呢，故意显摆自己，真是无聊	0	0	0	0	0	0	0	0	0	0	0	0
我需要继续提高自己的工作能力，或者换一份自己能够适应的工作	0	0	0	0	0	0	0	0	0	0	0	0
他一定是最近工作没有做好，遇到了瓶颈期，故意向我找茬	0	0	0	1	0	0	0	0	0	0	0	0
会好起来的，以后都会好起来的，我的表达能力会慢慢进步的。	0	0	0	0	0	0	0	0	0	0	0	0
他万一讨厌我怎么办 万一他看到了我的牙不白 摸到了我的腰不细 觉得我不可爱 又讨厌我怎么办	0	0	0	1	0	0	0	0	0	0	0	0
我被他们嘲笑了，我以后永远抬不起头来	0	0	0	0	0	1	0	0	0	0	0	0
没事，不是什么大问题，我每天天都睡的很香的	0	0	0	0	0	0	0	0	0	0	0	0
眼部出了毛病，确实不太适合接触电子产品等了，我需要遵守医生的嘱咐	0	0	0	0	0	0	0	0	0	0	0	0
反正我再怎么干都在他那得不到好，倒不如我彻底做一个他眼中的坏员工。	0	0	0	0	1	0	0	0	0	0	0	0
我感到绝望，好像我无法与城市里的所有人产生共鸣。	0	1	0	0	0	0	0	0	0	0	0	0
做食品生意就是这么脆弱，经不起打击，这个行业就是个火坑，谁做谁完蛋。	0	1	0	0	0	0	0	0	0	0	0	0
我可能到毕业也不可能和她有好好相处的时候，我们注定是水火不容的敌人。	0	1	0	0	0	0	0	0	0	0	0	0
过去的四年对我来说基本上是人间地狱（新班级，朋友越来越少）	0	0	0	0	1	0	0	0	0	0	0	0
我是那个只会让周围人忧心忡忡、矫揉造作的存在，我本不该露面在这世界上。	0	0	1	0	0	0	0	0	0	0	0	0
我缺乏才艺，让父母在别人的表演中感到尴尬，这让我感到深深的内疚。	0	0	0	0	0	0	0	0	1	0	0	0
和家人吵架了气的好几天没睡好觉，连家人都能吵起来我可真失败啊	0	0	1	0	0	0	0	0	0	0	0	0
如果不能到一家自己喜欢的公司工作，拿到心仪的offer，人生的意义就没有办法实现	0	0	0	0	0	1	0	0	0	0	0	0
他怎么这么努力啊，我是不是也应该学一下，不然要被拉下了吧	0	0	0	0	0	0	0	0	0	0	0	0
这小子是不是看我学习好，嫉妒我了，就以这种方式来恶心我啊？	0	0	0	1	0	0	0	0	0	0	0	0
我就是个不让人省心的主，我现在丢了工作还要在家里啃老，我就是父母的讨债鬼	0	0	1	0	0	0	0	0	0	0	0	0
没人叫我出去玩，自己在家里好无聊好孤单	0	0	0	0	0	0	0	0	0	0	0	0
明明减肥期间不能吃这些东西的，我真是个自控力极差的人！	0	0	1	0	0	0	0	0	0	0	0	0
我并不是最出色的医生，我的医生生涯糟透了。	0	0	0	0	0	1	0	0	0	0	0	0
根本不会在乎我的感受，就算我死了都不会有人在乎。	0	0	0	0	1	0	0	0	0	0	0	0
我感觉男人没有一个好东西，似乎每一个我遇到的男人都一样，这让我对他们充满了绝望。	0	1	0	0	0	0	0	0	0	0	0	0
我的父母只会要求我做这样那样的事，他们根本不关心我，世界上就没有爱孩子的父母	0	1	0	0	0	0	0	0	0	0	0	0
把这么难的工作交给我，领导肯定没安好心	0	0	0	1	0	0	0	0	0	0	0	0
无尽的疫情仿佛永远也无法结束，我那曾经充满笑声和甜蜜的蛋糕店，恐怕再也无法回到过去的辉煌了。	0	0	0	0	1	0	0	0	0	0	0	0
没什么大不了的，这次没得到，下次加油得到他！	0	0	0	0	0	0	0	0	0	0	0	0
我就是个什么也不懂的废物，比不上同学也跟不上老师	0	0	1	0	0	0	0	0	0	0	0	0
今天这回，卡车只是溅我一身水，那下回呢，不得直接从我身上碾过去了，我哪里还敢出门。	0	0	0	0	1	0	0	0	0	0	0	0
我是个扫把星，有我在的地方，那些人的关系就不会好。	0	0	1	0	0	0	0	0	0	0	0	0
一家人在一起，温饱的生活我就很满足了我感到很幸福了	0	0	0	0	0	0	0	0	0	0	0	0
努力工作，升职加薪在等着我	0	0	0	0	0	0	0	0	0	0	0	0
得病的人没有尊严，只能苟延残喘，靠别人的施舍度日	0	1	0	0	0	0	0	0	0	0	0	0
虽然内心担忧考试成绩，但只要我尽力了，结果就已足够。努力过程是最重要的。	0	0	0	0	0	0	0	0	0	0	0	0
朋友没有按约定出现，我不禁想，是不是因为我的外表或个性有问题，所以她才临时改变主意。	0	0	0	0	0	0	0	0	1	0	0	0
我如此无助，好像整个世界都无法接纳我，也许我就该主动去结束这一切，解脱自己。	1	0	0	0	0	0	0	0	0	0	0	0
新开辟的地皮没发展起来也是正常的，过段时间商业起来了，饭店就会多起来了吧。但愿如此，否则我怀疑这里的开发商脑子有问题。	0	0	0	0	0	0	0	0	0	0	0	0
有这样的舍友真让人生气，与其和他沟通还不如让他学习的时候自己感受一下	0	0	0	0	0	0	0	0	0	0	0	0
领导如此信任我，我却没能完成这个任务，我不配在这世上活着。	0	0	0	0	0	1	0	0	0	0	0	0
我就是太懒，如果早点下楼等着外卖，就不会被别人偷走了，这一切都是我自作自受。	0	0	0	0	0	0	0	0	1	0	0	0
我能够微笑却感觉不到任何东西，这是我和我的心灵之间每天都在进行的战斗。	1	0	0	0	0	0	0	0	0	0	0	0
我今天没有交到朋友，我总是和周围的环境格格不入。	0	1	0	0	0	0	0	0	0	0	0	0
我连这点事都协调不好，让一个朋友失望，我活得一败涂地。	0	0	0	0	0	1	0	0	0	0	0	0
任务堆叠让我很焦虑，我现在不想做任何事，不如直接去睡觉	1	0	0	0	0	0	0	0	0	0	0	0
睡那么晚还偏偏打扰别人，真是该死，全天下晚睡的人都该死	0	0	0	0	1	0	0	0	0	0	0	0
没有人愿意来和我主动打招呼，他们都觉得我看起来很烦人吧	0	1	0	0	0	0	0	0	0	0	0	0
这是让我失去工作啊，我不会修好我的电脑，也不会有人来帮助我	0	0	0	0	1	0	0	0	0	0	0	0
我每天睡这么晚开着台灯会影响到舍友睡觉吧，他们会不会在心里已经骂了我好多遍了	0	0	0	0	1	0	0	0	0	0	0	0
我连一个朋友都交不到，我感到我的人生走到了尽头。	0	0	0	0	0	1	0	0	0	0	0	0
我愤怒了，一切考试都是为了折磨我存在的吧！	1	0	0	0	0	0	0	0	0	0	0	0
家人不愿意联系我，因为我没有做出令家人满意的事情。	0	0	0	0	0	0	0	0	1	0	0	0
我起床她也起，我睡觉她也睡，她就是在故意模仿我吧。她肯定对我怀恨在心，想要抢走我的一切。	0	0	0	1	0	0	0	0	0	0	0	0
老师惩罚我了，我觉得很难过	0	0	0	0	0	0	0	0	0	0	0	0
这年头连狗都可以来欺负我了，我活得连一条狗都不如，我的人生真失败啊。	0	0	0	0	0	1	0	0	0	0	0	0
怀孕太可怕了，我以后再也不要怀孕了。	0	0	0	0	0	0	0	0	0	0	0	0
他们一定是因为我是个女孩而不在乎我，不爱我，觉得我可有可无！	0	0	0	1	0	0	0	0	0	0	0	0
对我而言爱人就是我的一切，他如果死了那么我的人生就结束了，所有东西对我而言都不重要了。	0	0	0	0	0	1	0	0	0	0	0	0
为什么偏偏是我碰上这样的事情，小孩子真是令人讨厌	1	0	0	0	0	0	0	0	0	0	0	0
连子女的教养问题都整不好，我可真是一个失败的家长。	0	0	1	0	0	0	0	0	0	0	0	0
别人都有才艺表演，我根本不配在这桌上吃饭，不配在这呼吸，不配活在这世上。	0	0	0	0	0	1	0	0	0	0	0	0
都怪我太粘人了，都是我的错	0	0	0	0	0	0	0	0	1	0	0	0
虽然这次挂了，但是下次我努力努力一定可以	0	0	0	0	0	0	0	0	0	0	0	0
我学业成绩欠佳，所以老师对我心生厌恶，有意找我的茬。 	0	0	0	1	0	0	0	0	0	0	0	0
我觉得我的能力还远远不够公司的平均标准，刚入职几天我就感觉快被工作压垮了，我真的太没用了	0	0	1	0	0	0	0	0	0	0	0	0
我的家人一定会埋怨我，他们可能嘴上不说，但是心里会看不起我，	0	0	0	1	0	0	0	0	0	0	0	0
明明可以好好沟通，但还是吵架了，父母爱我，我也爱他们，吵了架，大家都不好受，真是对不起他们。	0	0	0	0	0	0	0	0	0	0	0	0
似乎她的成就在不断扩大，如果这样下去，我可能会在工作中被遗忘，或许公司最终会选择解雇我。	0	0	0	1	0	0	0	0	0	0	0	0
老师肯定对我很失望，肯定会因为这件事讨厌我	0	0	0	1	0	0	0	0	0	0	0	0
我从未得到父母的认可，我就是个失败的人，我永远都无法成功。	0	1	0	0	0	0	0	0	0	0	0	0
表达能力差我就应该多加练习，没有人是天生的演讲家	0	0	0	0	0	0	0	0	0	0	0	0
反正开打了，跑也跑到那去，不如就这么直接等死吧。	1	0	0	0	0	0	0	0	0	0	0	0
别人周末一起出去玩了，没有人叫我，不会有人叫我一起出去玩了，他们合伙拍视频也肯定没有人叫我。	0	1	0	0	0	0	0	0	0	0	0	0
肝了这么久还是没能写出来，但是好像大部分时间都是在摸鱼，我真是个样子货	0	0	1	0	0	0	0	0	0	0	0	0
下楼都要朋友帮我真是太废物了	0	0	1	0	0	0	0	0	0	0	0	0
我忙于学习，和同学们接触太少，如今被排斥是他们对我的惩罚	0	0	0	0	0	0	0	0	1	0	0	0
我真是猪脑子，什么事都记不住，啥都做不好，笨死我算了。我一定是全世界最笨的人，没有比我更笨的了。	0	0	1	0	0	0	0	0	0	0	0	0
领导批评我，我肯定会被辞退，然后流落街头，饿死在街头。	0	0	0	0	1	0	0	0	0	0	0	0
她的脾气我还不清楚，来得快去得也快，都在气头上不好说话，冷静冷静就好了。她一定是个非常情绪化的人，这种人根本无法好好相处。	0	0	1	0	0	0	0	0	0	0	0	0
都怪我平时没有照看好他们才导致现在的状况，这一切都是我的错	0	0	0	0	0	0	0	0	1	0	0	0
也是，我有什么立场去安慰她，我自己的人生就过得一团糟，还去安慰别人，我也配？	0	0	0	0	0	1	0	0	0	0	0	0
如果我不能胜任这项工作，我就辜负了领导的期望	0	0	0	0	0	0	0	0	1	0	0	0
我总是会遇到这种倒霉的事情，我以后点外卖也逃不过被偷的命运，我十分沮丧。	0	1	0	0	0	0	0	0	0	0	0	0
不知道那条流浪狗身上有没有携带病毒，我不会得狂犬病吧，真的是太吓人了!	0	0	0	0	1	0	0	0	0	0	0	0
我连一场普普通通的官司都赢不了，我真是一个虚有其名的家伙	0	0	1	0	0	0	0	0	0	0	0	0
我是一个心灵受伤的人，所以我并不惊讶这些事情居然发生在我身上。 	0	0	1	0	0	0	0	0	0	0	0	0
我从小就总是把事情弄得乱糟糟的，我就是一个失败者，我什么都做不好，所以我的蛋糕店经营的这么差	0	0	1	0	0	0	0	0	0	0	0	0
大家都想通了就好了，我现在不需要做什么，一切交给时间，时间会磨平一切。	0	0	0	0	0	0	0	0	0	0	0	0
我好痛苦啊，我觉得我该去自杀了结自己	1	0	0	0	0	0	0	0	0	0	0	0
这次外卖被偷，给我敲响了警钟。我下次一定早点下来拿！	0	0	0	0	0	0	0	0	0	0	0	0
一定是丈夫在说我坏话，婆婆才这么看不惯我	0	0	0	1	0	0	0	0	0	0	0	0
我没有复习到的那些考试题目，它们就像一张张不及格的通知书，我这次考试，肯定糟糕透顶。	0	0	0	0	1	0	0	0	0	0	0	0
我连室友关系都处理不好，我还上什么学？人生也太失败了！	0	0	0	0	0	1	0	0	0	0	0	0
我之前表现得太没界限了，是我的错，可是现在他们已经习惯了，该死。他们现在就把我当成了一个失去独立性的小孩。	0	0	0	0	0	0	0	0	1	0	0	0
我连一个朋友都交不到，我的人生真的太失败了。	0	1	0	0	0	0	0	0	0	0	0	0
儿孙自有儿孙福，我好骄傲，我的孩子成长的快乐洒脱，不是一个拘谨担心的小孩	0	0	0	0	0	0	0	0	0	0	0	0
我是一个恶人，我不该做他们的孩子。	0	0	1	0	0	0	0	0	0	0	0	0
她在很多方面都比我优秀，我得努力，让自己变得更好，也要多向她请教、学习，这样我们便可以一起变得更好。	0	0	0	0	0	0	0	0	0	0	0	0
他们一定是背着我好了，他们一定是给带绿帽子了，我就是被人背叛了。	1	0	0	0	0	0	0	0	0	0	0	0
我写不出让老师满意的论文，也不可能找到让父母满意的工作，更不可能找到让我满意的伴侣	0	0	0	0	1	0	0	0	0	0	0	0
研究不出成果，老师不安慰我情绪，这破实验室就没点让人顺心的事儿，全都来欺负我。	0	1	0	0	0	0	0	0	0	0	0	0
别人觉得我是一个没有自制力的人，连吃都管不住	0	0	0	1	0	0	0	0	0	0	0	0
多去学习，多了解成员的性格和能力，就能够组织好大家	0	0	0	0	0	0	0	0	0	0	0	0
这个月已经被放鸽子三次了，我怎么就这么容易吸引鸽子呢，真烦人！	0	0	0	0	0	0	0	0	0	0	0	0
为什么倒霉的只有我家啊，啊啊啊，我好崩溃	1	0	0	0	0	0	0	0	0	0	0	0
这么恐怖的疫情，现在我中招了，我感觉我整个人都要崩溃了。	0	1	0	0	0	0	0	0	0	0	0	0
他们总是聚在一起，只有我参与不进去，他们应该在讨论我。	0	0	0	1	0	0	0	0	0	0	0	0
还是算了吧！即使参与了活动，我也拿不到好成绩，什么奖都拿不到。	0	0	0	0	1	0	0	0	0	0	0	0
如果生活中唯一的幸福真的是去爱和被爱，难怪我如此不快乐。	0	0	0	0	0	1	0	0	0	0	0	0
外面下雨了吗，好冷，好安静，好悲哀啊，这世上的一切都是没有意义的，都是虚无的。世界充满了悲伤，没有人能感受到幸福。	1	0	0	0	0	0	0	0	0	0	0	0
我不该对自己抱有期待的，我原本就是不值得期待的人	0	0	1	0	0	0	0	0	0	0	0	0
忧郁和孤单似乎成了我的影子，我不禁追问，我的生活中是否有些什么我忽视了，导致了这样的感觉。	0	0	0	0	0	0	0	0	1	0	0	0
我家没钱，啥也买不起，哪儿也不能去，家里人一起出去玩的时间也很少，肯定缺乏沟通，没有沟通哪里来的爱呢？我家一无所有，没有钱也没有爱	0	1	0	0	0	0	0	0	0	0	0	0
他这么喜欢告密，一定也在背后说过我的坏话吧	0	0	0	1	0	0	0	0	0	0	0	0
社区里怎么还有流浪狗啊？所有流浪猫狗都脏兮兮的，浑身病毒，还会抓伤咬伤人们，都该抓起来送去安乐死！	0	1	0	0	0	0	0	0	0	0	0	0
我的夜不归宿是在实现梦想，我想要自由，他们什么都不明白；不能和我的朋友一起去追求我的梦想还不如死了算了	0	0	0	0	0	1	0	0	0	0	0	0
所有人都讨厌我，连一只流浪狗都来欺负我	0	1	0	0	0	0	0	0	0	0	0	0
尽力和室友解决我们之间的矛盾，因为我们都有自己的思考。	0	0	0	0	0	0	0	0	0	0	0	0
估计我是得了什么没法治的绝症了吧，我的生活没法继续了	0	0	0	0	1	0	0	0	0	0	0	0
论文好难啊，不想写了，想回家吃饭	0	0	0	0	0	0	0	0	0	0	0	0
只要我还在这个岗位，这样的麻烦事就永无止境	0	0	0	0	1	0	0	0	0	0	0	0
减肥是一件长久的事情，偶尔吃一顿高热量的食物也没有什么的！开心最重要。	0	0	0	0	0	0	0	0	0	0	0	0
我的主要感觉是虚无而不是悲伤，但我认为我需要感受很多悲伤才能克服困难，但我无法让自己体验这些情绪。	1	0	0	0	0	0	0	0	0	0	0	0
父亲的形象在我心理彻底崩塌了，背着母亲在外面找小三，他就是一个彻底的骗子，浑身上下都透露着恶心	0	0	0	0	0	1	0	0	0	0	0	0
等我知道这一消息的时候，什么都已经晚了，当时只有一个念头，我这辈子是彻底没有希望了	0	0	0	0	0	1	0	0	0	0	0	0
我已经尽力了，成绩不进步不是因为我不努力，而是因为我是个十足的笨蛋，怎么学都学不会	0	0	1	0	0	0	0	0	0	0	0	0
赖床害人，我下次绝对绝对不赖床了	0	0	0	0	0	0	0	0	0	0	0	0
他每一句话，看上去都在关心我，实际上都是在指责我，让我觉得我的存在只给父母带来痛苦	0	0	0	1	0	0	0	0	0	0	0	0
我还是先歇一会吧，现在反正没有心情，效率也低不如先追个番，调整一下状态，等到起心情好了效率也高	0	0	0	0	0	0	0	0	0	0	0	0
肯定是有人在背后使坏他才没来的。	0	0	0	1	0	0	0	0	0	0	0	0
他一定是误会了我的意图，我需要向他解释清楚。	0	0	0	0	0	0	0	0	0	0	0	0
我知道是关心我，但这种爱真的有点沉重啊，我也需要自己的空间啊爸妈。	0	0	0	0	0	0	0	0	0	0	0	0
我什么都做不好，我甚至连话都说不清楚，我也不会像别人那样圆滑，像我这种人注定一事无成了。	0	0	1	0	0	0	0	0	0	0	0	0
原来我就是一个生来就比别人低一等的人。	0	0	1	0	0	0	0	0	0	0	0	0
我太敏感了，也许人家根本没有这种想法，只是因为我是个爱胡思乱想的家伙，所以冤枉了她	0	0	0	0	0	0	0	0	0	0	0	0
我要是生了孩子，他肯定也会得这样的病，每天被背痛折磨	0	0	0	0	1	0	0	0	0	0	0	0
你这么走了，孩子成了单亲小孩，没了爸爸，他肯定会变得孤僻、古怪，其他小朋友会孤立他，嘲笑他，到时候也没人站出来保护他了。	0	0	1	0	0	0	0	0	0	0	0	0
今天她没有找我吃饭，我可以主动找她吃饭，她可能今天需要加班，就忘记跟我沟通了，我自己吃也没有什么关系。我还可以把今天吃到的美食跟她分享。	0	0	0	0	0	0	0	0	0	0	0	0
驾校肯定是想要多收钱，故意没把重要的东西教给我	0	0	0	1	0	0	0	0	0	0	0	0
我就是个随便相信他人的傻子，正确与否都不能辨别	0	0	1	0	0	0	0	0	0	0	0	0
室友天天出去学习不带我一起，他就是自私自利，背着我偷偷学，真是小气鬼。	0	0	1	0	0	0	0	0	0	0	0	0
我是一个坏孩子，人贩子应该把我抓走！	0	0	1	0	0	0	0	0	0	0	0	0
这一切都是我自作自受的，是因为我不够上进，所以生活才会如此困难。我在惩罚自己，似乎所有的问题都是由我一手造成的。	0	0	0	0	0	0	0	0	1	0	0	0
好失望啊，本来都有期望了，给人希望再让人失望比直接没有希望更让人伤心。	1	0	0	0	0	0	0	0	0	0	0	0
为什么他就不能明白我对他的一片苦心呢，天天心里肯定就想着玩游戏早恋了，早就把我的话丢到一边去了，真是痛苦。	0	0	0	1	0	0	0	0	0	0	0	0
我要是考不上研究生的话，就很对不起我的父母。	0	0	0	0	0	0	0	0	1	0	0	0
承受的压力还在我可控的范围之内，它并未对我的日常生活产生显著的负面影响。	0	0	0	0	0	0	0	0	0	0	0	0
我竟然把衣服穿反了，马上就要见到心仪的女神，我一定会因此搞砸，她肯定会因此而离我而去。	0	0	0	0	1	0	0	0	0	0	0	0
工作分配不合理，真的让人做着很累，什么时候我得跟他们沟通一下，大家干的差不多，才叫公平。	0	0	0	0	0	0	0	0	0	0	0	0
我是唯一被罚站的人，其他同学肯定在心里嘲笑我。	0	0	0	1	0	0	0	0	0	0	0	0
说不定是哪位同学不小心拿错了，我再等等，再找找，说不定他就拿回来了。	0	0	0	0	0	0	0	0	0	0	0	0
经济条件差，我肯定能力也弱，见识也窄，性格也不好，什么都比不上别人	0	1	0	0	0	0	0	0	0	0	0	0
什么玩意儿啊？这样超车，多半是女司机吧！开车这种活儿能不能交给男人来干啊？不会开别开啊！	0	0	1	0	0	0	0	0	0	0	0	0
有什么好比的啊？他们是嫌弃我，一直通过比较在暗示我吧。他们肯定觉得我不如别人家的孩子。	0	0	0	0	0	0	0	0	0	0	0	0
总让他们帮忙，他们早就厌烦我了吧。	0	0	0	1	0	0	0	0	0	0	0	0
废物，这点小事都做不好，让父亲嫌弃不痛快，你还能做好什么。我真的一无是处。	0	0	0	0	0	1	0	0	0	0	0	0
谁都会有这种无法预料的事情发生，放平心态就好了	0	0	0	0	0	0	0	0	0	0	0	0
烦死了，每天都这么多活，我要马上猝死了	0	0	0	0	1	0	0	0	0	0	0	0
来生理期真的太可怕了，不仅身体上难受，精神上我还会受到其他人嘲笑。	1	0	0	0	0	0	0	0	0	0	0	0
我根本处理不好寝室之间的关系，果然和别人住一起的舍友就是难相处。	0	1	0	0	0	0	0	0	0	0	0	0
虽然我不是父母的亲生儿子，但是他们待我非常好，保持现状就足够了	0	0	0	0	0	0	0	0	0	0	0	0
干我们这一行没有办法，来公司越晚，干的就要越多。	0	0	0	0	0	0	0	0	0	0	0	0
我看到我姐姐下载了应用所以我决定尝试一下。	0	0	0	0	0	0	0	0	0	0	0	0
真遭罪，一步门外就遭遇这番波折，只能回家了。	0	0	0	0	0	0	0	0	0	0	0	0
无论我在哪里，我都感觉自己孤独得像一个被抛弃的孤魂。我确信每个人都只关心自己，他们根本不在乎我感受到的痛苦。	1	0	0	0	0	0	0	0	0	0	0	0
我要输掉官司了，以后我再也打不好任何一个官司了。	0	0	0	0	1	0	0	0	0	0	0	0
和别人相处真是太可怕了，我不如一个人躺着发呆	1	0	0	0	0	0	0	0	0	0	0	0
即使嫁给了不喜欢的人，这生活还得继续过下去，走一步看一步吧，哎。	0	0	0	0	0	0	0	0	0	0	0	0
这学期虽然没有结识新朋友有点可惜，但我在社团里学到了许多新知识，我感到很开心。	0	0	0	0	0	0	0	0	0	0	0	0
我真的太难受了，再也没人会像你对我说的那些话。	0	0	0	0	1	0	0	0	0	0	0	0
医患纠纷马上将毁灭我的职业生涯，我的前程被绝望夺走。	0	0	0	0	1	0	0	0	0	0	0	0
为什么偏偏烧坏的是我的？我可真是个点儿背的人。	0	0	1	0	0	0	0	0	0	0	0	0
生长在这种穷苦家庭，每一个人都是你的仇人，相亲相爱是富人才有的东西	0	1	0	0	0	0	0	0	0	0	0	0
我平时学习任务很重，还有社团的事要忙，家里人肯定是怕打扰我才不怎么和我说话的吧。	0	0	0	0	0	0	0	0	0	0	0	0
这小破地方的治安就是差，穷人多的地方就是脏乱差	0	1	0	0	0	0	0	0	0	0	0	0
我的腿是不会好了吧，我的未来就这么完了	0	0	0	0	1	0	0	0	0	0	0	0
天气预报说不下雨我就信了，我真是个跳梁小丑	0	0	1	0	0	0	0	0	0	0	0	0
我就是个病秧子，不是这痛就是那痛，一直以来身体就没全好过，从小到大都是别人的拖油瓶	0	0	1	0	0	0	0	0	0	0	0	0
好着急啊怎么这么久一点没瘦，别人肯定都在笑话我，他们肯定觉得我就是在做无用功，觉得我这种人不可瘦的下来	0	0	0	1	0	0	0	0	0	0	0	0
让别人知道又如何？老娘喜欢就是喜欢，又不是什么可耻的事情！	0	0	0	0	0	0	0	0	0	0	0	0
出这样的风头有什么意思呢，为什么要这样卷呢，这样内卷工作能力可能也得不到真正的提升，就为了把我比下去，让别人只看到你？何必呢	0	0	0	0	0	0	0	0	0	0	0	0
本来想早点挣钱补贴家用，临时想考研，父母肯定觉得我既自私又不懂事	0	0	0	1	0	0	0	0	0	0	0	0
其他同事都没有什么异常，就我一个人忙得要死，肯定是他针对我	0	0	0	1	0	0	0	0	0	0	0	0
好难受啊，还好这把咳了几下就出来了，不像上次差点就近医院了。	0	0	0	0	0	0	0	0	0	0	0	0
朋友还想让我陪他参加辩论赛，我表达能力这么差，我这辈子都肯定参加不了辩论赛，我注定当不了辩手了。	0	1	0	0	0	0	0	0	0	0	0	0
我能理解父母对我的期待，我理解他们，并会用自己的方式获得他们的认可，我相信我的未来一定光明	0	0	0	0	0	0	0	0	0	0	0	0
明明只是吃个鸭脖，对我来说却是又艰难又痛苦	0	0	0	0	0	0	0	0	0	0	0	0
我的同学们家庭都非常和睦。她们觉得我和她们不是一路人。	0	0	0	1	0	0	0	0	0	0	0	0
我好难过，连个主席都没评上，将来我也不会有什么作为的	0	1	0	0	0	0	0	0	0	0	0	0
我真的再也不敢投资了，感觉失败就是我一辈子的宿命，我要是再失败一次，我就真的一无所有了。	0	1	0	0	0	0	0	0	0	0	0	0
偶尔的矛盾才会让我们珍惜彼此的感情，这样会促进我们的感情	0	0	0	0	0	0	0	0	0	0	0	0
我要怎么做才能摆脱疫情，告别苦恼	1	0	0	0	0	0	0	0	0	0	0	0
父母总是忽视我，让我好难受啊	1	0	0	0	0	0	0	0	0	0	0	0
太可怕了，我以后再也不一个人出来了，手机也没电了，以后1: 情绪化推理3: 乱贴标签号就是我的倒霉日了。	0	1	0	0	0	0	0	0	0	0	0	0
你应该冷静下来，也许事情没那么糟，我每天都在犹豫是回到自己的小窝还是去父亲那儿。	0	0	0	0	0	0	0	0	0	0	0	0
本科生都是一帮废物，干嘛要带他们进实验室啊，害得我被老师骂	0	1	0	0	0	0	0	0	0	0	0	0
我无法做好明天的工作，我的老板可能会因此对我心生不悦。	0	0	0	0	1	0	0	0	0	0	0	0
我瞬间感觉全世界都暗下来了，生活的希望就像被这场雨浇灭了一样，充满了悲伤和痛苦。	0	0	0	0	0	1	0	0	0	0	0	0
怪我平时对他态度不好，要是我平和一点，他也不会这么说我	0	0	0	0	0	0	0	0	1	0	0	0
大家肯定会埋怨我吧，他们肯定觉得我这是走后门	0	0	0	1	0	0	0	0	0	0	0	0
他们肯定是故意孤立我，他们就是看我不顺眼	0	0	0	1	0	0	0	0	0	0	0	0
他们因为我是后加入的，就不放心把任务交给我，也不愿意和我相处。	0	0	0	1	0	0	0	0	0	0	0	0
她是不是针对我？别人都不说就说我，看不惯我就直说啊，明里暗里搞这么多小动作给谁看啊	0	0	0	1	0	0	0	0	0	0	0	0
医生的本职是救死扶伤，我已经做到了自己的义务，不管患者怎么闹我都不会有心理负担。	0	0	0	0	0	0	0	0	0	0	0	0
不小心感冒了，可能是抵抗力比较弱。	0	0	0	0	0	0	0	0	0	0	0	0
上帝不爱我了，不想让我睡觉	0	0	0	0	1	0	0	0	0	0	0	0
这个家庭负担不起那个学区房，孩子长大之后会怪我的吧	0	0	0	0	1	0	0	0	0	0	0	0
周围的人挣的钱都比我多，我真没用	0	0	0	0	0	1	0	0	0	0	0	0
这么痛，不如直接让我死了吧，我根本没法忍受这种痛苦，我是个废人	0	0	0	0	0	1	0	0	0	0	0	0
我就是个天生的倒霉蛋，什么也做不好	0	0	1	0	0	0	0	0	0	0	0	0
每次都是我主动找别人玩，然而却没人主动找我，难道是我对他们付出得还不够多吗？	0	0	0	0	0	0	0	0	1	0	0	0
人际关系都处理不好，都没有人叫我，完了，我怎么是这样的人。	0	0	0	0	0	1	0	0	0	0	0	0
我是个彻头彻尾的失败者，不仅是学习的失败者，也是人生的失败者	0	0	1	0	0	0	0	0	0	0	0	0
我这次被盯上了，我预感下次我还会被偷，仿佛我成为了盗贼的永久目标。	0	1	0	0	0	0	0	0	0	0	0	0
大家不喜欢我了，以后面对面也都不会和我说话的	0	0	0	1	0	0	0	0	0	0	0	0
靠这个遇到不顺心的事，出来报复社会的吧	0	0	0	0	0	0	0	0	0	0	0	0
大家都去考研，只有我准备找工作了，我不想做异类。	0	0	0	0	0	1	0	0	0	0	0	0
家人最近鲜少与我交流，肯定是他们总觉得我的表现太差了。	0	0	0	1	0	0	0	0	0	0	0	0
得了，我就这么个倒霉的人。	0	0	1	0	0	0	0	0	0	0	0	0
我好没用啊，这样都能受伤，不如就这么躺在病床上直接死了得了。	1	0	0	0	0	0	0	0	0	0	0	0
我连领导交代的任务都完成不好，我一定会被炒鱿鱼，然后饿死在街头，谁都不会帮助我。	0	0	0	0	1	0	0	0	0	0	0	0
活着太难了，我根本就不是个奋斗的那块料。	0	0	1	0	0	0	0	0	0	0	0	0
“不够漂亮”四个字可以解释我人生中所有的不幸，如果我是一个漂亮的人，我的人生也不会这么灰暗	0	1	0	0	0	0	0	0	0	0	0	0
就是因为我不如他吗，那我就努力比他好，是不是他们就不会这样比较了。	0	0	0	0	0	0	0	0	0	0	0	0
我无法面对家里爸妈失望的表情，我对不起他们辛辛苦苦赚钱，好吃好喝供我上学，而我却什么都没学会	0	0	0	0	0	0	0	0	1	0	0	0
我今天和他说话的时候他躲了一下，肯定是因为我太胖了他嫌弃我。	0	0	0	1	0	0	0	0	0	0	0	0
他是不是生气的内容就和我有关呀，他只是不跟我说，其实心里实在埋怨我	0	0	0	1	0	0	0	0	0	0	0	0
是个人都能看出来我是最优秀的，他竟然不认可我？那我不如回家，辞职不干了！	0	0	0	0	0	1	0	0	0	0	0	0
家里收入不好，我上学还得花这么多钱，也没读出个什么名堂，真是内疚！要是我不读那么久书就好了，多花点时间出来，替父母分担一点生活压力，_，都是我不好	0	0	0	0	0	0	0	0	1	0	0	0
我注定是我无法让别人感受到我的真心了，我根本就没有脸色不好，我无论怎么努力还是让别人感到不舒服，为什么我要长成这样啊。	0	0	0	0	0	0	0	0	1	0	0	0
我在孕育生命，等他出生了，就会感觉这一切都值了。	0	0	0	0	0	0	0	0	0	0	0	0
先看看有没有什么能找回的办法吧，没有的话我还得赶紧趁着我的记忆没有完全消失，再做一份。	0	0	0	0	0	0	0	0	0	0	0	0
他又开始说我学生就该有个学生样了，真是的，所有的班主任都这么磨叽唠叨吗？烦死了。	0	0	1	0	0	0	0	0	0	0	0	0
反正每次都失败，以后有这样的竞选我再也不参加了	0	1	0	0	0	0	0	0	0	0	0	0
感觉像个失败者，因为今天我工作了2: 先知错误个小时，而以前我可以做8个小时。	0	0	1	0	0	0	0	0	0	0	0	0
我们的关系已经走向破裂，我们早晚会分手的	0	0	0	0	1	0	0	0	0	0	0	0
反正我没他们年轻体力好脑子灵活，咋努力也没用，摆了摆了	0	1	0	0	0	0	0	0	0	0	0	0
这群没文化没教养的卡车司机，活该他们一辈子也就这点出息，真招人厌烦。	0	0	1	0	0	0	0	0	0	0	0	0
我很费力才瘦了这么多，偷吃零食使我忍不住责备自己	0	0	0	0	0	0	0	0	1	0	0	0
父母最近不太理我，父母会觉得我这也不行那也不行，对我非常失望。	0	0	0	1	0	0	0	0	0	0	0	0
从没见过像我一样好吃懒做的人，这样下去我的人生就要被毁掉了	0	0	1	0	0	0	0	0	0	0	0	0
不公平！他们凭什么这样对我，这就是在针对我、打压我，这都是什么破公司，我一天也呆不下去了	0	0	0	0	0	1	0	0	0	0	0	0
什么叫笨蛋，这就叫笨蛋，像我这样怎么学都考不好的人就叫做笨蛋	0	0	1	0	0	0	0	0	0	0	0	0
现在大环境不太好，老板这么做我也能理解，唉	0	0	0	0	0	0	0	0	0	0	0	0
没有人在乎我心里想些什么，只念叨让我吃饭，?他们根本都不懂我的心。	0	0	0	1	0	0	0	0	0	0	0	0
他这次放我鸽子了，我明白了，他永远都不会尊重我，他对我的态度不会有所改变。	0	1	0	0	0	0	0	0	0	0	0	0
连朋友都没有，人生还有什么意义。	0	0	0	0	0	1	0	0	0	0	0	0
小张真是笨手笨脚的，什么事都做不好	0	1	0	0	0	0	0	0	0	0	0	0
我能力实在太差了，之前学习的时候不够努力，现在找不到工作。	0	0	1	0	0	0	0	0	0	0	0	0
我就是个没用的废物，做什么都不顺手，父母怎么会满意呢！	0	0	0	0	0	1	0	0	0	0	0	0
我连班级上的简单关系都处理不好，我的人生还有什么希望	0	0	0	0	0	1	0	0	0	0	0	0
一个早上永远睡不醒的人就是我，真失败。	0	0	1	0	0	0	0	0	0	0	0	0
他们肯定会揪着我这一点不放，然后成天贬低我。	0	0	0	0	1	0	0	0	0	0	0	0
我被妈妈控制着，就是个提线木偶，我还不如去死	0	0	1	0	0	0	0	0	0	0	0	0
老板给我安排这么多任务，肯定是对我有所期待，我看这是个考验！	0	0	0	0	0	0	0	0	0	0	0	0
我才不会患有精神疾病呢！这家医院肯定水平不行，里面的医生都是庸医，说出来的话我也不会相信的	0	0	1	0	0	0	0	0	0	0	0	0
如果这时候能让我睡个好觉，比什么都强	0	0	0	0	0	0	0	0	0	0	0	0
老板不可能一点也察觉不到，他一定是对同事睁一只眼闭一只眼。	0	0	0	1	0	0	0	0	0	0	0	0
以后的生活也会这么无趣，不会被关心，这种生活我太厌倦了	0	1	0	0	0	0	0	0	0	0	0	0
有压力才有动力，我不可能被他们比下去。	0	0	0	0	0	0	0	0	0	0	0	0
我没有办法改变现在的状态，我大概以后都无法再找到注意力集中是什么样的感觉了。	0	1	0	0	0	0	0	0	0	0	0	0
别人的看法不那么重要，自己欣赏自己才重要	0	0	0	0	0	0	0	0	0	0	0	0
偷外卖的这个人真的是太可恶了，为什么世界上会有这种人存在啊	0	0	0	0	0	0	0	0	0	0	0	0
我好像从小到大从来没有感受过温暖，未来想必也会依旧如此，倒不如尽早结束自己的生命。	0	1	0	0	0	0	0	0	0	0	0	0
我管不住孩子们，被全世界踩在脚下，所有人都来践踏我。	0	1	0	0	0	0	0	0	0	0	0	0
我就是个废物，工作稍微多一点就喊苦喊累的，成天想着休息，懒得要命	0	0	1	0	0	0	0	0	0	0	0	0
我该怎么做才能结束这样的生活	1	0	0	0	0	0	0	0	0	0	0	0
她还要和我较劲到什么时候啊？工作结婚生孩子她都打算一直较劲吗？她是打算一辈子都跟我比吗？	0	0	0	1	0	0	0	0	0	0	0	0
他在躲着我，怕我听到他通话的内容，他一定是要讲我的坏话	0	0	0	0	1	0	0	0	0	0	0	0
每次从别的条件好的人家经过我都感到很羞耻，他们肯定在偷偷嘲笑我，拿我当笑话似的羞辱	0	0	0	1	0	0	0	0	0	0	0	0
我的外貌成为了我父母在他人面前受到嘲笑的原因，也是他们失去工作的原因。	0	0	0	0	0	0	0	0	1	0	0	0
只有我的外卖被偷了！我要是早点下楼就不会发生这种事了。	0	0	0	0	0	0	0	0	1	0	0	0
现在的小孩都是这样，有父母无尽的疼爱却不当回事，这么好的条件却不珍惜全都浪费了。	0	0	0	0	0	1	0	0	0	0	0	0
他心里是讨厌我的，我不如以后都离他远一点	0	0	0	1	0	0	0	0	0	0	0	0
我朋友和我说他没节食就瘦了，可恶一定是她故意来炫耀。	0	0	0	1	0	0	0	0	0	0	0	0
开车的是个女 ，我就说嘛，女人开什么车嘛，都是马路杀手 	0	1	0	0	0	0	0	0	0	0	0	0
我的原生家庭充满争吵，所以我的性格不好，我以后也不会是个好母亲或者好妻子	0	0	0	0	1	0	0	0	0	0	0	0
不要过于担忧，我们每次都会吵架，过几天就会恢复和平。	0	0	0	0	0	0	0	0	0	0	0	0
逝者如斯，生者已矣。老婆她肯定也希望看到一个振作的我，这个家现在就靠我撑起来了	0	0	0	0	0	0	0	0	0	0	0	0
如果让我的组员知道是因为我没有保存而把作业弄丢的话，他们绝对会怨恨我的！	0	0	0	0	1	0	0	0	0	0	0	0
我之所以被拒绝，肯定都是我刚刚说错话了，让HR生气，我怎么嘴这么笨，一点都不会说话	0	0	0	0	0	0	0	0	1	0	0	0
如果我有足够的本事，能够多赚一些钱，那么我就能让妻子和家乡的亲人们满足，所有的争吵，我都负有罪责。	0	0	0	0	0	0	0	0	1	0	0	0
我脸色被人说好像别人欠我钱一样，这样的说法一定会无重无尽	0	1	0	0	0	0	0	0	0	0	0	0
现在这种环境，根本找不到工作，很快钱花完了，我就只能去乞讨了	0	1	0	0	0	0	0	0	0	0	0	0
连个驾照都考不下来，我的人生真失败	0	0	0	0	0	1	0	0	0	0	0	0
我是个累赘，我不能帮助他处理事情，他还要照顾而我不接电话	0	0	1	0	0	0	0	0	0	0	0	0
里面一件小事就能给我带来这么大的痛苦，果然人生就是充满了痛苦。	0	1	0	0	0	0	0	0	0	0	0	0
现在遇到了学习上的困难，正是考验自己的时候，面对困难绝不能退缩，要一往无前。	0	0	0	0	0	0	0	0	0	0	0	0
反正也会失眠，干脆不要睡觉了算了，通宵学习吧，年轻人，能顶。这样一来，我肯定会变得更糟，我已经不抱任何希望了。	0	0	0	0	1	0	0	0	0	0	0	0
我连小孩子都搞不定，我就是个废物，面对其他事情我也会难以应付	0	0	1	0	0	0	0	0	0	0	0	0
她今天可能有什么事绊住了，等我见到她问问好了，下次再约一起吃饭就行	0	0	0	0	0	0	0	0	0	0	0	0
想到我妈妈当时也经历了这些痛苦才生下我，感觉自己是个不可饶恕的罪人	0	0	0	0	0	0	0	0	1	0	0	0
我的压力真的很大，我可能会继续这样下去，压力的重负似乎会无限期地压在我心头。	0	1	0	0	0	0	0	0	0	0	0	0
我一想到出门要面对他们的提问就只想自己躺在屋里，那里也不想去。有时候真希望永远不用出我的屋子	0	0	0	0	1	0	0	0	0	0	0	0
我连这点事都做不好，我太失败了	0	0	0	0	0	1	0	0	0	0	0	0
每一次看到父母努力工作的身影，我都感觉我就是那个在增加他们压力的罪魁祸首，我无法给他们带来任何帮助。	0	0	0	0	0	0	0	0	1	0	0	0
他们的高个儿让我羡慕，但我的优秀成绩也应该会让他们羡慕。没人完美，也没人一无是处。	0	0	0	0	0	0	0	0	0	0	0	0
医院不愿意告知我是什么病难道是因为是绝症，怕我听了难过导致病情加重所以不告诉我吗？他们一定觉得我太脆弱，承受不了这样的消息。	0	0	0	0	0	0	0	0	0	0	0	0
我的同学还需要买衣服，我直接两套校服解决问题。	0	0	0	0	0	0	0	0	0	0	0	0
救命啊，老天爷为什么这么对我这个弱女子，我好难过	1	0	0	0	0	0	0	0	0	0	0	0
我们吵成这样，我也累了，可能我们真的不适合做朋友吧，以后我也不会跟她再联系了	0	0	0	0	0	0	0	0	0	0	0	0
我本来就不聪明，再强求也没用，我这辈子也就这样了。	0	1	0	0	0	0	0	0	0	0	0	0
孩子们总是公然反对我，我好没面子，我知道我的邻居们都在嘲笑我，他们一定觉得我是一个失败的母亲，连孩子都管不好	0	0	0	1	0	0	0	0	0	0	0	0
老师的批评让我感到挫败，我讨厌这样的生活，论文是让人困扰的。	1	0	0	0	0	0	0	0	0	0	0	0
那个男生一定会觉得我很廉价！他一定不会喜欢上我了！完蛋了完蛋了	0	0	0	1	0	0	0	0	0	0	0	0
他们现在用我和别人对比，以后也会继续对比	0	0	0	0	1	0	0	0	0	0	0	0
本来以为能赚点钱，结果现在除了命什么都没有了，什么都没有了啊	1	0	0	0	0	0	0	0	0	0	0	0
我虽然胖，但是我健康，我快乐，这就足够了。	0	0	0	0	0	0	0	0	0	0	0	0
明明是为他们好，一个个的不领情，教书真是世界上最气人的事	1	0	0	0	0	0	0	0	0	0	0	0
我不该晚上一个人出门，遇到这种事是我自己命中注定！	0	0	0	0	0	0	0	0	1	0	0	0
我脸色最近不太好。	0	0	0	0	0	0	0	0	0	0	0	0
我感觉自己要崩溃了，我应该怎么办	1	0	0	0	0	0	0	0	0	0	0	0
我果然是个难以相处的人，我觉得我以后连一个朋友也不会有，孤独终老。	0	0	0	0	1	0	0	0	0	0	0	0
都怪我干活太慢了，要是能早点干完，就有时间想起来送文件了。	0	0	0	0	0	0	0	0	1	0	0	0
同学们都不喜欢我，对我有意见，所以我才落选了。	0	0	0	1	0	0	0	0	0	0	0	0
我一点耐心都没有了，约人打球真麻烦，下次还是自己出来打吧	0	0	0	0	0	0	0	0	0	0	0	0
不想回来别回来了，从此这个家只有我和妈妈两个人，我没有父亲妈妈也没有丈夫，消失吧。	1	0	0	0	0	0	0	0	0	0	0	0
我是这个世界的一枚弃子，我已经被生活抛弃了	0	0	1	0	0	0	0	0	0	0	0	0
我看我老板是在外面花天酒地过了火，挪用了公司的钱款才拿不出钱给大家发工资的	0	0	0	0	0	0	0	0	0	0	0	0
说什么性格强势，我明明感觉她就是在费劲心思孤立我，她就是讨厌我想抢我功劳，我的感觉不会错的	0	0	0	1	0	0	0	0	0	0	0	0
我只感到胸腔里有麻木的疼痛。是我不在乎还是我太在乎了？我不知道我不能让自己做任何事我整天都在地板上为什么我希望我能停下来？	1	0	0	0	0	0	0	0	0	0	0	0
我和家人会渐渐疏远，直到完全失去联系	0	0	0	0	1	0	0	0	0	0	0	0
图书馆每个人都在认真学习，他们肯定赶超我了，肯定都比我强了，只有我在退步，我真的太不应该了，考试真的太可怕了。	0	0	0	0	1	0	0	0	0	0	0	0
天天在网上看那么多不幸福的婚姻和不快乐的孩子，结婚生子这个这种事本身就是一个非常可怕的事情，我才不想结呢。	0	1	0	0	0	0	0	0	0	0	0	0
周围同事都说我是最出色的，怎么到他那就不这么认为了，他就是个有眼无珠的人。	0	0	1	0	0	0	0	0	0	0	0	0
我勤勤恳恳工作，到头来老板竟然不赏识我，看来我永远也得不到老板的认可。	0	1	0	0	0	0	0	0	0	0	0	0
原来是我一贯的冷漠和寡言让人觉得我呆板，这就是我经常独自一人的原因。	0	0	0	0	0	0	0	0	1	0	0	0
好担心我说错话影响到我和同学的关系！怎么办，好焦虑啊。	0	0	0	0	0	0	0	0	0	0	0	0
我连父母都不是亲生的，我的人生没有任何意义	0	0	0	0	0	1	0	0	0	0	0	0
哎呀，真倒霉，公司一直都干得好好的怎么就突然倒闭了呢，晦气	0	0	0	0	0	0	0	0	0	0	0	0
考试总是让我出其不意，我讨厌考试，我建议取消考试	1	0	0	0	0	0	0	0	0	0	0	0
她每天这么努力工作，不就是为了和我们内卷吗，她心里就是想超过我们所有人	0	0	0	1	0	0	0	0	0	0	0	0
她也不和我好好相处了，我这一辈子也遇不到亲和的同事了。	0	1	0	0	0	0	0	0	0	0	0	0
如果不幸福的话，这日子有什么意思呢，还不如不活着	0	0	0	0	0	1	0	0	0	0	0	0
我这么笨，我就是完全不懂怎么说话！	0	0	1	0	0	0	0	0	0	0	0	0
在这里我没有熟人也没有朋友，我以后都会一个人孤独着了	0	1	0	0	0	0	0	0	0	0	0	0
对，我就是这世界上多余的垃圾，岂止是不重要，根本就是对世界没用，没有任何用处	0	0	0	0	0	1	0	0	0	0	0	0
这次投资这么失败，所有人肯定都会觉得我是一个失败者，我这辈子都没有任何东山再起的机会了	0	0	0	0	0	1	0	0	0	0	0	0
普通人根本没法靠自己创业成功的，那些好投资的资源都掌握在有钱人手里	0	1	0	0	0	0	0	0	0	0	0	0
确实这次的过错并非出自我手，尽管如此，内心还是有些遗憾。	0	0	0	0	0	0	0	0	0	0	0	0
我真对不起少女时期的自己，现在的生活过成这样一团糟的样子，除了麻木的工作就是烦闷的家庭。	1	0	0	0	0	0	0	0	0	0	0	0
这次成绩不佳确实是我自己的问题，我没有仔细查看复习范围	0	0	0	0	0	0	0	0	0	0	0	0
如果这场官司失败了，我的客户将遭受惩罚，我会因自己的不足而自责。	0	0	0	0	0	0	0	0	1	0	0	0
如果家人不时地联系我，我会感觉到他们的重视。现在，由于他们没有联系我，我完全感受不到重视，感觉自己是一个不被喜欢的人。	0	0	0	0	0	1	0	0	0	0	0	0
大家肯定会埋怨我吧，像我这样的人就不配做他们的伙伴	0	0	0	1	0	0	0	0	0	0	0	0
我生活的舞台由我主宰，别人无权干涉。，我想干嘛就干嘛，谁也别想控制我。	0	0	0	0	0	0	0	0	0	0	0	0
连父母都不认可我，我还能对我的人生抱有什么希望呢？被批评了，就像这糟糕的工作一样，我的人生变得一片无望。	0	0	0	0	0	1	0	0	0	0	0	0
我肯定被别人笑话吧，他们肯定背后说我坏话呢，所以才没有交到的朋友	0	0	0	1	0	0	0	0	0	0	0	0
我连毕业照都丢了，我未来肯定不能参加同学聚会了	0	0	0	0	1	0	0	0	0	0	0	0
天要绝我，我又奈何，生意做不下去咯，我也完了。	0	0	0	0	1	0	0	0	0	0	0	0
因为我的工作不好，没能给他们好生活，所以他们不想联系我，都是因为我，是我不够好。	0	0	0	0	0	0	0	0	1	0	0	0
如果我拒绝他的话，他肯定会对我们的友情产生怀疑，我们之间会有间隙的	0	0	0	0	1	0	0	0	0	0	0	0
吃饭也没意思，玩游戏也没意思，做什么都提不起兴趣来，人生真无聊。	0	0	0	0	0	1	0	0	0	0	0	0
我已经是一个中年人了，以后肯定无法在有孩子了。	0	0	0	0	1	0	0	0	0	0	0	0
真的一点都不想上班啊，这班上的有什么意义	1	0	0	0	0	0	0	0	0	0	0	0
天公对我如此不公，是在要求我赎罪，都是我导致的	0	0	0	0	0	0	0	0	1	0	0	0
看着同龄人都逐渐地结婚生子，只有我还单身，我真是个废物。	0	0	1	0	0	0	0	0	0	0	0	0
他肯定是这道我喜欢他了，这么长时间他都没有找我，他肯定是不喜欢我了，喜欢一个人是有罪的。	0	0	0	0	1	0	0	0	0	0	0	0
我平时费尽心思维持的社交是完全没用的，从我现在的处境就可以得知，专注于社交没什么好下场	0	0	0	0	0	1	0	0	0	0	0	0
肯定是哪个销售忽悠他们让买什么按摩椅，这点小伎俩我还是清楚的。我一定是对他们不够关心，让他们轻信这种骗局。	0	0	0	1	0	0	0	0	0	0	0	0
和室友的关系都维持不了，我根本不配生存在这个世界上。	0	0	0	0	0	1	0	0	0	0	0	0
有时候我觉得学校的压力太大了，我可能马上就要完蛋了。	0	0	0	1	0	0	0	0	0	0	0	0
都是我的错！我没有教会他，我没有找到他的问题，无法找到他的短板对症下药，都怪我都怪我！	0	0	0	0	0	0	0	0	1	0	0	0
身边朋友都是匀称苗条的身材，就我这么肥胖，他们一定打心里瞧不起我吧。	0	0	0	1	0	0	0	0	0	0	0	0
同事就是看我不顺眼，所以想要把我挤兑走	0	0	0	1	0	0	0	0	0	0	0	0
他们一直这样，其实不是讨厌我就是后悔生下了我吧。他们肯定觉得我是个失败的孩子。	0	0	0	1	0	0	0	0	0	0	0	0
这个社团没有我可以交的朋友，可惜我无法与任何我觉得有魅力的人做朋友。	0	1	0	0	0	0	0	0	0	0	0	0
为了让父母过上好日子，我会尽全力去挣钱孝顺他们。	0	0	0	0	0	0	0	0	0	0	0	0
我的表达能力很差，我要多去学习，争取改变	0	0	0	0	0	0	0	0	0	0	0	0
最近感觉压力好大，事情太多了，你有什么解决办法吗？	0	0	0	0	0	0	0	0	0	0	0	0
我以后也会变成这样的人，毕竟我和他一个公司时会被同化的	0	0	0	1	0	0	0	0	0	0	0	0
我果然不管在哪都是被人嫌弃的垃圾，活该我一个朋友也没有，我这样的人哪配拥有真心的朋友	0	0	0	0	0	1	0	0	0	0	0	0
如果当初有选择，他肯定不会愿意跟我回家的，我辜负了狗狗对我的信任。	0	0	0	1	0	0	0	0	0	0	0	0
他没敷衍别人，只敷衍我一个人，他对我有什么意见吗	0	0	0	1	0	0	0	0	0	0	0	0
是我人缘太差了，才会这么不受待见，我太内向了，不能处理好和大家的关系。	0	0	0	0	0	0	0	0	1	0	0	0
那两个女生看了我一眼，是在笑话我的身材吧。	0	0	0	1	0	0	0	0	0	0	0	0
我的经营策略出错，导致了目前的糟糕局面，这完全是我的过错。	0	0	0	0	0	0	0	0	1	0	0	0
没有人联系我，周围人都对我冷漠，我被这个世界遗弃在角落。	0	1	0	0	0	0	0	0	0	0	0	0
开店真的不好干，我还是去上班吧，我就不适合做蛋糕，我就应该早早放弃这个梦想。	1	0	0	0	0	0	0	0	0	0	0	0
跟我实在没什么好说的，我一点也不有趣，不会逗人开心，没有什么故事，没人会想和我种人交流。	0	0	1	0	0	0	0	0	0	0	0	0
我就是脑子不好使，早想到是想到这种情况，我不就提前定了吗？我可真是个没用的人。	0	0	1	0	0	0	0	0	0	0	0	0
我在干什么！不行，再不赶紧睡我这一宿都睡不成了。每当我想睡觉的时候，都会有一些负面的想法让我无法入睡。	0	0	0	0	0	1	0	0	0	0	0	0
我这么年轻就怀孕了，感觉人生一片荒芜，一切都夭折了	0	0	0	0	0	1	0	0	0	0	0	0
不能急功近利，如果还没到结婚的时机就不能妨碍对方，闲暇时，我应该把我的想法告诉父母。	0	0	0	0	0	0	0	0	0	0	0	0
我要一辈子都找不到工作怎么办呢，大概要流落街头风餐露宿了，我的人生就会这样平庸地结束了	0	0	0	0	1	0	0	0	0	0	0	0
为了提升业绩，可能得找些新方法，总这样挺下去未必是最好的选择。	0	0	0	0	0	0	0	0	0	0	0	0
我爸妈也不关心我，我的腿都这样了也只是给我打几个电话，没有人能照顾我，我真的好难过好崩溃。我是被遗弃的孩子。	0	0	0	0	0	0	0	0	1	0	0	0
大家肯定也都觉得我的表达能力不行，我会被看不起的。	0	0	0	1	0	0	0	0	0	0	0	0
好难过为什么要这样对我，我不是他们唯一的孩子吗，我想他们重视我一些，今天说过之后他们一定就会停止冷暴力了。	0	0	0	1	0	0	0	0	0	0	0	0
我想跟他们谈谈这个问题，估计他们也不会听我讲话，算了就这样吧，我一个人难过也没什么。	0	0	0	0	1	0	0	0	0	0	0	0
或许可以介绍这几个朋友认识一下，大家一起玩也很好	0	0	0	0	0	0	0	0	0	0	0	0
这餐馆老板挣的都是黑心钱吧，连菜都没洗干净	0	0	0	1	0	0	0	0	0	0	0	0
里面的司机怎么开车的，肯定是家大势大有人给他撑腰，才敢这样不遵守规则	0	0	0	1	0	0	0	0	0	0	0	0
婆婆就是个刻薄，老旧的人，想要彰显自己的能耐罢了	0	0	1	0	0	0	0	0	0	0	0	0
她们平常经常一起走，说话也更有共鸣，应该能变成好朋友。	0	0	0	0	0	0	0	0	0	0	0	0
我的生活已经跌至谷底，连一点小零食都难以支付，我可能是这个世界上最为悲惨的人。	0	0	0	0	0	1	0	0	0	0	0	0
如果我毕业的时候做不出正确的选择，我以后的生活将岌岌可危	0	0	0	0	1	0	0	0	0	0	0	0
自从上次有事拒绝朋友的邀请之后，就再也没人找我玩，人都是这种冷漠的生物吗？	0	1	0	0	0	0	0	0	0	0	0	0
我爸竟然是这样的人，太令人震惊了，这要我怎么办，我要怎么跟她说啊	0	0	0	0	0	0	0	0	0	0	0	0
我认为作为一个男人，如果忍让了他那就是个懦夫，但为了平息事态我只能忍下来。	0	0	1	0	0	0	0	0	0	0	0	0
我对自己的表达能力感到有些不满，感觉自己错失了一些机会。这让我感到有点沮丧。	0	0	0	0	0	0	0	0	0	0	0	0
我还是收拾收拾准备辞职吧，我努力了也没用	1	0	0	0	0	0	0	0	0	0	0	0
我再努力也不会有更好的结果了，已经全都毁了，我做什么都无济于事了。	0	0	0	0	0	1	0	0	0	0	0	0
我失去了贞洁，我的人生基本上已经毁了，没有任何挽救的可能性。	0	0	0	0	0	1	0	0	0	0	0	0
我学习无能，作为学生，我连基本的学习效率都无法保持，我人生的意义究竟在哪里？黑与白之间，我在哪	0	0	0	0	0	1	0	0	0	0	0	0
我感到悲哀，连我的舍友都这么对我了，我知道没有人关心我，或者也许他们中的一些人从来没有充分了解我的处境，以至于知道我现在已经过了无法挽回的地步，至少有 1: 情绪化推理0: 非此即彼 个月了。	0	1	0	0	0	0	0	0	0	0	0	0
哎呀，这得赔好多钱吧，真是心疼	0	0	0	0	0	0	0	0	0	0	0	0
我要是没有出生就好了吧，我没有出生爸妈就不会为我担心，也不至于现在被我气成这样	0	0	0	0	0	0	0	0	1	0	0	0
他不仅用功，而且还很有目标和上进心啊，还懂得好好计划工作。	0	0	0	0	0	0	0	0	0	0	0	0
我讨厌憋着东西。我就像一颗定时炸弹。我想说出来，但是没人愿意听。	0	0	0	1	0	0	0	0	0	0	0	0
不知道他听到后，会怎样想呢？	0	0	0	0	0	0	0	0	0	0	0	0
如果我被发现性取向，我被所有人唾弃，被刻在耻辱柱上	0	0	0	0	1	0	0	0	0	0	0	0
虽然我父母目前在争吵，但我相信他们能够尽快解决彼此间的问题，我们仍是一家人。	0	0	0	0	0	0	0	0	0	0	0	0
我这么丑，没人会喜欢我，没人会和我交朋友，我的人生其实一开始就注定会失败。我永远不会找到爱或者成功。	0	0	0	0	0	1	0	0	0	0	0	0
不用电子屏幕，不可能！我们这种当代年轻人干什么都得用电子产品，几天不碰？那我工作也没了，对象也跑了，我没法活了	0	0	0	0	0	1	0	0	0	0	0	0
所有人都在逼我，他们从来都不知道我有多么痛苦，这个世界真是太冰冷了	0	1	0	0	0	0	0	0	0	0	0	0
瞧我这像猪一样的身材和胃口，看到别人完美身材时我总感觉我真失败	0	0	0	0	0	1	0	0	0	0	0	0
牙齿还咬舌头呢，把话说开总比闷在心里好，下次我们遇到这问题就会多多注意啦	0	0	0	0	0	0	0	0	0	0	0	0
真可笑，我这么差的人怎么可能让他喜欢，我怎么还敢去喜欢他，我这就是自不量力了	0	0	0	0	0	0	0	0	1	0	0	0
我一定不行的，要不我还是主动放弃吧	1	0	0	0	0	0	0	0	0	0	0	0
我的爸妈很少给我打电话，他们并不在乎我，对我这么冷淡。	0	0	0	1	0	0	0	0	0	0	0	0
我明明能好好和他们说的，我就会吵架，伤害他们，我真是个垃圾，我不配活着。	0	0	1	0	0	0	0	0	0	0	0	0
真是聒噪！天天觉得自己和谁都能聊到一起，不知道别人都烦他，这种人不如把嘴用胶带封上。	0	0	0	0	0	1	0	0	0	0	0	0
也许我应该和他好好沟通一下，看看是不是我们之间有什么误会。	0	0	0	0	0	0	0	0	0	0	0	0
是我自己的骨折让他们在我身上浪费了时间 ，抱歉	0	0	0	0	0	0	0	0	1	0	0	0
反正没一个人懂得欣赏我，无所谓，你们想怎么说随便吧。这个世界上所有人都是肤浅的，没人会关心我的感受。	0	1	0	0	0	0	0	0	0	0	0	0
这都是我的错，如果我一开始就能规避风险的话，就不会出现这种事，我真该死。	0	0	0	0	0	0	0	0	1	0	0	0
我的生活一团糟，根本就不具备出去闯荡的资本，还不如待在老家沉寂到老	0	0	0	0	0	1	0	0	0	0	0	0
老师们都这样，就喜欢在学生地论文中鸡蛋里挑骨头，他们总是这样高高在上，觉得学生们干什么都不能让他们满意	0	1	0	0	0	0	0	0	0	0	0	0
这是他特意带我来吃的餐馆，要是我就这么说出来，他肯定会觉得是我对他有意见，我别吃这道菜了就行，忍忍吧。我真是个难搞的朋友，总是给别人添麻烦。	0	0	0	1	0	0	0	0	0	0	0	0
孤独是大学的常态，我必须努力适应	0	0	0	0	0	0	0	0	0	0	0	0
没了电子产品，我可怎么办啊，一天天的，多不方便。而且没了那些游戏，我的生活将变得多么无趣！	0	0	0	0	0	1	0	0	0	0	0	0
我想要调整，可是我真的不是开心，我不想装	0	0	0	0	0	0	0	0	0	0	0	0
失败是成功之母，这点小事没办法打到我	0	0	0	0	0	0	0	0	0	0	0	0
工作使我忙得不可开交，甚至无法抽出时间陪伴孩子，但是也无可奈何。	0	0	0	0	0	0	0	0	0	0	0	0
明知道自己辛苦，但就是嘴馋，活该我减肥失败	0	0	1	0	0	0	0	0	0	0	0	0
我一生中的大部分时间都很沮丧，我从未真正感受到被欣赏或被爱，我讨厌它	0	1	0	0	0	0	0	0	0	0	0	0
一定是我做得太差了，不然他们不可能不注意到。我根本就不适合做家务！	0	0	0	0	0	0	0	0	1	0	0	0
我就是那个极度懒散的人，我不配作为一个优秀的员工。	0	0	1	0	0	0	0	0	0	0	0	0
每个阶段都有难以解决的难题，我讨厌这样的感觉，这难选的抉择永无止境	0	1	0	0	0	0	0	0	0	0	0	0
我现在正在考试休息时间，所以我希望在角落里放松一下，我一定可以考上的	0	0	0	0	0	0	0	0	0	0	0	0
酒真是让人讨厌的东西，让人失去理智，难道天底下所有父亲都是这样吗？	0	1	0	0	0	0	0	0	0	0	0	0
我的老师一定对我非常失望，我上课迟到了	0	0	0	1	0	0	0	0	0	0	0	0
为了给妻子一个完美的婚礼和美好的家庭，我需要努力赚钱。	0	0	0	0	0	0	0	0	0	0	0	0
我怎么就摔了呢，别人怎么没摔，我真是个蠢驴	0	0	1	0	0	0	0	0	0	0	0	0
抽筋了，好痛，我已经不能保持游泳的姿势了，好难受，我肯定会下沉然后淹死的	0	0	0	0	1	0	0	0	0	0	0	0
我肯定考不上研究生了，我就是个不适合学习的废物	0	0	1	0	0	0	0	0	0	0	0	0
爸爸背叛了妈妈，我真替妈妈难受，同时也为爸爸的行为感到羞愧难当！	0	0	0	0	0	0	0	0	0	0	0	0
老师心里一定不会相信我没带，她一定认为我是没写作业所以编造了借口来骗她	0	0	0	1	0	0	0	0	0	0	0	0
一辈子都呆在这种公司，到底有什么意义	1	0	0	0	0	0	0	0	0	0	0	0
我还特意问了同学重点，他故意给我错的吧，就想看我挂科是吧。为什么我总是遇到这种恶意的人，是不是我就是个让人欺负的对象？	0	0	0	1	0	0	0	0	0	0	0	0
我就是个废物，只会给爸爸妈妈丢人，一点用处都没有！	0	0	1	0	0	0	0	0	0	0	0	0
我的父母肯定心里瞧不上我吧，我只会增加他们的负担，我连医药费都交不起	0	0	0	1	0	0	0	0	0	0	0	0
我可真失败，我朋友没有来找我我都没有发现，我每天都在干些什么呀，我真的很沮丧地意识到人类的生活是毫无意义的..	0	0	0	0	0	1	0	0	0	0	0	0
怀孕的难受加上工作让我喘不上气	0	0	0	0	0	0	0	0	0	0	0	0
我家孩子在家能照顾好自己吗，我怎么这么没用，连钱都赚不到，要是有钱的话就不用这样忽视他们了，这样下去孩子都养废了	0	0	0	0	0	0	0	0	1	0	0	0
父母已经不信任我了	0	0	0	1	0	0	0	0	0	0	0	0
站在后面我的大脑一片空白，什么东西都听不进去，除了觉得自己丢人之外没有任何别的想法	1	0	0	0	0	0	0	0	0	0	0	0
上次表哥推荐的那款减肥药一点用也没有，他也是一个大骗子	0	0	1	0	0	0	0	0	0	0	0	0
身为狗主人却没能给狗狗一个寿终正寝的结局，昨天不出去遛狗的话它就不会误食有毒物品，也就不会死去，是我没有看好它	0	0	0	0	0	0	0	0	1	0	0	0
从未当过班干部也没组织过活动，现在给我个领导当，我就像个婴儿一样啥也不会啥都要从零开始学，怎么能做好呢。	0	1	0	0	0	0	0	0	0	0	0	0
不该把分数看得这么重要，孩子在这段时间学有所得是最重要的。	0	0	0	0	0	0	0	0	0	0	0	0
工作让我做最多，聚餐又让我坐角落，什么都让我做最苦的差事！这里的人都一个样！只想着自己，根本不考虑其他人！	0	0	0	0	0	1	0	0	0	0	0	0
我被狗咬了，我走路时没有注意，这个倒霉事应该归咎于我。	0	0	0	0	0	0	0	0	1	0	0	0
首次投资遭遇失败，以后我要先明了市场状况再动手。	0	0	0	0	0	0	0	0	0	0	0	0
我活在压抑和强权之下，我什么都不想干了，不然面对我的只有漫天的质问	0	1	0	0	0	0	0	0	0	0	0	0
如果我写不完报告，我会被领导针对，被同事嘲笑的。	0	0	0	0	1	0	0	0	0	0	0	0
妈妈也想控制我，这个世界的所有人都想我过着他们想要的生活	0	1	0	0	0	0	0	0	0	0	0	0
我表达能力不强，大家心里肯定都讨厌我	0	0	0	1	0	0	0	0	0	0	0	0
他的电话内容是不是关于我的所以他才不接	0	0	0	1	0	0	0	0	0	0	0	0
怎么偏偏今天把衣服穿反呢？都怪对象，都是他刚刚非要拦着我不让我穿裙子！	0	0	0	1	0	0	0	0	0	0	0	0
都传的这么厉害了，那个男生是不是也知道了，他会怎么想呢，很是期待。	0	0	0	0	0	0	0	0	0	0	0	0
我知道他们之所以看似忽视我，是因为父母忙于工作，只要我告诉他们我的感受，他们就会更关心我。	0	0	0	0	0	0	0	0	0	0	0	0
如果连和别人相处这件事情都做不好，那就没有什么事情能做好了吧，可是真不幸我就是这样一个人	0	0	0	0	0	1	0	0	0	0	0	0
好糟心，新衣服被弄成这副样子，没办法了，回去又得洗衣服了。	0	0	0	0	0	0	0	0	0	0	0	0
这件事我会坚定地面对，尽力走出阴影！	0	0	0	0	0	0	0	0	0	0	0	0
服了，就我这运气，我应该去买彩票了，肯定能中。	0	0	0	0	0	0	0	0	0	0	0	0
室友偷偷摸摸出去学习，就是为了卷死我	0	0	0	1	0	0	0	0	0	0	0	0
但是我的父母认为我正在好转，所以现在我必须让他们继续这么认为，因为我不想再给他们压力了。	1	0	0	0	0	0	0	0	0	0	0	0
白马王子太难实现了，过好当下才重要	0	0	0	0	0	0	0	0	0	0	0	0
爸爸找小三了，我得告诉妈妈，妈妈有知情的权力，他们需要有效的沟通，才能更好地解决问题。	0	0	0	0	0	0	0	0	0	0	0	0
他们从一开始就看不起我，直到现在更是对我百般厌恶，我在这个家里根本就是多余人。	0	1	0	0	0	0	0	0	0	0	0	0
本来急着工作，现在电脑又坏了。这都是我意料之中的，毕竟我运气一直差得出奇	1	0	0	0	0	0	0	0	0	0	0	0
我是什么都做不好，干什么都会失败。我注定要一直失败下去。	0	1	0	0	0	0	0	0	0	0	0	0
我猜这个人肯定是个学不明白的新手，还敢上路，这种人就不配活着，活得还不如垃圾为什么还不被撞死。	0	0	1	0	0	0	0	0	0	0	0	0
我一直得最近倒霉的事情 遇上的太多，今天不就又来了一件，这是被什么瘟神缠上了	0	0	0	0	1	0	0	0	0	0	0	0
我照顾不好自己，我是个废人！	0	0	1	0	0	0	0	0	0	0	0	0
我的工作生涯就因为一件小事情而毁了。连奖学金都得不到，我的大学生活就白白浪费了。	0	0	0	0	0	1	0	0	0	0	0	0
我一点也不想怀孕，怀孕只会让我很难受，我再也不会开心了	0	1	0	0	0	0	0	0	0	0	0	0
我现在觉得自己很丑，我怕我以后也无法改变，就像我被定型在这个丑陋的模样中。	0	0	0	0	1	0	0	0	0	0	0	0
努力也学不会，我就是个笨蛋	0	0	1	0	0	0	0	0	0	0	0	0
我无法调整我的情绪，我的问题无法解决，我肯定是有面瘫，我无法露出笑容。	0	0	0	0	0	1	0	0	0	0	0	0
努力学习也只能得到这个结果，那还学什么？我还是直接去打工吧。因为我肯定无论怎么学都不会取得好成绩。	0	0	0	0	1	0	0	0	0	0	0	0
我很庆幸能有这样的好朋友在我困难的时候悉心照顾我，对我不离不弃	0	0	0	0	0	0	0	0	0	0	0	0
虽然父母收入不高，但是他们给了我他们能力范围内最大的关心和关爱。	0	0	0	0	0	0	0	0	0	0	0	0
这么多车，这么多空位，你就超我？呵呵，就是嫌我开的差呗，觉得自己开得久了不起呗，瞧不起谁呢？！	0	0	0	1	0	0	0	0	0	0	0	0
要是我跟他妈当初没有要他，估计我们现在的生活就清净许多了	1	0	0	0	0	0	0	0	0	0	0	0
报警查监控，我就不信找不到小偷是谁，等抓到了要他赔我	0	0	0	0	0	0	0	0	0	0	0	0
没钱也有没钱的快乐，我有爱我的父母和朋友，我们也一样过着幸福的生活。	0	0	0	0	0	0	0	0	0	0	0	0
如果我能更多地与他们交流，找到共同话题，那么可能更容易融入他们。	0	0	0	0	0	0	0	0	0	0	0	0
连和同事领导沟通都这么语无伦次，我还能干什么呢？我就是一个彻头彻尾的废物。	0	0	1	0	0	0	0	0	0	0	0	0
同学们一定都在看我笑话，我被批评，他们一定很开心吧	0	0	0	1	0	0	0	0	0	0	0	0
连泡面都能被烫到手，我真是没用的东西	0	0	1	0	0	0	0	0	0	0	0	0
都怪我没有能力，家里才这么穷，给不了我多少生活费。	0	0	0	0	0	0	0	0	1	0	0	0
在压力之下，我深感疲惫，我怀疑其他的老板或许在暗地嘲笑我。	0	0	0	1	0	0	0	0	0	0	0	0
我与众不同的性格让他觉得不舒服，我应该更加注意他的感受，这些争吵都是我引起的。	0	0	0	0	0	0	0	0	1	0	0	0
好吧，刚好我最近新发现一个很有趣的店，等我先去逛逛，下次就能一起去了！	0	0	0	0	0	0	0	0	0	0	0	0
一个人孤独的我，谁会关心我？我注定一辈子得不到爱。	0	1	0	0	0	0	0	0	0	0	0	0
我是我家的耻辱，我把我爸我妈的脸都丢尽了	0	0	1	0	0	0	0	0	0	0	0	0
我不想去别人家作客，一去父母肯定又要拿我和他家的孩子比较。这让我觉得自己一无是处。	0	0	0	1	0	0	0	0	0	0	0	0
只有我这么惨，我真是倒霉，所有的问题都出在我身上！ 	0	0	0	0	0	0	0	0	1	0	0	0
培养不够我怎么解决，我完全不会	1	0	0	0	0	0	0	0	0	0	0	0
每人都需要一处自我放松的精神空间，我应该尊重他的个人空间。	0	0	0	0	0	0	0	0	0	0	0	0
我最爱的人去世了，我将经历缓慢而痛苦的死亡，任何事情都只会有糟糕的结果	0	1	0	0	0	0	0	0	0	0	0	0
领导简直就是个更年期的暴躁老妇人，跟她说话简直就是浪费时间！	0	0	1	0	0	0	0	0	0	0	0	0
我的朋友会和别人说我的坏话，说我太矫情	0	0	0	0	1	0	0	0	0	0	0	0
既然老板不这么认为，那我就要更努力地工作，争取让老板也这么认为。	0	0	0	0	0	0	0	0	0	0	0	0
儿时那么纯粹的梦想现在却已被我抛在了脑后，为了那微不足道的几两金银疲于奔命，我真是个功利主义者	0	0	1	0	0	0	0	0	0	0	0	0
一定是因为领导看我不顺眼，故意对我在公司的盒饭做了手脚！	0	0	0	1	0	0	0	0	0	0	0	0
家里人没有找到一个好工作都不太喜欢搭理我，我是不应该过多找他们联系的。	0	0	0	1	0	0	0	0	0	0	0	0
都是我没用，让妈妈这么大年纪还为我操心着，我害了妈妈	0	0	0	0	0	0	0	0	1	0	0	0
我刚升职，这是领导对我能力的信任，我应该更加努力	0	0	0	0	0	0	0	0	0	0	0	0
我的妈妈就是典型的中国式家，用自己觉得好的方式教育孩子，让孩子走自己认为对的路，把孩子当成自己的私人财产而不是一个人	0	0	0	0	0	0	0	0	0	0	0	0
我只适合呆在我爸妈身边，我身什么也做不成	1	0	0	0	0	0	0	0	0	0	0	0
可能世界上所有父母都这样，一定是世界上所有父母都觉得自己的孩子不如别人吧	0	1	0	0	0	0	0	0	0	0	0	0
家里经济也太有限了吧，我未来的生活都将如此的拮据	0	1	0	0	0	0	0	0	0	0	0	0
他肯定会把我偏心这件事说出去，我的名声就会彻底没了！	1	0	0	0	0	0	0	0	0	0	0	0
我是一个缺爱的人，我只有不断靠近他才会让我感觉舒服	0	0	1	0	0	0	0	0	0	0	0	0
这样的加班似乎是没有尽头的，就像一个永无休止的痛苦循环。	0	1	0	0	0	0	0	0	0	0	0	0
我刚才吃的都是有虫子的菜？不行好恶心，赶紧找老板出来解释一下，受不了了。这家餐馆太糟糕了，简直是全城最差的餐馆。	0	0	0	0	0	1	0	0	0	0	0	0
我现在的痛苦都是因为我小时候吃太多，才会从小就这么胖，我变成这样也是我活该。	0	0	0	0	0	0	0	0	1	0	0	0
我要怎样做才能不失去这个朋友	1	0	0	0	0	0	0	0	0	0	0	0
有时候看到她为了自己的未来这么努力，感觉自己就是一坨扶不上墙的烂泥	0	0	0	0	0	0	0	0	0	0	0	0
她们有了对象之后就不会再把感情的重心都放在我身上了，我们会渐行渐远	0	0	0	0	1	0	0	0	0	0	0	0
刚刚他来闹的时候旁边还有很多人，他们肯定都在心里怀疑我的医术和道德，明面上没有说出来罢了	0	0	0	1	0	0	0	0	0	0	0	0
都是我，要不是我自己出去，还喝那么多酒，怎么会被带走，要不是我自己和家人置气，一切源于我，源于我。	0	0	0	0	0	0	0	0	1	0	0	0
像她那个地方的人啊，就是又懒又愚昧，跟她一点都讲不通道理的，还不知道怎么考上大学的呢	0	1	0	0	0	0	0	0	0	0	0	0
卡车不溅别人就溅我，我可真是走狗屎运了	0	0	0	0	0	0	0	0	0	0	0	0
我感觉自己没有做到一个子女应尽的责任，让父亲这么生气，我真是一个不孝顺的孩子。	0	0	1	0	0	0	0	0	0	0	0	0
每天的压力都好大，我喘不过气了，好想去死啊	1	0	0	0	0	0	0	0	0	0	0	0
我就是不适合写方案的人，我根本写不好	1	0	0	0	0	0	0	0	0	0	0	0
所有人都以为自己是孤独的，殊不知这样才是普遍的	0	1	0	0	0	0	0	0	0	0	0	0
我是我们小组负责做PPT的，让我们组长知道了，他肯定以后不会再把这种工作交给我，我将彻底失去价值。	0	0	0	0	1	0	0	0	0	0	0	0
我应该更加努力，提升自己让自己在下一次相同经历的时候能够不留遗憾	0	0	0	0	0	0	0	0	0	0	0	0
他妈的，每当我咽东西的时候，我的喉咙就疼得厉害，我想这就是我禁食的后果 	0	0	0	0	0	0	0	0	1	0	0	0
我就是个倒霉精，我们家被偷都是因为我	0	0	1	0	0	0	0	0	0	0	0	0
我一定犯下了什么错，不然怎么会受到如此惩罚。我，就是个罪人！	0	0	0	0	0	0	0	0	1	0	0	0
他就是个事儿妈！一点小事也要斤斤计较，吵个没完。	0	0	1	0	0	0	0	0	0	0	0	0
啊啊啊明明我想说的不是那个意思，但是出口意思就不对劲了，我可真是够废物！	0	0	1	0	0	0	0	0	0	0	0	0
我不清白了！被拍了裸照我还有什么尊严可言！完了，彻底完了，我已经脏了！	0	0	0	0	0	1	0	0	0	0	0	0
若能及早教导孩子，或许他的分数会有所提升，一切过错皆因我的疏忽。	0	0	0	0	0	0	0	0	1	0	0	0
我要回去取伞，但我时间都是估算好的，下雨不在我的计划内，我一整天都不会开心了	1	0	0	0	0	0	0	0	0	0	0	0
我要是个全能女友就不会让他这样烦恼了	0	0	0	0	0	1	0	0	0	0	0	0
我一向是个不合群的存在，对于大家来说。	0	0	1	0	0	0	0	0	0	0	0	0
我这样的家庭还配拥有什么理想，苟且地过了这辈子也就算了。	0	0	0	0	1	0	0	0	0	0	0	0
我和他之间的差距确实是存在的，如果他要拒绝我也是情理之中的事。	0	0	0	0	0	0	0	0	0	0	0	0
因为我出门导致了下雨，我对所有未带伞的人感到深深的歉意，我真不应该走出门。	0	0	0	0	0	0	0	0	1	0	0	0
没有什么是永恒的，没有人能陪我走到最后，我生来注定孤单一辈子	0	1	0	0	0	0	0	0	0	0	0	0
她怎么一直没找我，我有好多话想和她说啊，赶紧来找找我吧，我真的很需要你嘛	0	0	0	0	0	0	0	0	0	0	0	0
我未能参加社团活动，拒绝了部长的请求，他们的疏远可能就是对我不负责任的惩罚。	0	0	0	0	0	0	0	0	1	0	0	0
孩子一定很想我陪他，我做家长真是太失败了，连陪伴孩子成长都做不到，孩子的心理肯定会受到严重的影响，我根本不配当妈妈/爸爸。	0	0	0	0	0	0	0	0	1	0	0	0
我这么倒霉的人，当然是那种概率极小的绝症	0	0	0	0	1	0	0	0	0	0	0	0
这下全完了，我一点钱没有，还欠了那么多钱，我不如就从这跳下去一死了之。	1	0	0	0	0	0	0	0	0	0	0	0
我没能解决父母吵架的问题，我什么都不好。	0	0	0	0	0	1	0	0	0	0	0	0
因为距离问题，我和我的家人减少了联系，这样会让我们的关系淡化	0	0	0	0	0	0	0	0	0	0	0	0
婆婆就是看我不顺眼，想要彰显她的威严才这么说的	0	0	0	1	0	0	0	0	0	0	0	0
该死的狗，为了咬我一天天的就是在这里蹲点，好巧不巧我今天就从这里经过了，这狗真欠教训！	0	0	0	1	0	0	0	0	0	0	0	0
到现在也没想明白，给我再多的时间也没用，什么都不想选了。	1	0	0	0	0	0	0	0	0	0	0	0
医生都不知道是什么病，一定是治不好的疑难杂症，我一定快要死了。生活就是这样残酷，我注定要被病魔折磨直到生命的尽头。	0	0	0	0	0	0	0	0	0	0	0	0
没能治好患者都是我的错，我不是一个好医生，为什么我永远不够好呢？	0	0	0	0	0	0	0	0	1	0	0	0
明天试试睡前泡泡脚或者喝牛奶，尽量改善一下睡眠质量。	0	0	0	0	0	0	0	0	0	0	0	0
我多天真啊，还以为他能看在我住了这么长时间的份上宽限几天，没想到他是这种见利忘义的人	0	0	1	0	0	0	0	0	0	0	0	0
不出意外的话接下来老板一定就要辞退我然后全行业封杀我了，电视剧都是这么演的	1	0	0	0	0	0	0	0	0	0	0	0
我今天被狗咬了，真烦，这段时间一直都是坏运气，没有任何好事会发生	0	1	0	0	0	0	0	0	0	0	0	0
投资这个东西就是一个针对我来折磨我的工具，每一次都让我感到无尽的痛苦	0	1	0	0	0	0	0	0	0	0	0	0
我失眠了，明天妈妈又会生气的	0	0	0	0	0	0	0	0	0	0	0	0
要是让之前的同事知道我跳槽来这样一家公司，他们不得笑话死我啊	0	0	0	1	0	0	0	0	0	0	0	0
妻子收入比我高说明看上的不是我的钱是我这个人	0	0	0	0	0	0	0	0	0	0	0	0
唯一的女儿走了，我的人生还有什么盼头，到不如死了算了。	1	0	0	0	0	0	0	0	0	0	0	0
我太笨了，周围的人一个比一个聪明，我不应该和他们坐在同一个教室，只会拉低他们的水平	0	1	0	0	0	0	0	0	0	0	0	0
我简直胖的不得了，令人不忍直视，真是一头大肥猪	0	0	1	0	0	0	0	0	0	0	0	0
联系的少都怪他们不主动联系我	0	0	0	0	0	0	0	0	0	0	0	0
点个外卖都能被偷啊，我果然从来运气都没有好过哪怕亿点点	0	1	0	0	0	0	0	0	0	0	0	0
我的体重增加了这么多我要死了我的天啊，请现在杀了我。	0	0	0	0	0	1	0	0	0	0	0	0
就连给彩礼的钱我都拿不出来，我觉得我的人生是一场彻底的失败。	0	0	0	0	0	1	0	0	0	0	0	0
我不能再用手机了，现代社会的这些电子产品都是害人的东西！我不要再碰它们	0	1	0	0	0	0	0	0	0	0	0	0
失败的阴影似乎遮住了我，无论我做什么，都无法逃避这种感觉。	0	1	0	0	0	0	0	0	0	0	0	0
我将来工作不好我爸也会这样对我冷暴力，我这一生都将活在冷暴力的阴影下	0	1	0	0	0	0	0	0	0	0	0	0
我向他道歉，这次约会我错过了，但我保证，下次一定会出席。	0	0	0	0	0	0	0	0	0	0	0	0
我上辈子犯下了不可饶恕的错误，才会在这辈子遭遇如此事情。	0	0	0	0	0	0	0	0	1	0	0	0
我的成绩原来这么差的吗，是我过度自信了，看来我的成绩一直以来都这么差	1	0	0	0	0	0	0	0	0	0	0	0
我真是个傻子，衣服都能穿反了，我还能干啥啊	0	0	1	0	0	0	0	0	0	0	0	0
我已经这么细致地给他讲了，他还什么都不会，他以后考试也就只能考这么个分数了！	0	0	0	0	0	1	0	0	0	0	0	0
我一辈子也不能得到老师们的赞赏，会成为社会的废物	0	0	0	0	1	0	0	0	0	0	0	0
还是先和老板道个歉，确实是我做的不好	0	0	0	0	0	0	0	0	0	0	0	0
一定是我表现不够优秀，学习不够好，我家人才会给我这么少的钱，如果表现好一点，我的生活费肯定会更多。	0	0	0	0	0	1	0	0	0	0	0	0
好不容易来餐馆吃一次饭还碰到这种事，真倒霉	0	0	0	0	0	0	0	0	0	0	0	0
我都这么崩溃了，他们也应该明白自己做的不对吧，我们双方各退一步好了	0	0	0	0	0	0	0	0	0	0	0	0
我被我是唯一一个因为整个冠状病毒而感到沮丧/自杀的人吗？	0	0	1	0	0	0	0	0	0	0	0	0
被孤独和空虚惊醒，我在接下来的时间里只有崩溃和痛苦陪伴。	1	0	0	0	0	0	0	0	0	0	0	0
这么说话也太过分了，果然所有男人情商都很低	0	1	0	0	0	0	0	0	0	0	0	0
我的人生就像我的婚姻一样失败，我永远都不会得到幸福，因为我无法摆脱这个失败的婚姻。	0	0	0	0	1	0	0	0	0	0	0	0
我是不是之前惹到她了，完了完了，我做了什么对不起她的事她才对我态度这么差的。	0	0	0	0	0	0	0	0	1	0	0	0
HR说我不符合要求是骗我的，他怕我进了公司之后抢他的饭碗。	0	0	0	1	0	0	0	0	0	0	0	0
我就是个不孝的儿子，没能在父亲最后的时光里陪伴他左右。	0	0	1	0	0	0	0	0	0	0	0	0
我跟她吵架她肯定会联合别的舍友孤立我，到时候日子就难过了	0	0	0	0	1	0	0	0	0	0	0	0
先回家在父母那里住一段时间吧，这段时间得好好努力赚钱了，多少弥补房子的亏空。	0	0	0	0	0	0	0	0	0	0	0	0
吃了零食我就多做一组运动，把零食带来的热量消耗掉	0	0	0	0	0	0	0	0	0	0	0	0
前脚看病，后脚被人追着打，这就是医生的职业写照吧，真可悲。	0	1	0	0	0	0	0	0	0	0	0	0
连我最好的朋友都要离开我了，我真是废物啊	0	0	0	0	0	1	0	0	0	0	0	0
室友想卷死我，想让我焦虑的要命，他就见不得我好。	0	0	0	1	0	0	0	0	0	0	0	0
我是个不能得到疼爱的人，我会伤害身边的人。	0	0	1	0	0	0	0	0	0	0	0	0
大家不投票给我，因为我不好，我不配获得大家的选票。	0	0	0	0	0	0	0	0	1	0	0	0
每次交朋友都好麻烦，而且就像开盲盒，遇到奇怪的人就麻烦了，不想和他们认识啊	1	0	0	0	0	0	0	0	0	0	0	0
将这件事告诉母亲后，她崩溃的大哭，我却无法安慰到她，因为我的工作还不足以养活我们，我真是一个没用的孩子。	0	0	1	0	0	0	0	0	0	0	0	0
我一定要好好做项目，把握好这个机会，用实力让他们对自己刮目相看。	0	0	0	0	0	0	0	0	0	0	0	0
活着真失败，心情不好连个安慰我的人都没有	0	0	0	0	0	0	0	0	1	0	0	0
我是一个不负责任的母亲！	0	0	1	0	0	0	0	0	0	0	0	0
如果继续这样下去，我感觉自己即将被社会淘汰，可能会失去工作。	0	0	0	0	1	0	0	0	0	0	0	0
没办法，他今天确实是家里突发情况，亲人去世了，我就别打扰他了。	0	0	0	0	0	0	0	0	0	0	0	0
救命，我这把不会是要寄了吧，我可不行挂科啊，我确实复习了啊！	0	0	0	0	1	0	0	0	0	0	0	0
社团活动就是一个令人痛苦的、浪费时间的活动，我还不如什么也不做	0	1	0	0	0	0	0	0	0	0	0	0
每天都是加班，怎么别人就没有，老板对我有意见吧	0	0	0	1	0	0	0	0	0	0	0	0
家里人跟我联系较少，我在家里肯定是个小透明，我是一个不被大家关心的人。	0	0	1	0	0	0	0	0	0	0	0	0
好罪恶啊，我感觉我干了一件天大的错事，我是一个罪人	0	0	1	0	0	0	0	0	0	0	0	0
哎，总是这样痛下去可不是个办法，哪天找时间去一趟医院做个检查吧，看看怎么回事，心里也踏实	0	0	0	0	0	0	0	0	0	0	0	0
做他的学生真的倒大霉了，真晦气的早上	1	0	0	0	0	0	0	0	0	0	0	0
表达这么难，上台发言简直能要了我的命，表达就是很难的东西，我不可能掌握的。	0	1	0	0	0	0	0	0	0	0	0	0
我知道这都是我自己的错，这就是为什么我在7: 非歪曲或8岁时开始希望死亡，从那时起一直这样。	0	0	0	0	0	0	0	0	1	0	0	0
我真的太没有自控力了，如果我稍微控制自己也不会是这种情况，我恨我自己。	0	0	0	0	0	0	0	0	1	0	0	0
我无法与他们有效的沟通，他们似乎对我说的话充耳不闻，会将我所有的痛苦都看成是无关紧要的小事。 	0	0	0	0	1	0	0	0	0	0	0	0
我不相信我只考这点分，是不是老师批错了，还是老师故意给我打低分了？	0	0	0	0	0	0	0	0	0	0	0	0
我觉得自己像个失败者：我觉得自己像个失败者。 我不会像我的兄弟们那样去一个有声望的大学，我也不会像他们一样拥有直男，我感到很可怜	0	0	1	0	0	0	0	0	0	0	0	0
我所有的努力都白费了，我还是那个失败者，	0	0	0	0	0	1	0	0	0	0	0	0
我的这些家人一个个都冷漠至极，知道我大半夜会痛醒，只知道睡自己的	0	0	1	0	0	0	0	0	0	0	0	0
面对老师的尴尬，我深感责任全在我身，因为那是我的无力付出导致的困境。	0	0	0	0	0	0	0	0	1	0	0	0
领导看我不爽很久了吧，他就是想辞退我	0	0	0	1	0	0	0	0	0	0	0	0
我怎么这么笨啊，这点事都干不好，以后怎么可能会有成功的机会。	0	1	0	0	0	0	0	0	0	0	0	0
他整天想着让其他的舍友帮他跑腿，整天就知道在床上瘫着，真是条懒狗	0	0	1	0	0	0	0	0	0	0	0	0
等警察追回我损失的财物的时候我都七老八十了，我被偷走的东西一定找不回来了	0	0	0	0	1	0	0	0	0	0	0	0
我感到很寂寞，我应该和妻子沟通一下，让她给我们留一些时间	0	0	0	0	0	0	0	0	0	0	0	0
我学什么也学不进去，根本没法专注，我永远也没法学进去了。	0	1	0	0	0	0	0	0	0	0	0	0
因为我不擅长讨好上司，没有接受那些职场潜规则，我过于保守，所以我在公司总是被欺负。	0	0	0	0	0	0	0	0	1	0	0	0
我怎么总搞不清自己的定位，我天生的差生。	0	0	1	0	0	0	0	0	0	0	0	0
参加任何考试都会失败，我没法参加考试，参加了也不会有好结果的。	0	1	0	0	0	0	0	0	0	0	0	0
连我的父母都总是对我不满，我现在总是被丈夫责骂也是应该的，我就是一个失败的女儿和妻子	0	0	0	0	0	0	0	0	1	0	0	0
我只要乖乖听医生的话，按时吃药治疗，保持积极乐观的心态，病情是可以控制的	0	0	0	0	0	0	0	0	0	0	0	0
医生说的一定有他的道理，我最好还是谨遵医嘱，争取早日康复	0	0	0	0	0	0	0	0	0	0	0	0
是我最近太焦虑了，我连自己的心情都调节不好，现在又睡不好，陷入这种恶性循环还不都是自己造成的。我真的太失败了，是个完全没有用的人。	1	0	0	0	0	0	0	0	0	0	0	0
怎么一声不吭地就不来找我了呢？一定是有人和她说我的坏话了	0	0	0	1	0	0	0	0	0	0	0	0
我让父亲生气了，我做的所有事情都不行。	0	0	0	0	0	1	0	0	0	0	0	0
和家人联系少肯定都怪我，我就应该永远主动	0	0	0	0	0	0	0	0	1	0	0	0
我这种没礼貌的人会有人觉得我好吗？就这种人还能交到朋友？狗都不交	0	0	1	0	0	0	0	0	0	0	0	0
这次选择没选好，人身就会失败	0	0	0	1	0	0	0	0	0	0	0	0
我成绩差，我没有任何优点，我一无是处。	0	0	0	0	0	1	0	0	0	0	0	0
收入太低的我，只能过上现在这样的生活，真是太不足够了。	0	0	0	0	0	0	0	0	0	0	0	0
我今天晚上突然醒来，我感觉我以后都不可能再有好的睡眠了，我永远都会失眠。	0	1	0	0	0	0	0	0	0	0	0	0
最大的老板卷钱跑了，他肯定觉得我们这些公司员工都是一群被他玩弄于股掌之中的傻子	0	0	0	1	0	0	0	0	0	0	0	0
抑郁症又复发了吗，又是半夜醒来，我治不好了，我再也治不好了。没有人能帮助我，我注定要痛苦一生。	0	0	0	0	0	0	0	0	1	0	0	0
本来我对这个项目寄予厚望的，不过没关系，下次我会更仔细地选择其他的项目。	0	0	0	0	0	0	0	0	0	0	0	0
如果父母看不起我，我就完全是一个无用的人，我对世界没有任何贡献，我已经结束了。	0	0	0	0	0	1	0	0	0	0	0	0
我太崩溃了，我什么都干不下去，还不如发呆	0	0	0	0	0	1	0	0	0	0	0	0
哼，天下父母都一样，就是会偏心年长的孩子，觉得我们这样最小的孩子什么用都没用	0	1	0	0	0	0	0	0	0	0	0	0
我怎么突然醒了，我是不是精神出了什么问题	0	0	0	0	1	0	0	0	0	0	0	0
我不知道该怎么告诉妈妈这个消息，我很苦恼。	0	0	0	0	0	0	0	0	0	0	0	0
这家伙，下次谁还敢约他啊，估计也准不了点，本来就没多长时间能玩，他迟到就浪费了一半时间了。他就是个不守时的人。	0	1	0	0	0	0	0	0	0	0	0	0
我安慰她她却不高兴了，他一定是讨厌我了	0	0	0	1	0	0	0	0	0	0	0	0
最近工作还挺忙，没有关心她，有点对不起这个朋友	0	0	0	0	0	0	0	0	0	0	0	0
天气预报说明天晴天我就不带伞，我真是个不知道防患于未然的人	0	0	1	0	0	0	0	0	0	0	0	0
疾病不分昼夜地围绕着我，我已然成了一个病秧子了	0	0	1	0	0	0	0	0	0	0	0	0
我感觉自己被一些我无法摆脱的东西腐蚀了， 我正在成为一个我讨厌的人，但我无法阻止它。	1	0	0	0	0	0	0	0	0	0	0	0
我怎么又不舒服了，我都这么大了，怎么连自己都照顾不好，以后怎么照顾年迈的父母，我太无能了。	0	0	0	0	1	0	0	0	0	0	0	0
大家把工作都丢给我做，因为我家里穷又没见识，我不配和大家平起平坐。	0	0	0	0	0	0	0	0	1	0	0	0
父亲肯定也在怪我没有好好陪陪他，我只顾着上班了	0	0	0	1	0	0	0	0	0	0	0	0
虽然吵架了，但我们的友谊持续了这么多年，她就像我最亲密的家人一样，失去了她我都不知道该怎么活了	0	0	0	0	0	0	0	0	0	0	0	0
从今天开始，我要每天对着镜子念名人的演讲稿，锻炼我的表达能力！	0	0	0	0	0	0	0	0	0	0	0	0
跟那些美丽的人在一起时我只想找个角落躲起来，我害怕被对比，被嘲笑	0	0	0	1	0	0	0	0	0	0	0	0
留的青山在不怕没柴烧，我得振作	0	0	0	0	0	0	0	0	0	0	0	0
我觉得当个观众也挺好的，不然他们的才艺表演给谁看？还不是给他人看的。	0	0	0	0	0	0	0	0	0	0	0	0
明天一定不能犯懒了，我明天多订几个闹钟	0	0	0	0	0	0	0	0	0	0	0	0
我一辈子都逃不出这种生活，永远都会在这个无底洞里挣扎。	0	1	0	0	0	0	0	0	0	0	0	0
家人对我冷暴力是因为他们嫉妒我如此优秀。	0	0	0	1	0	0	0	0	0	0	0	0
自认倒霉吧，反正我投什么什么就衰气	1	0	0	0	0	0	0	0	0	0	0	0
谁愿意随便公开自己的秘密呢？这个世界难道真的没有尊重隐私的人吗？	0	1	0	0	0	0	0	0	0	0	0	0
给老家人怎么会给这么多钱，他八成是在外面养小三，找借口呢！	0	0	0	1	0	0	0	0	0	0	0	0
他们一定觉得我很没用，他们好不容易把我抚养长大，我却连为他们养老都做不到。我一定是让他们很失望的孩子。	0	0	0	1	0	0	0	0	0	0	0	0
我这么内向，还换到了一个新环境过孤独的生活，我真是不幸的人	0	0	1	0	0	0	0	0	0	0	0	0
这点小事都处理不好，那以后我工作了，遇见上司，同事，那么复杂的职场关系我能应付得来吗？	0	1	0	0	0	0	0	0	0	0	0	0
他们肯定都在背后议论我，觉得我不自爱	0	0	0	1	0	0	0	0	0	0	0	0
那些想给我照相的，一定是想骗我，给我拍裸照的！	0	0	0	1	0	0	0	0	0	0	0	0
上司就是针对我，他看我不顺眼就给我分配更多任务，一点都不公平	0	0	0	1	0	0	0	0	0	0	0	0
你们这些人都是冷血动物，连最亲爱的孩子都不爱，你们根本就不会爱别人！	0	0	1	0	0	0	0	0	0	0	0	0
这几天没有一天准时下班，完全失去了自己的生活，对周围的事情也麻木了	0	0	0	0	0	1	0	0	0	0	0	0
谁都有管不住自己的时候，现在开始继续努力减肥	0	0	0	0	0	0	0	0	0	0	0	0
我的抑郁让我怀疑一切，他竟然不接那个人电话，他是不是也不会接我电话，我希望有一种方法可以让我抛开这一切而不伤害任何其他人？	0	1	0	0	0	0	0	0	0	0	0	0
这样下去老师一定会觉得没有用功学习，他会讨厌我的	0	0	0	0	1	0	0	0	0	0	0	0
听说有肿瘤患者因为乐观心态而康复，我应该也要乐观面对。	0	0	0	0	0	0	0	0	0	0	0	0
我需要合理的增加体育运动，运动减脂	0	0	0	0	0	0	0	0	0	0	0	0
还是因为我表现得太差了，所以才没成功。	0	0	0	0	0	0	0	0	1	0	0	0
下这么大雨出个门真不方便，搞成这副样子，还好没穿我的新衣服出来。	0	0	0	0	0	0	0	0	0	0	0	0
得到了一个警醒，下次一定要好好收拾自己的东西。	0	0	0	0	0	0	0	0	0	0	0	0
竞争太激烈了，工作也不好找，考不上就回老家工地搬砖吧	0	1	0	0	0	0	0	0	0	0	0	0
他们肯定是故意不邀请我的	0	0	0	1	0	0	0	0	0	0	0	0
考研再紧张，也会有空闲的时候，要利用这些时间好好陪陪她，不要让她瞎担心。	0	0	0	0	0	0	0	0	0	0	0	0
我得发条朋友圈，提醒一下其他人，别跟我一样。	0	0	0	0	0	0	0	0	0	0	0	0
无能为力的我，连个PPT都不能正确保存！所有的辛勤努力都化为乌有，我就像是一个无法产出任何价值的机器，哪怕再怎么努力，结果都一事无成！	0	0	0	0	0	1	0	0	0	0	0	0
她不来找我吃饭了，我就是一个不招人喜欢的倒霉蛋	0	0	1	0	0	0	0	0	0	0	0	0
让我想想，应该是最近作息不规律导致的，我要好好保养。	0	0	0	0	0	0	0	0	0	0	0	0
不是亲生孩子还对我这么好，我以后一定要好好报答他们	0	0	0	0	0	0	0	0	0	0	0	0
我不是一个合格的老板，经营不好店面	0	0	1	0	0	0	0	0	0	0	0	0
这孩子学坏了，简直就像个街头不良少女，像是一个流落街头的小流氓，看她回来我不骂死她。	0	0	1	0	0	0	0	0	0	0	0	0
我的孩子没了，我的人生也没有意义了，我也不活了	0	0	0	0	0	1	0	0	0	0	0	0
我很焦虑，头很晕，感觉我什么都不会，生活太痛苦了，明天永远不会到来。	1	0	0	0	0	0	0	0	0	0	0	0
女生就是活该受罪，为什么男生没有月经，我为什么要是个女的？	1	0	0	0	0	0	0	0	0	0	0	0
自由应该属于我，毕竟我已经长大了，你没有权力过多干涉我。	0	0	0	0	0	0	0	0	0	0	0	0
他放了我鸽子，我很生气，我去找他问原因	0	0	0	0	0	0	0	0	0	0	0	0
他不会放我鸽子了吧，哈？等他来了，看我怎么揍他。	0	0	0	0	0	0	0	0	0	0	0	0
哼，老板他就是嫉妒我！我年轻有为，潜力巨大，迟早坐上他的位置！	0	0	0	1	0	0	0	0	0	0	0	0
合格的朋友一定会照顾好对方的情绪，我不是个合格的朋友	0	0	0	0	0	1	0	0	0	0	0	0
现在可能还没有任何进展，但只要我保持我的努力，我有信心能够圆满完成任务。	0	0	0	0	0	0	0	0	0	0	0	0
这次也考得这么差，高三估计只会更差，这孩子已经废了，我好绝望我以后连个能给我养老的人都没有。	0	1	0	0	0	0	0	0	0	0	0	0
我真的太没用了都这么大了还要父母操心，我根本不配做他们的孩子！	0	0	0	0	0	0	0	0	1	0	0	0
现在科技这么发达，心理治疗医师也越来越专业，一会儿就去楼下挂个专家号，配合治疗。	0	0	0	0	0	0	0	0	0	0	0	0
人的精力是有限的，她整天陪伴着孩子，太累了，我要好好爱她。	0	0	0	0	0	0	0	0	0	0	0	0
我写不出好的论文，我不能顺利毕业找工作了	0	0	0	0	0	0	0	0	0	0	0	0
跟他做朋友真累，这根本就是浪费我的时间	1	0	0	0	0	0	0	0	0	0	0	0
每当遭受领导的批评，我便将所有过错归咎于自己的无能之上。	0	0	0	0	0	0	0	0	1	0	0	0
连家里人都照顾不好，我就是个什么都做不好的废物	0	1	0	0	0	0	0	0	0	0	0	0
刚刚辛辛苦苦做那么久，全部白费了！真烦人！看来今晚少不了熬夜了。	0	0	0	0	0	0	0	0	0	0	0	0
我每天早上都没有精神，老师却责骂我为什么上课睡觉，他们一定认为我是一个熬夜的坏学生，我受到误解感到很委屈。	0	0	0	1	0	0	0	0	0	0	0	0
我所遇到的，总是一连串的不幸，我感觉生活是如此的无望。	1	0	0	0	0	0	0	0	0	0	0	0
我都暗示的这么明显了，也没有人来找我唠嗑，肯定是他们欺负我这个新来的！	0	0	0	1	0	0	0	0	0	0	0	0
我就是想吃这个蛋糕，我该怎么解决啊，我很崩溃	1	0	0	0	0	0	0	0	0	0	0	0
我今天应该吃顿好的，彻底放纵一回，这样就不会为了只吃一块小小的饼干而懊悔了	1	0	0	0	0	0	0	0	0	0	0	0
听说学区房就占一个地理优势，里边质量什么的都差远了，真是一个样子货	0	0	1	0	0	0	0	0	0	0	0	0
这事情要怎么跟父母说啊，说了他们肯定又会责备我，觉得都是我的错，说不定以后都限制我出门了	0	0	0	0	1	0	0	0	0	0	0	0
为什么别人不用加班，组长就是故意针对我，把他们的都给我了，然后独吞我的劳动成果。	0	0	0	1	0	0	0	0	0	0	0	0
这个卡车把我一天的好心情都毁了，没心情上班了，回去睡觉吧	1	0	0	0	0	0	0	0	0	0	0	0
他们那里聊的好开心，我也想加入，哎，但是我一过去肯定冷场，因为我就是一个不会说话的人。	0	0	1	0	0	0	0	0	0	0	0	0
这件事情你怎么可能这么想呢，这样的想法多么自私和冷漠，原来你是这样一个人，我看错你了	0	0	1	0	0	0	0	0	0	0	0	0
我总是这样，丢三落四的，根本就没有收拾！因为自己，丢了这样，丢了那样，都是我不好好收拾，才会丢了那些珍贵的回忆	0	0	0	0	0	0	0	0	1	0	0	0
明明这几天睡不着觉，还要嘴馋喝咖啡，我真是一个不长记性的人。	0	0	1	0	0	0	0	0	0	0	0	0
我独居在家里，没有人能照顾我，我是一个没人要的小孩，我孤独又无助。	0	0	1	0	0	0	0	0	0	0	0	0
当我的朋友们告诉我他们想念我时，我想他们只是对我从做那些疯狂的事到避开他们感到震惊。	0	0	0	0	1	0	0	0	0	0	0	0
我觉得父母并不爱我，朋友都有的东西他们却不愿意买给我，如果他们爱我才不会在乎钱。	0	0	0	0	1	0	0	0	0	0	0	0
蛋糕卖不出去，钱挣不到，还要掏水费电费，买面粉鸡蛋，花时间耗在这里，根本就是个傻子。	0	0	1	0	0	0	0	0	0	0	0	0
无所谓，反正这代码不是他写的，到时候问起来核心细节他答不上来，等着被清算吧。	0	0	0	0	0	0	0	0	0	0	0	0
老这么给人给钱，就这么给人白养一辈子！	0	0	0	0	0	1	0	0	0	0	0	0
患者没有被治好很生气，关乎生命的事嘛可以理解，但是也不能把错都怪罪到我头上吧	0	0	0	0	0	0	0	0	0	0	0	0
我把她当成朋友，她和我这么亲密却只是为了和我较劲然后超过我，我真是个蠢货	0	0	0	1	0	0	0	0	0	0	0	0
疫情之下生活总是这么困难，赚钱实在太难了，生活真苦。	0	1	0	0	0	0	0	0	0	0	0	0
到时候考不好会被别人看笑话吧，我会成为他们的笑柄	0	0	0	1	0	0	0	0	0	0	0	0
怎么成天到晚偏偏要我多干活，这种苦差事什么时候是个头啊，	0	1	0	0	0	0	0	0	0	0	0	0
反正和谁交流都会吵架，不如我一辈子都别说话了	0	1	0	0	0	0	0	0	0	0	0	0
我真是个蠢货，衣服正反都分不清楚，怪不得工作不顺、女神不爱！	0	0	1	0	0	0	0	0	0	0	0	0
我只能看着儿子跳水救人，但他自己没上来我却只能待在这轮椅上看着，我真是个废物父亲	0	0	1	0	0	0	0	0	0	0	0	0
我每天工作本来就很辛苦，回家还要面对我的家人们对我的不满抱怨与指责，我怎么这么倒霉，所有人都和我对着干！	0	1	0	0	0	0	0	0	0	0	0	0
矛盾真的是无法避免啊，婚姻就是坟墓·	0	0	1	0	0	0	0	0	0	0	0	0
我以后真的再也不想和他出来了，与其在这里傻等还不如从一开始就别约他出来	1	0	0	0	0	0	0	0	0	0	0	0
儿童的成长过程中会有这样的阶段，我需要以成熟的心态去引导他们，让他们更好地发展。	0	0	0	0	0	0	0	0	0	0	0	0
